payment_date,client_id,invoice_number,billing_entity,ar_account,currency,exchange_rate,amount,account,Location,transtype,comment,Card Reference,reasoncode,sepaprovider,invoice #,payment #,Memo
01/10/2025,99543,99543-TBN00001,Ndevor Systems Ltd : Phorest Australia,11010 Accounts Receivable : Trade Debtors,AUD,1.0,382.25,10130 Bank : CB current a/c AU$ # 411110236694,Australia,CARDSUCCESS,CARD PAYMENT : paysignupbycard,2.0,,ch_3SDG8ALrnBTnlT7b08VGLz1U,CPMT: 99543-TBN00001,CPMT: 99543-TBN00001-01/10/2025,
01/10/2025,99538,99538-TBN00001,Ndevor Systems Ltd : Phorest Australia,11010 Accounts Receivable : Trade Debtors,AUD,1.0,382.25,10130 Bank : CB current a/c AU$ # 411110236694,Australia,CARDSUCCESS,CARD PAYMENT : paysignupbycard,2.0,,ch_3SDE9mLrnBTnlT7b0FiWV6hG,CPMT: 99538-TBN00001,CPMT: 99538-TBN00001-01/10/2025,
01/10/2025,99562,99562-TBN00001,Ndevor Systems Ltd : Phorest Australia,11010 Accounts Receivable : Trade Debtors,AUD,1.0,382.25,10130 Bank : CB current a/c AU$ # 411110236694,Australia,CARDSUCCESS,CARD PAYMENT : paysignupbycard,2.0,,ch_3SDKETLrnBTnlT7b0xSTBEi7,CPMT: 99562-TBN00001,CPMT: 99562-TBN00001-01/10/2025,
03/10/2025,100046,100046-TBN00001,Ndevor Systems Ltd : Phorest Australia,11010 Accounts Receivable : Trade Debtors,AUD,1.0,382.25,10130 Bank : CB current a/c AU$ # 411110236694,Australia,CARDSUCCESS,CARD PAYMENT : paysignupbycard,2.0,,ch_3SE6WkLrnBTnlT7b081OyMfr,CPMT: 100046-TBN00001,CPMT: 100046-TBN00001-03/10/2025,
06/10/2025,100261,100261-TBN00001,Ndevor Systems Ltd : Phorest Australia,11010 Accounts Receivable : Trade Debtors,AUD,1.0,382.25,10130 Bank : CB current a/c AU$ # 411110236694,Australia,CARDSUCCESS,CARD PAYMENT : paysignupbycard,2.0,,ch_3SF4qBLrnBTnlT7b0J1lQp5J,CPMT: 100261-TBN00001,CPMT: 100261-TBN00001-06/10/2025,
07/10/2025,92706,92706-TBN00002,Ndevor Systems Ltd : Phorest Australia,11010 Accounts Receivable : Trade Debtors,AUD,1.0,54.45,10130 Bank : CB current a/c AU$ # 411110236694,Australia,MANUAL,CASHBOOK,2.0,,ch_3SFQJpLrnBTnlT7b0pC6XWzW,CPMT: 92706-TBN00002,CPMT: 92706-TBN00002-07/10/2025,
08/10/2025,51135,51135-TBN00048,Ndevor Systems Ltd : Phorest Australia,11010 Accounts Receivable : Trade Debtors,AUD,1.0,108.9,10130 Bank : CB current a/c AU$ # 411110236694,Australia,MANUAL,CASHBOOK,2.0,,ch_3SFpfJLrnBTnlT7b1rFBgRqF,CPMT: 51135-TBN00048,CPMT: 51135-TBN00048-08/10/2025,
08/10/2025,51134,51134-TBN00041,Ndevor Systems Ltd : Phorest Australia,11010 Accounts Receivable : Trade Debtors,AUD,1.0,108.9,10130 Bank : CB current a/c AU$ # 411110236694,Australia,MANUAL,CASHBOOK,2.0,,ch_3SFpflLrnBTnlT7b15qGtfUr,CPMT: 51134-TBN00041,CPMT: 51134-TBN00041-08/10/2025,
08/10/2025,51353,51353-TBN00054,Ndevor Systems Ltd : Phorest Australia,11010 Accounts Receivable : Trade Debtors,AUD,1.0,54.45,10130 Bank : CB current a/c AU$ # 411110236694,Australia,MANUAL,CASHBOOK,2.0,,ch_3SFpklLrnBTnlT7b1xMGZQXV,CPMT: 51353-TBN00054,CPMT: 51353-TBN00054-08/10/2025,
08/10/2025,58731,58731-TBN00035,Ndevor Systems Ltd : Phorest Australia,11010 Accounts Receivable : Trade Debtors,AUD,1.0,54.45,10130 Bank : CB current a/c AU$ # 411110236694,Australia,MANUAL,CASHBOOK,2.0,,ch_3SFplWLrnBTnlT7b0GZAU0Sp,CPMT: 58731-TBN00035,CPMT: 58731-TBN00035-08/10/2025,
09/10/2025,94922,94922-TBN00003,Ndevor Systems Ltd : Phorest Australia,11010 Accounts Receivable : Trade Debtors,AUD,1.0,108.9,10130 Bank : CB current a/c AU$ # 411110236694,Australia,CARDSUCCESS,CARD PAYMENT : PhorestPay Terminal Order,2.0,,ch_3SG9hULrnBTnlT7b0vBkFJ3m,CPMT: 94922-TBN00003,CPMT: 94922-TBN00003-09/10/2025,
11/10/2025,100910,100910-TBN00001,Ndevor Systems Ltd : Phorest Australia,11010 Accounts Receivable : Trade Debtors,AUD,1.0,382.25,10130 Bank : CB current a/c AU$ # 411110236694,Australia,CARDSUCCESS,CARD PAYMENT : paysignupbycard,2.0,,ch_3SGsbzLrnBTnlT7b0UJLR4vj,CPMT: 100910-TBN00001,CPMT: 100910-TBN00001-11/10/2025,
13/10/2025,101054,101054-TBN00001,Ndevor Systems Ltd : Phorest Australia,11010 Accounts Receivable : Trade Debtors,AUD,1.0,382.25,10130 Bank : CB current a/c AU$ # 411110236694,Australia,CARDSUCCESS,CARD PAYMENT : paysignupbycard,2.0,,ch_3SHsteLrnBTnlT7b1aTHRkHg,CPMT: 101054-TBN00001,CPMT: 101054-TBN00001-13/10/2025,
13/10/2025,71654,71654-TBN00022,Ndevor Systems Ltd : Phorest Australia,11010 Accounts Receivable : Trade Debtors,AUD,1.0,108.9,10130 Bank : CB current a/c AU$ # 411110236694,Australia,MANUAL,CASHBOOK,2.0,,ch_3SHucqLrnBTnlT7b0oqaBOwn,CPMT: 71654-TBN00022,CPMT: 71654-TBN00022-13/10/2025,
13/10/2025,96495,96495-TBN00003,Ndevor Systems Ltd : Phorest Australia,11010 Accounts Receivable : Trade Debtors,AUD,1.0,108.9,10130 Bank : CB current a/c AU$ # 411110236694,Australia,MANUAL,CASHBOOK,2.0,,ch_3SHu4iLrnBTnlT7b1AHU1oRV,CPMT: 96495-TBN00003,CPMT: 96495-TBN00003-13/10/2025,
13/10/2025,100046,100046-TBN00002,Ndevor Systems Ltd : Phorest Australia,11010 Accounts Receivable : Trade Debtors,AUD,1.0,108.9,10130 Bank : CB current a/c AU$ # 411110236694,Australia,MANUAL,CASHBOOK,2.0,,ch_3SHu4CLrnBTnlT7b0c8kFdWR,CPMT: 100046-TBN00002,CPMT: 100046-TBN00002-13/10/2025,
13/10/2025,100967,100967-TBN00001,Ndevor Systems Ltd : Phorest Australia,11010 Accounts Receivable : Trade Debtors,AUD,1.0,217.25,10130 Bank : CB current a/c AU$ # 411110236694,Australia,CARDSUCCESS,CARD PAYMENT : paysignupbycard,2.0,,ch_3SHZfxLrnBTnlT7b0T5JpOLY,CPMT: 100967-TBN00001,CPMT: 100967-TBN00001-13/10/2025,
13/10/2025,100977,100977-TBN00001,Ndevor Systems Ltd : Phorest Australia,11010 Accounts Receivable : Trade Debtors,AUD,1.0,272.25,10130 Bank : CB current a/c AU$ # 411110236694,Australia,CARDSUCCESS,CARD PAYMENT : paysignupbycard,2.0,,ch_3SHcqVLrnBTnlT7b1fwEQeNO,CPMT: 100977-TBN00001,CPMT: 100977-TBN00001-13/10/2025,
13/10/2025,100970,100970-TBN00001,Ndevor Systems Ltd : Phorest Australia,11010 Accounts Receivable : Trade Debtors,AUD,1.0,217.25,10130 Bank : CB current a/c AU$ # 411110236694,Australia,CARDSUCCESS,CARD PAYMENT : paysignupbycard,2.0,,ch_3SHaoXLrnBTnlT7b0TYJnnlF,CPMT: 100970-TBN00001,CPMT: 100970-TBN00001-13/10/2025,
13/10/2025,100980,100980-TBN00001,Ndevor Systems Ltd : Phorest Australia,11010 Accounts Receivable : Trade Debtors,AUD,1.0,382.25,10130 Bank : CB current a/c AU$ # 411110236694,Australia,CARDSUCCESS,CARD PAYMENT : paysignupbycard,2.0,,ch_3SHi4VLrnBTnlT7b1I3oz2fF,CPMT: 100980-TBN00001,CPMT: 100980-TBN00001-13/10/2025,
14/10/2025,58414,58414-DDI00039,Ndevor Systems Ltd : Phorest Australia,11010 Accounts Receivable : Trade Debtors,AUD,1.0,249.26,10130 Bank : CB current a/c AU$ # 411110236694,Australia,CARDSUCCESS,DDCARD PAYMENT:MESDDDP1AK4X84174YU31,2.0,,ch_3SIABcLrnBTnlT7b1I3S7j67,CPMT: 58414-DDI00039,CPMT: 58414-DDI00039-14/10/2025,
14/10/2025,58684,58684-DDI00038,Ndevor Systems Ltd : Phorest Australia,11010 Accounts Receivable : Trade Debtors,AUD,1.0,439.81,10130 Bank : CB current a/c AU$ # 411110236694,Australia,CARDSUCCESS,DDCARD PAYMENT:MESDDD156OG6P9EPZ22NI,2.0,,ch_3SIABjLrnBTnlT7b1HDfxZw8,CPMT: 58684-DDI00038,CPMT: 58684-DDI00038-14/10/2025,
14/10/2025,58623,58623-DDI00037,Ndevor Systems Ltd : Phorest Australia,11010 Accounts Receivable : Trade Debtors,AUD,1.0,556.95,10130 Bank : CB current a/c AU$ # 411110236694,Australia,CARDSUCCESS,DDCARD PAYMENT:MESDDDE3LN673E532QTS7,2.0,,ch_3SIABfLrnBTnlT7b1eBfDNEj,CPMT: 58623-DDI00037,CPMT: 58623-DDI00037-14/10/2025,
14/10/2025,58643,58643-DDI00038,Ndevor Systems Ltd : Phorest Australia,11010 Accounts Receivable : Trade Debtors,AUD,1.0,453.74,10130 Bank : CB current a/c AU$ # 411110236694,Australia,CARDSUCCESS,DDCARD PAYMENT:MESDDD8Q30KA383RX5284,2.0,,ch_3SIABhLrnBTnlT7b1M9yG2Ql,CPMT: 58643-DDI00038,CPMT: 58643-DDI00038-14/10/2025,
14/10/2025,58711,58711-DDI00040,Ndevor Systems Ltd : Phorest Australia,11010 Accounts Receivable : Trade Debtors,AUD,1.0,455.36,10130 Bank : CB current a/c AU$ # 411110236694,Australia,CARDSUCCESS,DDCARD PAYMENT:MESDDD3E86WHQ82OVVRW4,2.0,,ch_3SIABnLrnBTnlT7b0BAK2RRB,CPMT: 58711-DDI00040,CPMT: 58711-DDI00040-14/10/2025,
14/10/2025,56021,56021-DDI00025,Ndevor Systems Ltd : Phorest Australia,11010 Accounts Receivable : Trade Debtors,AUD,1.0,258.76,10130 Bank : CB current a/c AU$ # 411110236694,Australia,CARDSUCCESS,DDCARD PAYMENT:MESDDDU3T6WOD3NVQ869X,2.0,,ch_3SIAA6LrnBTnlT7b0YztpqU8,CPMT: 56021-DDI00025,CPMT: 56021-DDI00025-14/10/2025,
14/10/2025,58847,58847-DDI00038,Ndevor Systems Ltd : Phorest Australia,11010 Accounts Receivable : Trade Debtors,AUD,1.0,526.97,10130 Bank : CB current a/c AU$ # 411110236694,Australia,CARDSUCCESS,DDCARD PAYMENT:MESDDDIYX4NMK3ERZ1OFA,2.0,,ch_3SIABsLrnBTnlT7b1FYahj0h,CPMT: 58847-DDI00038,CPMT: 58847-DDI00038-14/10/2025,
14/10/2025,58881,58881-DDI00037,Ndevor Systems Ltd : Phorest Australia,11010 Accounts Receivable : Trade Debtors,AUD,1.0,433.55,10130 Bank : CB current a/c AU$ # 411110236694,Australia,CARDSUCCESS,DDCARD PAYMENT:MESDDD743N10HQ7417CGU,2.0,,ch_3SIABuLrnBTnlT7b0Usup5Be,CPMT: 58881-DDI00037,CPMT: 58881-DDI00037-14/10/2025,
14/10/2025,58958,58958-DDI00039,Ndevor Systems Ltd : Phorest Australia,11010 Accounts Receivable : Trade Debtors,AUD,1.0,338.8,10130 Bank : CB current a/c AU$ # 411110236694,Australia,CARDSUCCESS,DDCARD PAYMENT:MESDDD1S2U97RVYR3R9EU,2.0,,ch_3SIABxLrnBTnlT7b0vEWVnso,CPMT: 58958-DDI00039,CPMT: 58958-DDI00039-14/10/2025,
14/10/2025,58130,58130-DDI00045,Ndevor Systems Ltd : Phorest Australia,11010 Accounts Receivable : Trade Debtors,AUD,1.0,190.12,10130 Bank : CB current a/c AU$ # 411110236694,Australia,CARDSUCCESS,DDCARD PAYMENT:MESDDDFZY46J8341T5AH8,2.0,,ch_3SIABXLrnBTnlT7b0N0qglgW,CPMT: 58130-DDI00045,CPMT: 58130-DDI00045-14/10/2025,
14/10/2025,58809,58809-DDI00035,Ndevor Systems Ltd : Phorest Australia,11010 Accounts Receivable : Trade Debtors,AUD,1.0,635.61,10130 Bank : CB current a/c AU$ # 411110236694,Australia,CARDSUCCESS,DDCARD PAYMENT:MESDDD3123A5H55736J81,2.0,,ch_3SIABqLrnBTnlT7b0JuX6Kep,CPMT: 58809-DDI00035,CPMT: 58809-DDI00035-14/10/2025,
14/10/2025,58104,58104-DDI00039,Ndevor Systems Ltd : Phorest Australia,11010 Accounts Receivable : Trade Debtors,AUD,1.0,465.3,10130 Bank : CB current a/c AU$ # 411110236694,Australia,CARDSUCCESS,DDCARD PAYMENT:MESDDDRWP1N16S4LL7EHR,2.0,,ch_3SIABRLrnBTnlT7b1QQvL8NM,CPMT: 58104-DDI00039,CPMT: 58104-DDI00039-14/10/2025,
14/10/2025,58098,58098-DDI00041,Ndevor Systems Ltd : Phorest Australia,11010 Accounts Receivable : Trade Debtors,AUD,1.0,306.9,10130 Bank : CB current a/c AU$ # 411110236694,Australia,CARDSUCCESS,DDCARD PAYMENT:MESDDDD0H22PP4R7P3DM1,2.0,,ch_3SIABPLrnBTnlT7b1THouA7O,CPMT: 58098-DDI00041,CPMT: 58098-DDI00041-14/10/2025,
14/10/2025,55920,55920-DDI00048,Ndevor Systems Ltd : Phorest Australia,11010 Accounts Receivable : Trade Debtors,AUD,1.0,407.0,10130 Bank : CB current a/c AU$ # 411110236694,Australia,CARDSUCCESS,DDCARD PAYMENT:MESDDDSQGB73NDQ4N1C3R,2.0,,ch_3SIAA1LrnBTnlT7b1f3LXq4q,CPMT: 55920-DDI00048,CPMT: 55920-DDI00048-14/10/2025,
14/10/2025,56023,56023-DDI00048,Ndevor Systems Ltd : Phorest Australia,11010 Accounts Receivable : Trade Debtors,AUD,1.0,266.82,10130 Bank : CB current a/c AU$ # 411110236694,Australia,CARDSUCCESS,DDCARD PAYMENT:MESDDD729JG5F1V8380U3,2.0,,ch_3SIAA9LrnBTnlT7b0qgym44r,CPMT: 56023-DDI00048,CPMT: 56023-DDI00048-14/10/2025,
14/10/2025,56198,56198-DDI00042,Ndevor Systems Ltd : Phorest Australia,11010 Accounts Receivable : Trade Debtors,AUD,1.0,322.71,10130 Bank : CB current a/c AU$ # 411110236694,Australia,CARDSUCCESS,DDCARD PAYMENT:MESDDD11078V8O467C380,2.0,,ch_3SIAABLrnBTnlT7b1DNXDNCK,CPMT: 56198-DDI00042,CPMT: 56198-DDI00042-14/10/2025,
14/10/2025,56420,56420-DDI00047,Ndevor Systems Ltd : Phorest Australia,11010 Accounts Receivable : Trade Debtors,AUD,1.0,396.29,10130 Bank : CB current a/c AU$ # 411110236694,Australia,CARDSUCCESS,DDCARD PAYMENT:MESDDD3SSA92OV9S04S4L,2.0,,ch_3SIAADLrnBTnlT7b1N4Ir6XJ,CPMT: 56420-DDI00047,CPMT: 56420-DDI00047-14/10/2025,
14/10/2025,56422,56422-DDI00046,Ndevor Systems Ltd : Phorest Australia,11010 Accounts Receivable : Trade Debtors,AUD,1.0,427.5,10130 Bank : CB current a/c AU$ # 411110236694,Australia,CARDSUCCESS,DDCARD PAYMENT:MESDDDYVADAQK1PSQ8OK1,2.0,,ch_3SIAAGLrnBTnlT7b0nS8HgaK,CPMT: 56422-DDI00046,CPMT: 56422-DDI00046-14/10/2025,
14/10/2025,56429,56429-DDI00025,Ndevor Systems Ltd : Phorest Australia,11010 Accounts Receivable : Trade Debtors,AUD,1.0,194.61,10130 Bank : CB current a/c AU$ # 411110236694,Australia,CARDSUCCESS,DDCARD PAYMENT:MESDDD0C9500A3WCQJ5Y1,2.0,,ch_3SIAAILrnBTnlT7b19Y2YnPu,CPMT: 56429-DDI00025,CPMT: 56429-DDI00025-14/10/2025,
14/10/2025,56544,56544-DDI00043,Ndevor Systems Ltd : Phorest Australia,11010 Accounts Receivable : Trade Debtors,AUD,1.0,683.78,10130 Bank : CB current a/c AU$ # 411110236694,Australia,CARDSUCCESS,DDCARD PAYMENT:MESDDD52N9JLP1KMODIX2,2.0,,ch_3SIAAKLrnBTnlT7b1tOOxZ0O,CPMT: 56544-DDI00043,CPMT: 56544-DDI00043-14/10/2025,
14/10/2025,56554,56554-DDI00043,Ndevor Systems Ltd : Phorest Australia,11010 Accounts Receivable : Trade Debtors,AUD,1.0,176.79,10130 Bank : CB current a/c AU$ # 411110236694,Australia,CARDSUCCESS,DDCARD PAYMENT:MESDDDF714584CWQM4YM7,2.0,,ch_3SIAANLrnBTnlT7b1e52jMFs,CPMT: 56554-DDI00043,CPMT: 56554-DDI00043-14/10/2025,
14/10/2025,56589,56589-DDI00022,Ndevor Systems Ltd : Phorest Australia,11010 Accounts Receivable : Trade Debtors,AUD,1.0,543.74,10130 Bank : CB current a/c AU$ # 411110236694,Australia,CARDSUCCESS,DDCARD PAYMENT:MESDDD4885QVJR5G9I159,2.0,,ch_3SIAAPLrnBTnlT7b0naWJcYo,CPMT: 56589-DDI00022,CPMT: 56589-DDI00022-14/10/2025,
14/10/2025,56609,56609-DDI00022,Ndevor Systems Ltd : Phorest Australia,11010 Accounts Receivable : Trade Debtors,AUD,1.0,343.09,10130 Bank : CB current a/c AU$ # 411110236694,Australia,CARDSUCCESS,DDCARD PAYMENT:MESDDD99GKW06LOC9563N,2.0,,ch_3SIAASLrnBTnlT7b1clDuguN,CPMT: 56609-DDI00022,CPMT: 56609-DDI00022-14/10/2025,
14/10/2025,56644,56644-DDI00020,Ndevor Systems Ltd : Phorest Australia,11010 Accounts Receivable : Trade Debtors,AUD,1.0,269.27,10130 Bank : CB current a/c AU$ # 411110236694,Australia,CARDSUCCESS,DDCARD PAYMENT:MESDDDRX43Q5A306B3STC,2.0,,ch_3SIAAULrnBTnlT7b1wTFZIiq,CPMT: 56644-DDI00020,CPMT: 56644-DDI00020-14/10/2025,
14/10/2025,56648,56648-DDI00032,Ndevor Systems Ltd : Phorest Australia,11010 Accounts Receivable : Trade Debtors,AUD,1.0,296.16,10130 Bank : CB current a/c AU$ # 411110236694,Australia,CARDSUCCESS,DDCARD PAYMENT:MESDDD9XX83AZ9602P6O9,2.0,,ch_3SIAAXLrnBTnlT7b1fWnipWy,CPMT: 56648-DDI00032,CPMT: 56648-DDI00032-14/10/2025,
14/10/2025,56654,56654-DDI00047,Ndevor Systems Ltd : Phorest Australia,11010 Accounts Receivable : Trade Debtors,AUD,1.0,265.98,10130 Bank : CB current a/c AU$ # 411110236694,Australia,CARDSUCCESS,DDCARD PAYMENT:MESDDD3KR547D4CKL655E,2.0,,ch_3SIAAZLrnBTnlT7b0tCjG75i,CPMT: 56654-DDI00047,CPMT: 56654-DDI00047-14/10/2025,
14/10/2025,56656,56656-DDI00041,Ndevor Systems Ltd : Phorest Australia,11010 Accounts Receivable : Trade Debtors,AUD,1.0,373.85,10130 Bank : CB current a/c AU$ # 411110236694,Australia,CARDSUCCESS,DDCARD PAYMENT:MESDDD69M8698IGVZQCCN,2.0,,ch_3SIAAcLrnBTnlT7b0kf5t4xk,CPMT: 56656-DDI00041,CPMT: 56656-DDI00041-14/10/2025,
14/10/2025,56674,56674-DDI00042,Ndevor Systems Ltd : Phorest Australia,11010 Accounts Receivable : Trade Debtors,AUD,1.0,379.56,10130 Bank : CB current a/c AU$ # 411110236694,Australia,CARDSUCCESS,DDCARD PAYMENT:MESDDD3LQ863MJ1R971GI,2.0,,ch_3SIAAeLrnBTnlT7b11sVJbMT,CPMT: 56674-DDI00042,CPMT: 56674-DDI00042-14/10/2025,
14/10/2025,56676,56676-DDI00023,Ndevor Systems Ltd : Phorest Australia,11010 Accounts Receivable : Trade Debtors,AUD,1.0,129.8,10130 Bank : CB current a/c AU$ # 411110236694,Australia,CARDSUCCESS,DDCARD PAYMENT:MESDDD7L7J7FKG8240F1T,2.0,,ch_3SIAAgLrnBTnlT7b1uAn16t3,CPMT: 56676-DDI00023,CPMT: 56676-DDI00023-14/10/2025,
14/10/2025,56848,56848-DDI00044,Ndevor Systems Ltd : Phorest Australia,11010 Accounts Receivable : Trade Debtors,AUD,1.0,242.88,10130 Bank : CB current a/c AU$ # 411110236694,Australia,CARDSUCCESS,DDCARD PAYMENT:MESDDD2A8BF1FNPHYA35D,2.0,,ch_3SIAAiLrnBTnlT7b0o5Z4Fba,CPMT: 56848-DDI00044,CPMT: 56848-DDI00044-14/10/2025,
14/10/2025,57015,57015-DDI00042,Ndevor Systems Ltd : Phorest Australia,11010 Accounts Receivable : Trade Debtors,AUD,1.0,317.9,10130 Bank : CB current a/c AU$ # 411110236694,Australia,CARDSUCCESS,DDCARD PAYMENT:MESDDDA7HPW7663680MCT,2.0,,ch_3SIAAqLrnBTnlT7b0nrqeSNa,CPMT: 57015-DDI00042,CPMT: 57015-DDI00042-14/10/2025,
14/10/2025,57282,57282-DDI00042,Ndevor Systems Ltd : Phorest Australia,11010 Accounts Receivable : Trade Debtors,AUD,1.0,415.17,10130 Bank : CB current a/c AU$ # 411110236694,Australia,CARDSUCCESS,DDCARD PAYMENT:MESDDD459T9Z4XOZY9999,2.0,,ch_3SIAAwLrnBTnlT7b0YhQo3Yu,CPMT: 57282-DDI00042,CPMT: 57282-DDI00042-14/10/2025,
14/10/2025,57347,57347-DDI00043,Ndevor Systems Ltd : Phorest Australia,11010 Accounts Receivable : Trade Debtors,AUD,1.0,433.4,10130 Bank : CB current a/c AU$ # 411110236694,Australia,CARDSUCCESS,DDCARD PAYMENT:MESDDDC99MABB0RQ94ZYJ,2.0,,ch_3SIAAyLrnBTnlT7b0b9sbU2J,CPMT: 57347-DDI00043,CPMT: 57347-DDI00043-14/10/2025,
14/10/2025,57401,57401-DDI00041,Ndevor Systems Ltd : Phorest Australia,11010 Accounts Receivable : Trade Debtors,AUD,1.0,304.7,10130 Bank : CB current a/c AU$ # 411110236694,Australia,CARDSUCCESS,DDCARD PAYMENT:MESDDD9R5V74Q2N0K5QG9,2.0,,ch_3SIAB0LrnBTnlT7b1TZGigG2,CPMT: 57401-DDI00041,CPMT: 57401-DDI00041-14/10/2025,
14/10/2025,57432,57432-DDI00021,Ndevor Systems Ltd : Phorest Australia,11010 Accounts Receivable : Trade Debtors,AUD,1.0,720.15,10130 Bank : CB current a/c AU$ # 411110236694,Australia,CARDSUCCESS,DDCARD PAYMENT:MESDDD9S849M1WWOJ6861,2.0,,ch_3SIAB3LrnBTnlT7b1ZqJZzdF,CPMT: 57432-DDI00021,CPMT: 57432-DDI00021-14/10/2025,
14/10/2025,57613,57613-DDI00039,Ndevor Systems Ltd : Phorest Australia,11010 Accounts Receivable : Trade Debtors,AUD,1.0,457.44,10130 Bank : CB current a/c AU$ # 411110236694,Australia,CARDSUCCESS,DDCARD PAYMENT:MESDDD28P6WQ49ES29GWK,2.0,,ch_3SIAB6LrnBTnlT7b0gBdEGra,CPMT: 57613-DDI00039,CPMT: 57613-DDI00039-14/10/2025,
14/10/2025,57634,57634-DDI00023,Ndevor Systems Ltd : Phorest Australia,11010 Accounts Receivable : Trade Debtors,AUD,1.0,172.7,10130 Bank : CB current a/c AU$ # 411110236694,Australia,CARDSUCCESS,DDCARD PAYMENT:MESDDD715R14EOIIS0SA6,2.0,,ch_3SIAB8LrnBTnlT7b17uBAJw6,CPMT: 57634-DDI00023,CPMT: 57634-DDI00023-14/10/2025,
14/10/2025,57766,57766-DDI00036,Ndevor Systems Ltd : Phorest Australia,11010 Accounts Receivable : Trade Debtors,AUD,1.0,419.25,10130 Bank : CB current a/c AU$ # 411110236694,Australia,CARDSUCCESS,DDCARD PAYMENT:MESDDD35XF9C7E9WT0882,2.0,,ch_3SIABDLrnBTnlT7b1ReDm3Ps,CPMT: 57766-DDI00036,CPMT: 57766-DDI00036-14/10/2025,
14/10/2025,57769,57769-DDI00035,Ndevor Systems Ltd : Phorest Australia,11010 Accounts Receivable : Trade Debtors,AUD,1.0,191.18,10130 Bank : CB current a/c AU$ # 411110236694,Australia,CARDSUCCESS,DDCARD PAYMENT:MESDDD10JBIVKJW70H5ER,2.0,,ch_3SIABFLrnBTnlT7b0LTG9AdO,CPMT: 57769-DDI00035,CPMT: 57769-DDI00035-14/10/2025,
14/10/2025,57823,57823-DDI00041,Ndevor Systems Ltd : Phorest Australia,11010 Accounts Receivable : Trade Debtors,AUD,1.0,808.07,10130 Bank : CB current a/c AU$ # 411110236694,Australia,CARDSUCCESS,DDCARD PAYMENT:MESDDDGY0UISBHB3LNWND,2.0,,ch_3SIABILrnBTnlT7b1QnB2zVz,CPMT: 57823-DDI00041,CPMT: 57823-DDI00041-14/10/2025,
14/10/2025,57828,57828-DDI00039,Ndevor Systems Ltd : Phorest Australia,11010 Accounts Receivable : Trade Debtors,AUD,1.0,371.7,10130 Bank : CB current a/c AU$ # 411110236694,Australia,CARDSUCCESS,DDCARD PAYMENT:MESDDD4QRI34W2F5UH955,2.0,,ch_3SIABKLrnBTnlT7b15Eh34it,CPMT: 57828-DDI00039,CPMT: 57828-DDI00039-14/10/2025,
14/10/2025,55928,55928-DDI00051,Ndevor Systems Ltd : Phorest Australia,11010 Accounts Receivable : Trade Debtors,AUD,1.0,471.47,10130 Bank : CB current a/c AU$ # 411110236694,Australia,CARDSUCCESS,DDCARD PAYMENT:MESDDD01TT2529IXJ76U7,2.0,,ch_3SIAA4LrnBTnlT7b16AKJ5PY,CPMT: 55928-DDI00051,CPMT: 55928-DDI00051-14/10/2025,
14/10/2025,57977,57977-DDI00038,Ndevor Systems Ltd : Phorest Australia,11010 Accounts Receivable : Trade Debtors,AUD,1.0,357.31,10130 Bank : CB current a/c AU$ # 411110236694,Australia,CARDSUCCESS,DDCARD PAYMENT:MESDDD8226FFEU4DTY459,2.0,,ch_3SIABNLrnBTnlT7b0JmEKpun,CPMT: 57977-DDI00038,CPMT: 57977-DDI00038-14/10/2025,
14/10/2025,48826,48826-DDI00061,Ndevor Systems Ltd : Phorest Australia,11010 Accounts Receivable : Trade Debtors,AUD,1.0,453.2,10130 Bank : CB current a/c AU$ # 411110236694,Australia,CARDSUCCESS,DDCARD PAYMENT:MESDDDK0XV856U3O74K3Q,2.0,,ch_3SIA6JLrnBTnlT7b0TUpEeeB,CPMT: 48826-DDI00061,CPMT: 48826-DDI00061-14/10/2025,
14/10/2025,58978,58978-DDI00036,Ndevor Systems Ltd : Phorest Australia,11010 Accounts Receivable : Trade Debtors,AUD,1.0,373.57,10130 Bank : CB current a/c AU$ # 411110236694,Australia,CARDSUCCESS,DDCARD PAYMENT:MESDDDYKQ2W98UC6LDR9W,2.0,,ch_3SIABzLrnBTnlT7b1zYqj3oj,CPMT: 58978-DDI00036,CPMT: 58978-DDI00036-14/10/2025,
14/10/2025,60711,60711-DDI00032,Ndevor Systems Ltd : Phorest Australia,11010 Accounts Receivable : Trade Debtors,AUD,1.0,447.01,10130 Bank : CB current a/c AU$ # 411110236694,Australia,CARDSUCCESS,DDCARD PAYMENT:MESDDDH3GGFXUX5Y9J8MG,2.0,,ch_3SIADVLrnBTnlT7b1uX8ht3A,CPMT: 60711-DDI00032,CPMT: 60711-DDI00032-14/10/2025,
14/10/2025,60765,60765-DDI00032,Ndevor Systems Ltd : Phorest Australia,11010 Accounts Receivable : Trade Debtors,AUD,1.0,317.9,10130 Bank : CB current a/c AU$ # 411110236694,Australia,CARDSUCCESS,DDCARD PAYMENT:MESDDD58OF925B59707G9,2.0,,ch_3SIADYLrnBTnlT7b0OuIFMLM,CPMT: 60765-DDI00032,CPMT: 60765-DDI00032-14/10/2025,
14/10/2025,60781,60781-DDI00033,Ndevor Systems Ltd : Phorest Australia,11010 Accounts Receivable : Trade Debtors,AUD,1.0,185.9,10130 Bank : CB current a/c AU$ # 411110236694,Australia,CARDSUCCESS,DDCARD PAYMENT:MESDDD1E43HUXU0869B64,2.0,,ch_3SIADaLrnBTnlT7b1eKzZ5YX,CPMT: 60781-DDI00033,CPMT: 60781-DDI00033-14/10/2025,
14/10/2025,60963,60963-DDI00032,Ndevor Systems Ltd : Phorest Australia,11010 Accounts Receivable : Trade Debtors,AUD,1.0,273.06,10130 Bank : CB current a/c AU$ # 411110236694,Australia,CARDSUCCESS,DDCARD PAYMENT:MESDDDN41EZE6V84106M0,2.0,,ch_3SIADcLrnBTnlT7b1g52hZQm,CPMT: 60963-DDI00032,CPMT: 60963-DDI00032-14/10/2025,
14/10/2025,60965,60965-DDI00035,Ndevor Systems Ltd : Phorest Australia,11010 Accounts Receivable : Trade Debtors,AUD,1.0,509.5,10130 Bank : CB current a/c AU$ # 411110236694,Australia,CARDSUCCESS,DDCARD PAYMENT:MESDDD1T6CC2BX57R0X43,2.0,,ch_3SIADeLrnBTnlT7b08xCVQIS,CPMT: 60965-DDI00035,CPMT: 60965-DDI00035-14/10/2025,
14/10/2025,60966,60966-DDI00035,Ndevor Systems Ltd : Phorest Australia,11010 Accounts Receivable : Trade Debtors,AUD,1.0,620.26,10130 Bank : CB current a/c AU$ # 411110236694,Australia,CARDSUCCESS,DDCARD PAYMENT:MESDDDUE7WQVT4JU834O2,2.0,,ch_3SIADhLrnBTnlT7b0fOxoue8,CPMT: 60966-DDI00035,CPMT: 60966-DDI00035-14/10/2025,
14/10/2025,61004,61004-DDI00034,Ndevor Systems Ltd : Phorest Australia,11010 Accounts Receivable : Trade Debtors,AUD,1.0,496.49,10130 Bank : CB current a/c AU$ # 411110236694,Australia,CARDSUCCESS,DDCARD PAYMENT:MESDDDNEA9Q49QI85279N,2.0,,ch_3SIADjLrnBTnlT7b1TxBtG2u,CPMT: 61004-DDI00034,CPMT: 61004-DDI00034-14/10/2025,
14/10/2025,61005,61005-DDI00035,Ndevor Systems Ltd : Phorest Australia,11010 Accounts Receivable : Trade Debtors,AUD,1.0,466.17,10130 Bank : CB current a/c AU$ # 411110236694,Australia,CARDSUCCESS,DDCARD PAYMENT:MESDDD40D0J7ZPK78GGT0,2.0,,ch_3SIADlLrnBTnlT7b0YPx4fHX,CPMT: 61005-DDI00035,CPMT: 61005-DDI00035-14/10/2025,
14/10/2025,61019,61019-DDI00033,Ndevor Systems Ltd : Phorest Australia,11010 Accounts Receivable : Trade Debtors,AUD,1.0,593.54,10130 Bank : CB current a/c AU$ # 411110236694,Australia,CARDSUCCESS,DDCARD PAYMENT:MESDDD5I068K4W29OAC2M,2.0,,ch_3SIADoLrnBTnlT7b0UaYqPsJ,CPMT: 61019-DDI00033,CPMT: 61019-DDI00033-14/10/2025,
14/10/2025,61044,61044-DDI00028,Ndevor Systems Ltd : Phorest Australia,11010 Accounts Receivable : Trade Debtors,AUD,1.0,328.2,10130 Bank : CB current a/c AU$ # 411110236694,Australia,CARDSUCCESS,DDCARD PAYMENT:MESDDDD097ZWL4H76XX4G,2.0,,ch_3SIADqLrnBTnlT7b0jbWwe2E,CPMT: 61044-DDI00028,CPMT: 61044-DDI00028-14/10/2025,
14/10/2025,61060,61060-DDI00028,Ndevor Systems Ltd : Phorest Australia,11010 Accounts Receivable : Trade Debtors,AUD,1.0,184.6,10130 Bank : CB current a/c AU$ # 411110236694,Australia,CARDSUCCESS,DDCARD PAYMENT:MESDDDXE6Z9R6TFI5N7ZD,2.0,,ch_3SIADtLrnBTnlT7b1gxvEAYL,CPMT: 61060-DDI00028,CPMT: 61060-DDI00028-14/10/2025,
14/10/2025,61131,61131-DDI00020,Ndevor Systems Ltd : Phorest Australia,11010 Accounts Receivable : Trade Debtors,AUD,1.0,210.69,10130 Bank : CB current a/c AU$ # 411110236694,Australia,CARDSUCCESS,DDCARD PAYMENT:MESDDDK16T7S39P6171A4,2.0,,ch_3SIADvLrnBTnlT7b1wrQVwSv,CPMT: 61131-DDI00020,CPMT: 61131-DDI00020-14/10/2025,
14/10/2025,61288,61288-DDI00017,Ndevor Systems Ltd : Phorest Australia,11010 Accounts Receivable : Trade Debtors,AUD,1.0,185.9,10130 Bank : CB current a/c AU$ # 411110236694,Australia,CARDSUCCESS,DDCARD PAYMENT:MESDDD63577V3AHGQMZ61,2.0,,ch_3SIADyLrnBTnlT7b0Rw6alMe,CPMT: 61288-DDI00017,CPMT: 61288-DDI00017-14/10/2025,
14/10/2025,61565,61565-DDI00031,Ndevor Systems Ltd : Phorest Australia,11010 Accounts Receivable : Trade Debtors,AUD,1.0,443.1,10130 Bank : CB current a/c AU$ # 411110236694,Australia,CARDSUCCESS,DDCARD PAYMENT:MESDDDMO5HD94891411T7,2.0,,ch_3SIAE3LrnBTnlT7b0KeoSEVX,CPMT: 61565-DDI00031,CPMT: 61565-DDI00031-14/10/2025,
14/10/2025,61566,61566-DDI00031,Ndevor Systems Ltd : Phorest Australia,11010 Accounts Receivable : Trade Debtors,AUD,1.0,425.84,10130 Bank : CB current a/c AU$ # 411110236694,Australia,CARDSUCCESS,DDCARD PAYMENT:MESDDDQ0CSTA6Y962814B,2.0,,ch_3SIAE5LrnBTnlT7b0iTRRiUN,CPMT: 61566-DDI00031,CPMT: 61566-DDI00031-14/10/2025,
14/10/2025,61682,61682-DDI00016,Ndevor Systems Ltd : Phorest Australia,11010 Accounts Receivable : Trade Debtors,AUD,1.0,185.9,10130 Bank : CB current a/c AU$ # 411110236694,Australia,CARDSUCCESS,DDCARD PAYMENT:MESDDDS1P98IJL7A8Z0B4,2.0,,ch_3SIAE8LrnBTnlT7b15U5QKnp,CPMT: 61682-DDI00016,CPMT: 61682-DDI00016-14/10/2025,
14/10/2025,61808,61808-DDI00030,Ndevor Systems Ltd : Phorest Australia,11010 Accounts Receivable : Trade Debtors,AUD,1.0,317.9,10130 Bank : CB current a/c AU$ # 411110236694,Australia,CARDSUCCESS,DDCARD PAYMENT:MESDDD37Q069WT0YH909E,2.0,,ch_3SIAEALrnBTnlT7b0gAo3IvR,CPMT: 61808-DDI00030,CPMT: 61808-DDI00030-14/10/2025,
14/10/2025,61865,61865-DDI00029,Ndevor Systems Ltd : Phorest Australia,11010 Accounts Receivable : Trade Debtors,AUD,1.0,448.8,10130 Bank : CB current a/c AU$ # 411110236694,Australia,CARDSUCCESS,DDCARD PAYMENT:MESDDDK1Z732175M9642G,2.0,,ch_3SIAECLrnBTnlT7b1zttTr2a,CPMT: 61865-DDI00029,CPMT: 61865-DDI00029-14/10/2025,
14/10/2025,61878,61878-DDI00030,Ndevor Systems Ltd : Phorest Australia,11010 Accounts Receivable : Trade Debtors,AUD,1.0,490.69,10130 Bank : CB current a/c AU$ # 411110236694,Australia,CARDSUCCESS,DDCARD PAYMENT:MESDDD3SLBFZI7DQ67FHA,2.0,,ch_3SIAEFLrnBTnlT7b0jS3hknO,CPMT: 61878-DDI00030,CPMT: 61878-DDI00030-14/10/2025,
14/10/2025,61879,61879-DDI00031,Ndevor Systems Ltd : Phorest Australia,11010 Accounts Receivable : Trade Debtors,AUD,1.0,454.07,10130 Bank : CB current a/c AU$ # 411110236694,Australia,CARDSUCCESS,DDCARD PAYMENT:MESDDDM23282ODJA253K5,2.0,,ch_3SIAEHLrnBTnlT7b0o0Ec9Fg,CPMT: 61879-DDI00031,CPMT: 61879-DDI00031-14/10/2025,
14/10/2025,61912,61912-DDI00031,Ndevor Systems Ltd : Phorest Australia,11010 Accounts Receivable : Trade Debtors,AUD,1.0,443.3,10130 Bank : CB current a/c AU$ # 411110236694,Australia,CARDSUCCESS,DDCARD PAYMENT:MESDDD2O9XKLKGCEZ01I6,2.0,,ch_3SIAEJLrnBTnlT7b1lB6aQHI,CPMT: 61912-DDI00031,CPMT: 61912-DDI00031-14/10/2025,
14/10/2025,61978,61978-DDI00029,Ndevor Systems Ltd : Phorest Australia,11010 Accounts Receivable : Trade Debtors,AUD,1.0,444.2,10130 Bank : CB current a/c AU$ # 411110236694,Australia,CARDSUCCESS,DDCARD PAYMENT:MESDDD6D7NY5M638UH028,2.0,,ch_3SIAEMLrnBTnlT7b0EIeg3I6,CPMT: 61978-DDI00029,CPMT: 61978-DDI00029-14/10/2025,
14/10/2025,62011,62011-DDI00015,Ndevor Systems Ltd : Phorest Australia,11010 Accounts Receivable : Trade Debtors,AUD,1.0,317.9,10130 Bank : CB current a/c AU$ # 411110236694,Australia,CARDSUCCESS,DDCARD PAYMENT:MESDDDMSBB40AS9BLJNZO,2.0,,ch_3SIAEOLrnBTnlT7b0cp5iJnT,CPMT: 62011-DDI00015,CPMT: 62011-DDI00015-14/10/2025,
14/10/2025,62098,62098-DDI00030,Ndevor Systems Ltd : Phorest Australia,11010 Accounts Receivable : Trade Debtors,AUD,1.0,462.57,10130 Bank : CB current a/c AU$ # 411110236694,Australia,CARDSUCCESS,DDCARD PAYMENT:MESDDD61513QF0F6Z00R4,2.0,,ch_3SIAEQLrnBTnlT7b1wCralyj,CPMT: 62098-DDI00030,CPMT: 62098-DDI00030-14/10/2025,
14/10/2025,62214,62214-DDI00029,Ndevor Systems Ltd : Phorest Australia,11010 Accounts Receivable : Trade Debtors,AUD,1.0,441.12,10130 Bank : CB current a/c AU$ # 411110236694,Australia,CARDSUCCESS,DDCARD PAYMENT:MESDDD8MHKYO624A8USK8,2.0,,ch_3SIAEZLrnBTnlT7b0KrcIEVK,CPMT: 62214-DDI00029,CPMT: 62214-DDI00029-14/10/2025,
14/10/2025,62288,62288-DDI00026,Ndevor Systems Ltd : Phorest Australia,11010 Accounts Receivable : Trade Debtors,AUD,1.0,318.0,10130 Bank : CB current a/c AU$ # 411110236694,Australia,CARDSUCCESS,DDCARD PAYMENT:MESDDDN159S9468985KNK,2.0,,ch_3SIAEfLrnBTnlT7b1wNu9k86,CPMT: 62288-DDI00026,CPMT: 62288-DDI00026-14/10/2025,
14/10/2025,62338,62338-DDI00029,Ndevor Systems Ltd : Phorest Australia,11010 Accounts Receivable : Trade Debtors,AUD,1.0,444.3,10130 Bank : CB current a/c AU$ # 411110236694,Australia,CARDSUCCESS,DDCARD PAYMENT:MESDDDA207505678L3J66,2.0,,ch_3SIAEhLrnBTnlT7b1RKu3Znl,CPMT: 62338-DDI00029,CPMT: 62338-DDI00029-14/10/2025,
14/10/2025,60689,60689-DDI00032,Ndevor Systems Ltd : Phorest Australia,11010 Accounts Receivable : Trade Debtors,AUD,1.0,185.9,10130 Bank : CB current a/c AU$ # 411110236694,Australia,CARDSUCCESS,DDCARD PAYMENT:MESDDD53U08WDB2Z34YWZ,2.0,,ch_3SIADPLrnBTnlT7b0ja30LJx,CPMT: 60689-DDI00032,CPMT: 60689-DDI00032-14/10/2025,
14/10/2025,60640,60640-DDI00032,Ndevor Systems Ltd : Phorest Australia,11010 Accounts Receivable : Trade Debtors,AUD,1.0,368.68,10130 Bank : CB current a/c AU$ # 411110236694,Australia,CARDSUCCESS,DDCARD PAYMENT:MESDDDX8WO4PER41P4I21,2.0,,ch_3SIADMLrnBTnlT7b08ggpaGy,CPMT: 60640-DDI00032,CPMT: 60640-DDI00032-14/10/2025,
14/10/2025,60606,60606-DDI00033,Ndevor Systems Ltd : Phorest Australia,11010 Accounts Receivable : Trade Debtors,AUD,1.0,287.87,10130 Bank : CB current a/c AU$ # 411110236694,Australia,CARDSUCCESS,DDCARD PAYMENT:MESDDDZH973D9B9112M87,2.0,,ch_3SIADKLrnBTnlT7b0LogouqQ,CPMT: 60606-DDI00033,CPMT: 60606-DDI00033-14/10/2025,
14/10/2025,60579,60579-DDI00033,Ndevor Systems Ltd : Phorest Australia,11010 Accounts Receivable : Trade Debtors,AUD,1.0,448.32,10130 Bank : CB current a/c AU$ # 411110236694,Australia,CARDSUCCESS,DDCARD PAYMENT:MESDDD4AA482Y4BR8MT58,2.0,,ch_3SIADHLrnBTnlT7b0op0FSy8,CPMT: 60579-DDI00033,CPMT: 60579-DDI00033-14/10/2025,
14/10/2025,58980,58980-DDI00035,Ndevor Systems Ltd : Phorest Australia,11010 Accounts Receivable : Trade Debtors,AUD,1.0,366.3,10130 Bank : CB current a/c AU$ # 411110236694,Australia,CARDSUCCESS,DDCARD PAYMENT:MESDDDF8X85ZLJ490L10I,2.0,,ch_3SIAC1LrnBTnlT7b1OyRFVVp,CPMT: 58980-DDI00035,CPMT: 58980-DDI00035-14/10/2025,
14/10/2025,58981,58981-DDI00035,Ndevor Systems Ltd : Phorest Australia,11010 Accounts Receivable : Trade Debtors,AUD,1.0,540.5,10130 Bank : CB current a/c AU$ # 411110236694,Australia,CARDSUCCESS,DDCARD PAYMENT:MESDDDR0S3F593493QH97,2.0,,ch_3SIAC4LrnBTnlT7b1RbxrXcW,CPMT: 58981-DDI00035,CPMT: 58981-DDI00035-14/10/2025,
14/10/2025,58982,58982-DDI00035,Ndevor Systems Ltd : Phorest Australia,11010 Accounts Receivable : Trade Debtors,AUD,1.0,366.3,10130 Bank : CB current a/c AU$ # 411110236694,Australia,CARDSUCCESS,DDCARD PAYMENT:MESDDD4ICP3U30P7XG7S9,2.0,,ch_3SIAC7LrnBTnlT7b19oc3Trg,CPMT: 58982-DDI00035,CPMT: 58982-DDI00035-14/10/2025,
14/10/2025,58983,58983-DDI00035,Ndevor Systems Ltd : Phorest Australia,11010 Accounts Receivable : Trade Debtors,AUD,1.0,366.3,10130 Bank : CB current a/c AU$ # 411110236694,Australia,CARDSUCCESS,DDCARD PAYMENT:MESDDD20OQ2NE0541M755,2.0,,ch_3SIAC9LrnBTnlT7b1gEzAKLd,CPMT: 58983-DDI00035,CPMT: 58983-DDI00035-14/10/2025,
14/10/2025,58984,58984-DDI00035,Ndevor Systems Ltd : Phorest Australia,11010 Accounts Receivable : Trade Debtors,AUD,1.0,366.3,10130 Bank : CB current a/c AU$ # 411110236694,Australia,CARDSUCCESS,DDCARD PAYMENT:MESDDD200N5K89CHL741Q,2.0,,ch_3SIACCLrnBTnlT7b1kMKW6Ev,CPMT: 58984-DDI00035,CPMT: 58984-DDI00035-14/10/2025,
14/10/2025,58989,58989-DDI00036,Ndevor Systems Ltd : Phorest Australia,11010 Accounts Receivable : Trade Debtors,AUD,1.0,256.74,10130 Bank : CB current a/c AU$ # 411110236694,Australia,CARDSUCCESS,DDCARD PAYMENT:MESDDD46UQI8G6X67RPX2,2.0,,ch_3SIACELrnBTnlT7b1lJq9iYI,CPMT: 58989-DDI00036,CPMT: 58989-DDI00036-14/10/2025,
14/10/2025,59107,59107-DDI00020,Ndevor Systems Ltd : Phorest Australia,11010 Accounts Receivable : Trade Debtors,AUD,1.0,306.02,10130 Bank : CB current a/c AU$ # 411110236694,Australia,CARDSUCCESS,DDCARD PAYMENT:MESDDD9X49FXFQ4LDD6AC,2.0,,ch_3SIACGLrnBTnlT7b0UeuLDIy,CPMT: 59107-DDI00020,CPMT: 59107-DDI00020-14/10/2025,
14/10/2025,59142,59142-DDI00033,Ndevor Systems Ltd : Phorest Australia,11010 Accounts Receivable : Trade Debtors,AUD,1.0,306.9,10130 Bank : CB current a/c AU$ # 411110236694,Australia,CARDSUCCESS,DDCARD PAYMENT:MESDDDK7522X60CFCV320,2.0,,ch_3SIACJLrnBTnlT7b1zMLLZwd,CPMT: 59142-DDI00033,CPMT: 59142-DDI00033-14/10/2025,
14/10/2025,59198,59198-DDI00036,Ndevor Systems Ltd : Phorest Australia,11010 Accounts Receivable : Trade Debtors,AUD,1.0,352.63,10130 Bank : CB current a/c AU$ # 411110236694,Australia,CARDSUCCESS,DDCARD PAYMENT:MESDDD18C71C7Z7FG1GLZ,2.0,,ch_3SIACLLrnBTnlT7b1mKjtbqd,CPMT: 59198-DDI00036,CPMT: 59198-DDI00036-14/10/2025,
14/10/2025,59199,59199-DDI00019,Ndevor Systems Ltd : Phorest Australia,11010 Accounts Receivable : Trade Debtors,AUD,1.0,267.85,10130 Bank : CB current a/c AU$ # 411110236694,Australia,CARDSUCCESS,DDCARD PAYMENT:MESDDDQ05E28KE24MY9K9,2.0,,ch_3SIACOLrnBTnlT7b0iilWbKN,CPMT: 59199-DDI00019,CPMT: 59199-DDI00019-14/10/2025,
14/10/2025,59202,59202-DDI00032,Ndevor Systems Ltd : Phorest Australia,11010 Accounts Receivable : Trade Debtors,AUD,1.0,353.94,10130 Bank : CB current a/c AU$ # 411110236694,Australia,CARDSUCCESS,DDCARD PAYMENT:MESDDDFGINY5528A88Y2U,2.0,,ch_3SIACRLrnBTnlT7b197OTEPM,CPMT: 59202-DDI00032,CPMT: 59202-DDI00032-14/10/2025,
14/10/2025,59203,59203-DDI00036,Ndevor Systems Ltd : Phorest Australia,11010 Accounts Receivable : Trade Debtors,AUD,1.0,361.98,10130 Bank : CB current a/c AU$ # 411110236694,Australia,CARDSUCCESS,DDCARD PAYMENT:MESDDD2U3K4KIU424L270,2.0,,ch_3SIACTLrnBTnlT7b0EnHfG9T,CPMT: 59203-DDI00036,CPMT: 59203-DDI00036-14/10/2025,
14/10/2025,59318,59318-DDI00032,Ndevor Systems Ltd : Phorest Australia,11010 Accounts Receivable : Trade Debtors,AUD,1.0,250.62,10130 Bank : CB current a/c AU$ # 411110236694,Australia,CARDSUCCESS,DDCARD PAYMENT:MESDDDO03A9XT2QQA7Y3A,2.0,,ch_3SIACYLrnBTnlT7b0C84WJWU,CPMT: 59318-DDI00032,CPMT: 59318-DDI00032-14/10/2025,
14/10/2025,55822,55822-DDI00043,Ndevor Systems Ltd : Phorest Australia,11010 Accounts Receivable : Trade Debtors,AUD,1.0,285.69,10130 Bank : CB current a/c AU$ # 411110236694,Australia,CARDSUCCESS,DDCARD PAYMENT:MESDDDS95649KH341423H,2.0,,ch_3SIA9yLrnBTnlT7b1w6rfRK3,CPMT: 55822-DDI00043,CPMT: 55822-DDI00043-14/10/2025,
14/10/2025,59321,59321-DDI00034,Ndevor Systems Ltd : Phorest Australia,11010 Accounts Receivable : Trade Debtors,AUD,1.0,214.85,10130 Bank : CB current a/c AU$ # 411110236694,Australia,CARDSUCCESS,DDCARD PAYMENT:MESDDD61B67413LMEN560,2.0,,ch_3SIACbLrnBTnlT7b0GvE0lHH,CPMT: 59321-DDI00034,CPMT: 59321-DDI00034-14/10/2025,
14/10/2025,59843,59843-DDI00037,Ndevor Systems Ltd : Phorest Australia,11010 Accounts Receivable : Trade Debtors,AUD,1.0,408.55,10130 Bank : CB current a/c AU$ # 411110236694,Australia,CARDSUCCESS,DDCARD PAYMENT:MESDDDIGSBUGFMIS67SBH,2.0,,ch_3SIACfLrnBTnlT7b0iPTf3kU,CPMT: 59843-DDI00037,CPMT: 59843-DDI00037-14/10/2025,
14/10/2025,59955,59955-DDI00034,Ndevor Systems Ltd : Phorest Australia,11010 Accounts Receivable : Trade Debtors,AUD,1.0,376.43,10130 Bank : CB current a/c AU$ # 411110236694,Australia,CARDSUCCESS,DDCARD PAYMENT:MESDDD5QC5RNYGJGT0XO4,2.0,,ch_3SIAChLrnBTnlT7b0KnUHF16,CPMT: 59955-DDI00034,CPMT: 59955-DDI00034-14/10/2025,
14/10/2025,59988,59988-DDI00018,Ndevor Systems Ltd : Phorest Australia,11010 Accounts Receivable : Trade Debtors,AUD,1.0,186.21,10130 Bank : CB current a/c AU$ # 411110236694,Australia,CARDSUCCESS,DDCARD PAYMENT:MESDDDSQ04S304O8GW5VG,2.0,,ch_3SIAClLrnBTnlT7b0lwkmrPg,CPMT: 59988-DDI00018,CPMT: 59988-DDI00018-14/10/2025,
14/10/2025,60103,60103-DDI00034,Ndevor Systems Ltd : Phorest Australia,11010 Accounts Receivable : Trade Debtors,AUD,1.0,519.85,10130 Bank : CB current a/c AU$ # 411110236694,Australia,CARDSUCCESS,DDCARD PAYMENT:MESDDDT319Q6IG5P118VB,2.0,,ch_3SIACnLrnBTnlT7b1v4EouMO,CPMT: 60103-DDI00034,CPMT: 60103-DDI00034-14/10/2025,
14/10/2025,60285,60285-DDI00020,Ndevor Systems Ltd : Phorest Australia,11010 Accounts Receivable : Trade Debtors,AUD,1.0,416.9,10130 Bank : CB current a/c AU$ # 411110236694,Australia,CARDSUCCESS,DDCARD PAYMENT:MESDDDC25L1G7642HJ2OX,2.0,,ch_3SIACtLrnBTnlT7b1nQDD2MJ,CPMT: 60285-DDI00020,CPMT: 60285-DDI00020-14/10/2025,
14/10/2025,60347,60347-DDI00034,Ndevor Systems Ltd : Phorest Australia,11010 Accounts Receivable : Trade Debtors,AUD,1.0,484.51,10130 Bank : CB current a/c AU$ # 411110236694,Australia,CARDSUCCESS,DDCARD PAYMENT:MESDDD7192Z389DRA7Q92,2.0,,ch_3SIACvLrnBTnlT7b0zhsPotc,CPMT: 60347-DDI00034,CPMT: 60347-DDI00034-14/10/2025,
14/10/2025,60384,60384-DDI00033,Ndevor Systems Ltd : Phorest Australia,11010 Accounts Receivable : Trade Debtors,AUD,1.0,185.9,10130 Bank : CB current a/c AU$ # 411110236694,Australia,CARDSUCCESS,DDCARD PAYMENT:MESDDD33VY4582QU0F2EU,2.0,,ch_3SIACyLrnBTnlT7b02V9KTSK,CPMT: 60384-DDI00033,CPMT: 60384-DDI00033-14/10/2025,
14/10/2025,60410,60410-DDI00036,Ndevor Systems Ltd : Phorest Australia,11010 Accounts Receivable : Trade Debtors,AUD,1.0,181.38,10130 Bank : CB current a/c AU$ # 411110236694,Australia,CARDSUCCESS,DDCARD PAYMENT:MESDDDTZ08BSGVIN8TQ89,2.0,,ch_3SIAD0LrnBTnlT7b1EkHsCxU,CPMT: 60410-DDI00036,CPMT: 60410-DDI00036-14/10/2025,
14/10/2025,60411,60411-DDI00033,Ndevor Systems Ltd : Phorest Australia,11010 Accounts Receivable : Trade Debtors,AUD,1.0,414.49,10130 Bank : CB current a/c AU$ # 411110236694,Australia,CARDSUCCESS,DDCARD PAYMENT:MESDDD1283PD0EZ17IVVE,2.0,,ch_3SIAD3LrnBTnlT7b1BEuMyAr,CPMT: 60411-DDI00033,CPMT: 60411-DDI00033-14/10/2025,
14/10/2025,60435,60435-DDI00035,Ndevor Systems Ltd : Phorest Australia,11010 Accounts Receivable : Trade Debtors,AUD,1.0,341.13,10130 Bank : CB current a/c AU$ # 411110236694,Australia,CARDSUCCESS,DDCARD PAYMENT:MESDDD5DE48S1019IU129,2.0,,ch_3SIAD5LrnBTnlT7b0wjkBXYn,CPMT: 60435-DDI00035,CPMT: 60435-DDI00035-14/10/2025,
14/10/2025,60442,60442-DDI00033,Ndevor Systems Ltd : Phorest Australia,11010 Accounts Receivable : Trade Debtors,AUD,1.0,434.87,10130 Bank : CB current a/c AU$ # 411110236694,Australia,CARDSUCCESS,DDCARD PAYMENT:MESDDDRQ2O7LEV8878147,2.0,,ch_3SIAD7LrnBTnlT7b10hKnrQs,CPMT: 60442-DDI00033,CPMT: 60442-DDI00033-14/10/2025,
14/10/2025,60553,60553-DDI00033,Ndevor Systems Ltd : Phorest Australia,11010 Accounts Receivable : Trade Debtors,AUD,1.0,262.9,10130 Bank : CB current a/c AU$ # 411110236694,Australia,CARDSUCCESS,DDCARD PAYMENT:MESDDDYYD0SS92EVO475L,2.0,,ch_3SIADCLrnBTnlT7b14cqiVC4,CPMT: 60553-DDI00033,CPMT: 60553-DDI00033-14/10/2025,
14/10/2025,60578,60578-DDI00033,Ndevor Systems Ltd : Phorest Australia,11010 Accounts Receivable : Trade Debtors,AUD,1.0,604.46,10130 Bank : CB current a/c AU$ # 411110236694,Australia,CARDSUCCESS,DDCARD PAYMENT:MESDDDMZI78LVZZ5O8A43,2.0,,ch_3SIADELrnBTnlT7b1xuUMLUx,CPMT: 60578-DDI00033,CPMT: 60578-DDI00033-14/10/2025,
14/10/2025,59837,59837-DDI00032,Ndevor Systems Ltd : Phorest Australia,11010 Accounts Receivable : Trade Debtors,AUD,1.0,471.42,10130 Bank : CB current a/c AU$ # 411110236694,Australia,CARDSUCCESS,DDCARD PAYMENT:MESDDDKR8M01564477060,2.0,,ch_3SIACdLrnBTnlT7b0UGtg62s,CPMT: 59837-DDI00032,CPMT: 59837-DDI00032-14/10/2025,
14/10/2025,55803,55803-DDI00049,Ndevor Systems Ltd : Phorest Australia,11010 Accounts Receivable : Trade Debtors,AUD,1.0,306.9,10130 Bank : CB current a/c AU$ # 411110236694,Australia,CARDSUCCESS,DDCARD PAYMENT:MESDDD6M7Q967MHFX582E,2.0,,ch_3SIA9wLrnBTnlT7b1nDvo8eP,CPMT: 55803-DDI00049,CPMT: 55803-DDI00049-14/10/2025,
14/10/2025,54790,54790-DDI00048,Ndevor Systems Ltd : Phorest Australia,11010 Accounts Receivable : Trade Debtors,AUD,1.0,340.75,10130 Bank : CB current a/c AU$ # 411110236694,Australia,CARDSUCCESS,DDCARD PAYMENT:MESDDDIN0ZS1G1M6EQVEA,2.0,,ch_3SIA9YLrnBTnlT7b1YICqeqv,CPMT: 54790-DDI00048,CPMT: 54790-DDI00048-14/10/2025,
14/10/2025,55691,55691-DDI00049,Ndevor Systems Ltd : Phorest Australia,11010 Accounts Receivable : Trade Debtors,AUD,1.0,97.9,10130 Bank : CB current a/c AU$ # 411110236694,Australia,CARDSUCCESS,DDCARD PAYMENT:MESDDD3QY1ZY18Y091I24,2.0,,ch_3SIA9rLrnBTnlT7b0gnmTY0y,CPMT: 55691-DDI00049,CPMT: 55691-DDI00049-14/10/2025,
14/10/2025,48779,48779-DDI00032,Ndevor Systems Ltd : Phorest Australia,11010 Accounts Receivable : Trade Debtors,AUD,1.0,185.9,10130 Bank : CB current a/c AU$ # 411110236694,Australia,CARDSUCCESS,DDCARD PAYMENT:MESDDDWJS5Y9E793289AE,2.0,,ch_3SIA6GLrnBTnlT7b0T8GmhxA,CPMT: 48779-DDI00032,CPMT: 48779-DDI00032-14/10/2025,
14/10/2025,48884,48884-DDI00065,Ndevor Systems Ltd : Phorest Australia,11010 Accounts Receivable : Trade Debtors,AUD,1.0,484.04,10130 Bank : CB current a/c AU$ # 411110236694,Australia,CARDSUCCESS,DDCARD PAYMENT:MESDDDSOZOAI214IVC129,2.0,,ch_3SIA6LLrnBTnlT7b1h67s7iG,CPMT: 48884-DDI00065,CPMT: 48884-DDI00065-14/10/2025,
14/10/2025,48968,48968-DDI00063,Ndevor Systems Ltd : Phorest Australia,11010 Accounts Receivable : Trade Debtors,AUD,1.0,416.9,10130 Bank : CB current a/c AU$ # 411110236694,Australia,CARDSUCCESS,DDCARD PAYMENT:MESDDD9INH55Y551P4T65,2.0,,ch_3SIA6QLrnBTnlT7b12mXdOWb,CPMT: 48968-DDI00063,CPMT: 48968-DDI00063-14/10/2025,
14/10/2025,49168,49168-DDI00035,Ndevor Systems Ltd : Phorest Australia,11010 Accounts Receivable : Trade Debtors,AUD,1.0,358.58,10130 Bank : CB current a/c AU$ # 411110236694,Australia,CARDSUCCESS,DDCARD PAYMENT:MESDDD5Z33X5260Q5M7V6,2.0,,ch_3SIA6SLrnBTnlT7b12Oqkj4F,CPMT: 49168-DDI00035,CPMT: 49168-DDI00035-14/10/2025,
14/10/2025,49314,49314-DDI00062,Ndevor Systems Ltd : Phorest Australia,11010 Accounts Receivable : Trade Debtors,AUD,1.0,343.89,10130 Bank : CB current a/c AU$ # 411110236694,Australia,CARDSUCCESS,DDCARD PAYMENT:MESDDD0AJ2YFTR82I7239,2.0,,ch_3SIA6VLrnBTnlT7b0nlLBeut,CPMT: 49314-DDI00062,CPMT: 49314-DDI00062-14/10/2025,
14/10/2025,49319,49319-DDI00062,Ndevor Systems Ltd : Phorest Australia,11010 Accounts Receivable : Trade Debtors,AUD,1.0,484.8,10130 Bank : CB current a/c AU$ # 411110236694,Australia,CARDSUCCESS,DDCARD PAYMENT:MESDDD9GQYX59EI8HG998,2.0,,ch_3SIA6XLrnBTnlT7b02SFhmne,CPMT: 49319-DDI00062,CPMT: 49319-DDI00062-14/10/2025,
14/10/2025,49332,49332-DDI00044,Ndevor Systems Ltd : Phorest Australia,11010 Accounts Receivable : Trade Debtors,AUD,1.0,418.79,10130 Bank : CB current a/c AU$ # 411110236694,Australia,CARDSUCCESS,DDCARD PAYMENT:MESDDD9PR42NV6X1KARFC,2.0,,ch_3SIA6ZLrnBTnlT7b1C91wJ12,CPMT: 49332-DDI00044,CPMT: 49332-DDI00044-14/10/2025,
14/10/2025,49344,49344-DDI00062,Ndevor Systems Ltd : Phorest Australia,11010 Accounts Receivable : Trade Debtors,AUD,1.0,318.19,10130 Bank : CB current a/c AU$ # 411110236694,Australia,CARDSUCCESS,DDCARD PAYMENT:MESDDDWC6DR451I42H779,2.0,,ch_3SIA6cLrnBTnlT7b1ZFFiLMp,CPMT: 49344-DDI00062,CPMT: 49344-DDI00062-14/10/2025,
14/10/2025,49406,49406-DDI00061,Ndevor Systems Ltd : Phorest Australia,11010 Accounts Receivable : Trade Debtors,AUD,1.0,225.17,10130 Bank : CB current a/c AU$ # 411110236694,Australia,CARDSUCCESS,DDCARD PAYMENT:MESDDD6N01IZ37B8CK0HU,2.0,,ch_3SIA6eLrnBTnlT7b1YZVoTS9,CPMT: 49406-DDI00061,CPMT: 49406-DDI00061-14/10/2025,
14/10/2025,49473,49473-DDI00060,Ndevor Systems Ltd : Phorest Australia,11010 Accounts Receivable : Trade Debtors,AUD,1.0,313.41,10130 Bank : CB current a/c AU$ # 411110236694,Australia,CARDSUCCESS,DDCARD PAYMENT:MESDDD930K4QMQ52HFRJ9,2.0,,ch_3SIA6hLrnBTnlT7b08xseLEy,CPMT: 49473-DDI00060,CPMT: 49473-DDI00060-14/10/2025,
14/10/2025,48711,48711-DDI00062,Ndevor Systems Ltd : Phorest Australia,11010 Accounts Receivable : Trade Debtors,AUD,1.0,317.9,10130 Bank : CB current a/c AU$ # 411110236694,Australia,CARDSUCCESS,DDCARD PAYMENT:MESDDDF5UM0Z31TS7K9RW,2.0,,ch_3SIA6ELrnBTnlT7b0xKBoDTa,CPMT: 48711-DDI00062,CPMT: 48711-DDI00062-14/10/2025,
14/10/2025,49616,49616-DDI00060,Ndevor Systems Ltd : Phorest Australia,11010 Accounts Receivable : Trade Debtors,AUD,1.0,554.26,10130 Bank : CB current a/c AU$ # 411110236694,Australia,CARDSUCCESS,DDCARD PAYMENT:MESDDDVAV12Y7N806I1KP,2.0,,ch_3SIA6kLrnBTnlT7b1Agh9qbN,CPMT: 49616-DDI00060,CPMT: 49616-DDI00060-14/10/2025,
14/10/2025,50084,50084-DDI00059,Ndevor Systems Ltd : Phorest Australia,11010 Accounts Receivable : Trade Debtors,AUD,1.0,405.33,10130 Bank : CB current a/c AU$ # 411110236694,Australia,CARDSUCCESS,DDCARD PAYMENT:MESDDD690378A0439M2Z0,2.0,,ch_3SIA6oLrnBTnlT7b0cnQhQdt,CPMT: 50084-DDI00059,CPMT: 50084-DDI00059-14/10/2025,
14/10/2025,50131,50131-DDI00057,Ndevor Systems Ltd : Phorest Australia,11010 Accounts Receivable : Trade Debtors,AUD,1.0,383.64,10130 Bank : CB current a/c AU$ # 411110236694,Australia,CARDSUCCESS,DDCARD PAYMENT:MESDDD40740Q5EU696CLT,2.0,,ch_3SIA6rLrnBTnlT7b0CIcNMBZ,CPMT: 50131-DDI00057,CPMT: 50131-DDI00057-14/10/2025,
14/10/2025,50221,50221-DDI00039,Ndevor Systems Ltd : Phorest Australia,11010 Accounts Receivable : Trade Debtors,AUD,1.0,261.8,10130 Bank : CB current a/c AU$ # 411110236694,Australia,CARDSUCCESS,DDCARD PAYMENT:MESDDD613U81960QTLO85,2.0,,ch_3SIA6tLrnBTnlT7b1QnAl3S0,CPMT: 50221-DDI00039,CPMT: 50221-DDI00039-14/10/2025,
14/10/2025,50239,50239-DDI00055,Ndevor Systems Ltd : Phorest Australia,11010 Accounts Receivable : Trade Debtors,AUD,1.0,360.84,10130 Bank : CB current a/c AU$ # 411110236694,Australia,CARDSUCCESS,DDCARD PAYMENT:MESDDD8E13GCCF0KD0KWD,2.0,,ch_3SIA6wLrnBTnlT7b1mDrSpIc,CPMT: 50239-DDI00055,CPMT: 50239-DDI00055-14/10/2025,
14/10/2025,50267,50267-DDI00055,Ndevor Systems Ltd : Phorest Australia,11010 Accounts Receivable : Trade Debtors,AUD,1.0,332.3,10130 Bank : CB current a/c AU$ # 411110236694,Australia,CARDSUCCESS,DDCARD PAYMENT:MESDDDIJ34M8U0T50CT76,2.0,,ch_3SIA6zLrnBTnlT7b027317uW,CPMT: 50267-DDI00055,CPMT: 50267-DDI00055-14/10/2025,
14/10/2025,50351,50351-DDI00058,Ndevor Systems Ltd : Phorest Australia,11010 Accounts Receivable : Trade Debtors,AUD,1.0,435.6,10130 Bank : CB current a/c AU$ # 411110236694,Australia,CARDSUCCESS,DDCARD PAYMENT:MESDDD78D10F2A06R7GCR,2.0,,ch_3SIA74LrnBTnlT7b0ffCRncE,CPMT: 50351-DDI00058,CPMT: 50351-DDI00058-14/10/2025,
14/10/2025,50426,50426-DDI00037,Ndevor Systems Ltd : Phorest Australia,11010 Accounts Receivable : Trade Debtors,AUD,1.0,416.9,10130 Bank : CB current a/c AU$ # 411110236694,Australia,CARDSUCCESS,DDCARD PAYMENT:MESDDDO1B5C28S4C9MP32,2.0,,ch_3SIA76LrnBTnlT7b0EHgSzqC,CPMT: 50426-DDI00037,CPMT: 50426-DDI00037-14/10/2025,
14/10/2025,50576,50576-DDI00056,Ndevor Systems Ltd : Phorest Australia,11010 Accounts Receivable : Trade Debtors,AUD,1.0,97.9,10130 Bank : CB current a/c AU$ # 411110236694,Australia,CARDSUCCESS,DDCARD PAYMENT:MESDDD17XPZ8A8A1JYA1Z,2.0,,ch_3SIA78LrnBTnlT7b12HXS1Eb,CPMT: 50576-DDI00056,CPMT: 50576-DDI00056-14/10/2025,
14/10/2025,50579,50579-DDI00055,Ndevor Systems Ltd : Phorest Australia,11010 Accounts Receivable : Trade Debtors,AUD,1.0,374.85,10130 Bank : CB current a/c AU$ # 411110236694,Australia,CARDSUCCESS,DDCARD PAYMENT:MESDDD3ADC6I5HC73MVA1,2.0,,ch_3SIA7BLrnBTnlT7b0ZFvYuhH,CPMT: 50579-DDI00055,CPMT: 50579-DDI00055-14/10/2025,
14/10/2025,51455,51455-DDI00055,Ndevor Systems Ltd : Phorest Australia,11010 Accounts Receivable : Trade Debtors,AUD,1.0,97.9,10130 Bank : CB current a/c AU$ # 411110236694,Australia,CARDSUCCESS,DDCARD PAYMENT:MESDDD93ER44QE5B96CC4,2.0,,ch_3SIA7OLrnBTnlT7b1ZnmW4l7,CPMT: 51455-DDI00055,CPMT: 51455-DDI00055-14/10/2025,
14/10/2025,49772,49772-DDI00031,Ndevor Systems Ltd : Phorest Australia,11010 Accounts Receivable : Trade Debtors,AUD,1.0,185.9,10130 Bank : CB current a/c AU$ # 411110236694,Australia,CARDSUCCESS,DDCARD PAYMENT:MESDDD6699E265O2H9PT0,2.0,,ch_3SIA6mLrnBTnlT7b09HbKhVX,CPMT: 49772-DDI00031,CPMT: 49772-DDI00031-14/10/2025,
14/10/2025,48616,48616-DDI00032,Ndevor Systems Ltd : Phorest Australia,11010 Accounts Receivable : Trade Debtors,AUD,1.0,97.9,10130 Bank : CB current a/c AU$ # 411110236694,Australia,CARDSUCCESS,DDCARD PAYMENT:MESDDD4I1RQ5YP34PM47C,2.0,,ch_3SIA6CLrnBTnlT7b1YoF7nr0,CPMT: 48616-DDI00032,CPMT: 48616-DDI00032-14/10/2025,
14/10/2025,48560,48560-DDI00064,Ndevor Systems Ltd : Phorest Australia,11010 Accounts Receivable : Trade Debtors,AUD,1.0,382.51,10130 Bank : CB current a/c AU$ # 411110236694,Australia,CARDSUCCESS,DDCARD PAYMENT:MESDDD534D0U0959R4PIY,2.0,,ch_3SIA69LrnBTnlT7b0iUkySfC,CPMT: 48560-DDI00064,CPMT: 48560-DDI00064-14/10/2025,
14/10/2025,48534,48534-DDI00064,Ndevor Systems Ltd : Phorest Australia,11010 Accounts Receivable : Trade Debtors,AUD,1.0,320.89,10130 Bank : CB current a/c AU$ # 411110236694,Australia,CARDSUCCESS,DDCARD PAYMENT:MESDDDRSD2DA925DGXTL5,2.0,,ch_3SIA67LrnBTnlT7b19LJu2xH,CPMT: 48534-DDI00064,CPMT: 48534-DDI00064-14/10/2025,
14/10/2025,46982,46982-DDI00037,Ndevor Systems Ltd : Phorest Australia,11010 Accounts Receivable : Trade Debtors,AUD,1.0,532.25,10130 Bank : CB current a/c AU$ # 411110236694,Australia,CARDSUCCESS,DDCARD PAYMENT:MESDDDRUM0PV2C567ZI9C,2.0,,ch_3SIA4xLrnBTnlT7b1zl5in00,CPMT: 46982-DDI00037,CPMT: 46982-DDI00037-14/10/2025,
14/10/2025,46983,46983-DDI00036,Ndevor Systems Ltd : Phorest Australia,11010 Accounts Receivable : Trade Debtors,AUD,1.0,400.14,10130 Bank : CB current a/c AU$ # 411110236694,Australia,CARDSUCCESS,DDCARD PAYMENT:MESDDD06949572V85A643,2.0,,ch_3SIA50LrnBTnlT7b12ORGtjU,CPMT: 46983-DDI00036,CPMT: 46983-DDI00036-14/10/2025,
14/10/2025,47067,47067-DDI00064,Ndevor Systems Ltd : Phorest Australia,11010 Accounts Receivable : Trade Debtors,AUD,1.0,524.45,10130 Bank : CB current a/c AU$ # 411110236694,Australia,CARDSUCCESS,DDCARD PAYMENT:MESDDDB4X2EFI928PIQMH,2.0,,ch_3SIA56LrnBTnlT7b1iwCv8yw,CPMT: 47067-DDI00064,CPMT: 47067-DDI00064-14/10/2025,
14/10/2025,47068,47068-DDI00074,Ndevor Systems Ltd : Phorest Australia,11010 Accounts Receivable : Trade Debtors,AUD,1.0,323.4,10130 Bank : CB current a/c AU$ # 411110236694,Australia,CARDSUCCESS,DDCARD PAYMENT:MESDDDSSUT4K11N6RMP72,2.0,,ch_3SIA58LrnBTnlT7b0GHNeJ7H,CPMT: 47068-DDI00074,CPMT: 47068-DDI00074-14/10/2025,
14/10/2025,47069,47069-DDI00068,Ndevor Systems Ltd : Phorest Australia,11010 Accounts Receivable : Trade Debtors,AUD,1.0,513.49,10130 Bank : CB current a/c AU$ # 411110236694,Australia,CARDSUCCESS,DDCARD PAYMENT:MESDDD2VT770008EMI3R9,2.0,,ch_3SIA5BLrnBTnlT7b0G8nOYTN,CPMT: 47069-DDI00068,CPMT: 47069-DDI00068-14/10/2025,
14/10/2025,47155,47155-DDI00035,Ndevor Systems Ltd : Phorest Australia,11010 Accounts Receivable : Trade Debtors,AUD,1.0,317.9,10130 Bank : CB current a/c AU$ # 411110236694,Australia,CARDSUCCESS,DDCARD PAYMENT:MESDDD4F884Z3782U82CD,2.0,,ch_3SIA5DLrnBTnlT7b0mn3fKDH,CPMT: 47155-DDI00035,CPMT: 47155-DDI00035-14/10/2025,
14/10/2025,47404,47404-DDI00033,Ndevor Systems Ltd : Phorest Australia,11010 Accounts Receivable : Trade Debtors,AUD,1.0,97.9,10130 Bank : CB current a/c AU$ # 411110236694,Australia,CARDSUCCESS,DDCARD PAYMENT:MESDDDJ8S588RYU50PP61,2.0,,ch_3SIA5GLrnBTnlT7b00Qqgk9H,CPMT: 47404-DDI00033,CPMT: 47404-DDI00033-14/10/2025,
14/10/2025,47503,47503-DDI00047,Ndevor Systems Ltd : Phorest Australia,11010 Accounts Receivable : Trade Debtors,AUD,1.0,357.83,10130 Bank : CB current a/c AU$ # 411110236694,Australia,CARDSUCCESS,DDCARD PAYMENT:MESDDDOVEEQ729P6JP6EP,2.0,,ch_3SIA5PLrnBTnlT7b0A418frd,CPMT: 47503-DDI00047,CPMT: 47503-DDI00047-14/10/2025,
14/10/2025,47682,47682-DDI00065,Ndevor Systems Ltd : Phorest Australia,11010 Accounts Receivable : Trade Debtors,AUD,1.0,97.9,10130 Bank : CB current a/c AU$ # 411110236694,Australia,CARDSUCCESS,DDCARD PAYMENT:MESDDDGK0GO70XG5U5YCR,2.0,,ch_3SIA5SLrnBTnlT7b1cTZaHOr,CPMT: 47682-DDI00065,CPMT: 47682-DDI00065-14/10/2025,
14/10/2025,47797,47797-DDI00032,Ndevor Systems Ltd : Phorest Australia,11010 Accounts Receivable : Trade Debtors,AUD,1.0,288.4,10130 Bank : CB current a/c AU$ # 411110236694,Australia,CARDSUCCESS,DDCARD PAYMENT:MESDDDFZ04Z967V84AC6V,2.0,,ch_3SIA5VLrnBTnlT7b0WpVFuze,CPMT: 47797-DDI00032,CPMT: 47797-DDI00032-14/10/2025,
14/10/2025,47947,47947-DDI00055,Ndevor Systems Ltd : Phorest Australia,11010 Accounts Receivable : Trade Debtors,AUD,1.0,228.87,10130 Bank : CB current a/c AU$ # 411110236694,Australia,CARDSUCCESS,DDCARD PAYMENT:MESDDDFL1RL08A9843APQ,2.0,,ch_3SIA5XLrnBTnlT7b1xwoX0Ud,CPMT: 47947-DDI00055,CPMT: 47947-DDI00055-14/10/2025,
14/10/2025,47986,47986-DDI00066,Ndevor Systems Ltd : Phorest Australia,11010 Accounts Receivable : Trade Debtors,AUD,1.0,394.94,10130 Bank : CB current a/c AU$ # 411110236694,Australia,CARDSUCCESS,DDCARD PAYMENT:MESDDDT1I6E32QR01TRY5,2.0,,ch_3SIA5aLrnBTnlT7b0NmKRvl1,CPMT: 47986-DDI00066,CPMT: 47986-DDI00066-14/10/2025,
14/10/2025,48080,48080-DDI00034,Ndevor Systems Ltd : Phorest Australia,11010 Accounts Receivable : Trade Debtors,AUD,1.0,317.9,10130 Bank : CB current a/c AU$ # 411110236694,Australia,CARDSUCCESS,DDCARD PAYMENT:MESDDDRZ8791W59N2P090,2.0,,ch_3SIA5cLrnBTnlT7b0KCJkwVC,CPMT: 48080-DDI00034,CPMT: 48080-DDI00034-14/10/2025,
14/10/2025,48152,48152-DDI00061,Ndevor Systems Ltd : Phorest Australia,11010 Accounts Receivable : Trade Debtors,AUD,1.0,373.35,10130 Bank : CB current a/c AU$ # 411110236694,Australia,CARDSUCCESS,DDCARD PAYMENT:MESDDD4PXF16M9HJWXL78,2.0,,ch_3SIA5fLrnBTnlT7b0yNsk9zw,CPMT: 48152-DDI00061,CPMT: 48152-DDI00061-14/10/2025,
14/10/2025,48213,48213-DDI00032,Ndevor Systems Ltd : Phorest Australia,11010 Accounts Receivable : Trade Debtors,AUD,1.0,196.06,10130 Bank : CB current a/c AU$ # 411110236694,Australia,CARDSUCCESS,DDCARD PAYMENT:MESDDDF7K0MYM50854392,2.0,,ch_3SIA5kLrnBTnlT7b14lnIzfN,CPMT: 48213-DDI00032,CPMT: 48213-DDI00032-14/10/2025,
14/10/2025,48277,48277-DDI00064,Ndevor Systems Ltd : Phorest Australia,11010 Accounts Receivable : Trade Debtors,AUD,1.0,339.32,10130 Bank : CB current a/c AU$ # 411110236694,Australia,CARDSUCCESS,DDCARD PAYMENT:MESDDDTD0G9RKMH46B399,2.0,,ch_3SIA5oLrnBTnlT7b1WaN5AyZ,CPMT: 48277-DDI00064,CPMT: 48277-DDI00064-14/10/2025,
14/10/2025,48311,48311-DDI00052,Ndevor Systems Ltd : Phorest Australia,11010 Accounts Receivable : Trade Debtors,AUD,1.0,222.4,10130 Bank : CB current a/c AU$ # 411110236694,Australia,CARDSUCCESS,DDCARD PAYMENT:MESDDD1K969O72FULHK1K,2.0,,ch_3SIA5qLrnBTnlT7b0JWpc3vx,CPMT: 48311-DDI00052,CPMT: 48311-DDI00052-14/10/2025,
14/10/2025,48327,48327-DDI00066,Ndevor Systems Ltd : Phorest Australia,11010 Accounts Receivable : Trade Debtors,AUD,1.0,414.21,10130 Bank : CB current a/c AU$ # 411110236694,Australia,CARDSUCCESS,DDCARD PAYMENT:MESDDD22K6F6M9Z4XI9N6,2.0,,ch_3SIA5sLrnBTnlT7b1t8Ochlc,CPMT: 48327-DDI00066,CPMT: 48327-DDI00066-14/10/2025,
14/10/2025,48351,48351-DDI00065,Ndevor Systems Ltd : Phorest Australia,11010 Accounts Receivable : Trade Debtors,AUD,1.0,546.14,10130 Bank : CB current a/c AU$ # 411110236694,Australia,CARDSUCCESS,DDCARD PAYMENT:MESDDD3QV26HDOM2N3739,2.0,,ch_3SIA5uLrnBTnlT7b1ZRhyhBM,CPMT: 48351-DDI00065,CPMT: 48351-DDI00065-14/10/2025,
14/10/2025,48358,48358-DDI00032,Ndevor Systems Ltd : Phorest Australia,11010 Accounts Receivable : Trade Debtors,AUD,1.0,379.98,10130 Bank : CB current a/c AU$ # 411110236694,Australia,CARDSUCCESS,DDCARD PAYMENT:MESDDDP43A6CLYC1C93SF,2.0,,ch_3SIA5xLrnBTnlT7b02AaU84W,CPMT: 48358-DDI00032,CPMT: 48358-DDI00032-14/10/2025,
14/10/2025,48367,48367-DDI00064,Ndevor Systems Ltd : Phorest Australia,11010 Accounts Receivable : Trade Debtors,AUD,1.0,467.04,10130 Bank : CB current a/c AU$ # 411110236694,Australia,CARDSUCCESS,DDCARD PAYMENT:MESDDDQB8A65979OO1R6Y,2.0,,ch_3SIA60LrnBTnlT7b01wUfHEJ,CPMT: 48367-DDI00064,CPMT: 48367-DDI00064-14/10/2025,
14/10/2025,48431,48431-DDI00031,Ndevor Systems Ltd : Phorest Australia,11010 Accounts Receivable : Trade Debtors,AUD,1.0,185.9,10130 Bank : CB current a/c AU$ # 411110236694,Australia,CARDSUCCESS,DDCARD PAYMENT:MESDDD648Y86PWF49W611,2.0,,ch_3SIA62LrnBTnlT7b1c5nIKu8,CPMT: 48431-DDI00031,CPMT: 48431-DDI00031-14/10/2025,
14/10/2025,48510,48510-DDI00063,Ndevor Systems Ltd : Phorest Australia,11010 Accounts Receivable : Trade Debtors,AUD,1.0,425.43,10130 Bank : CB current a/c AU$ # 411110236694,Australia,CARDSUCCESS,DDCARD PAYMENT:MESDDD5NC1VD93PJE803E,2.0,,ch_3SIA65LrnBTnlT7b19OSzVRr,CPMT: 48510-DDI00063,CPMT: 48510-DDI00063-14/10/2025,
14/10/2025,51549,51549-DDI00055,Ndevor Systems Ltd : Phorest Australia,11010 Accounts Receivable : Trade Debtors,AUD,1.0,365.82,10130 Bank : CB current a/c AU$ # 411110236694,Australia,CARDSUCCESS,DDCARD PAYMENT:MESDDD41W0EROS8D1EE63,2.0,,ch_3SIA7QLrnBTnlT7b133csyHo,CPMT: 51549-DDI00055,CPMT: 51549-DDI00055-14/10/2025,
14/10/2025,51555,51555-DDI00055,Ndevor Systems Ltd : Phorest Australia,11010 Accounts Receivable : Trade Debtors,AUD,1.0,423.21,10130 Bank : CB current a/c AU$ # 411110236694,Australia,CARDSUCCESS,DDCARD PAYMENT:MESDDD8NR899WF9DQ4U11,2.0,,ch_3SIA7TLrnBTnlT7b1Nud5cnz,CPMT: 51555-DDI00055,CPMT: 51555-DDI00055-14/10/2025,
14/10/2025,51676,51676-DDI00054,Ndevor Systems Ltd : Phorest Australia,11010 Accounts Receivable : Trade Debtors,AUD,1.0,307.0,10130 Bank : CB current a/c AU$ # 411110236694,Australia,CARDSUCCESS,DDCARD PAYMENT:MESDDDH53DU9KWI01JE0X,2.0,,ch_3SIA7VLrnBTnlT7b0iveultX,CPMT: 51676-DDI00054,CPMT: 51676-DDI00054-14/10/2025,
14/10/2025,51835,51835-DDI00056,Ndevor Systems Ltd : Phorest Australia,11010 Accounts Receivable : Trade Debtors,AUD,1.0,425.89,10130 Bank : CB current a/c AU$ # 411110236694,Australia,CARDSUCCESS,DDCARD PAYMENT:MESDDD210O891A59N2IH6,2.0,,ch_3SIA7XLrnBTnlT7b01kDTuWr,CPMT: 51835-DDI00056,CPMT: 51835-DDI00056-14/10/2025,
14/10/2025,53330,53330-DDI00043,Ndevor Systems Ltd : Phorest Australia,11010 Accounts Receivable : Trade Debtors,AUD,1.0,97.9,10130 Bank : CB current a/c AU$ # 411110236694,Australia,CARDSUCCESS,DDCARD PAYMENT:MESDDDI2278A9L4Q4578H,2.0,,ch_3SIA8tLrnBTnlT7b1dQFGfwS,CPMT: 53330-DDI00043,CPMT: 53330-DDI00043-14/10/2025,
14/10/2025,53389,53389-DDI00052,Ndevor Systems Ltd : Phorest Australia,11010 Accounts Receivable : Trade Debtors,AUD,1.0,363.19,10130 Bank : CB current a/c AU$ # 411110236694,Australia,CARDSUCCESS,DDCARD PAYMENT:MESDDDS3IQTQ55FB02BHD,2.0,,ch_3SIA8wLrnBTnlT7b1yMf2OgJ,CPMT: 53389-DDI00052,CPMT: 53389-DDI00052-14/10/2025,
14/10/2025,53424,53424-DDI00053,Ndevor Systems Ltd : Phorest Australia,11010 Accounts Receivable : Trade Debtors,AUD,1.0,415.73,10130 Bank : CB current a/c AU$ # 411110236694,Australia,CARDSUCCESS,DDCARD PAYMENT:MESDDDP0753UNHOHF694I,2.0,,ch_3SIA8yLrnBTnlT7b0LkIPm7c,CPMT: 53424-DDI00053,CPMT: 53424-DDI00053-14/10/2025,
14/10/2025,53681,53681-DDI00051,Ndevor Systems Ltd : Phorest Australia,11010 Accounts Receivable : Trade Debtors,AUD,1.0,543.24,10130 Bank : CB current a/c AU$ # 411110236694,Australia,CARDSUCCESS,DDCARD PAYMENT:MESDDD2A8ZX3OW8FQETOY,2.0,,ch_3SIA91LrnBTnlT7b1puBtsXU,CPMT: 53681-DDI00051,CPMT: 53681-DDI00051-14/10/2025,
14/10/2025,53783,53783-DDI00048,Ndevor Systems Ltd : Phorest Australia,11010 Accounts Receivable : Trade Debtors,AUD,1.0,240.9,10130 Bank : CB current a/c AU$ # 411110236694,Australia,CARDSUCCESS,DDCARD PAYMENT:MESDDD289ZQ7HDC2VO3A3,2.0,,ch_3SIA93LrnBTnlT7b1m3yZoOw,CPMT: 53783-DDI00048,CPMT: 53783-DDI00048-14/10/2025,
14/10/2025,53883,53883-DDI00048,Ndevor Systems Ltd : Phorest Australia,11010 Accounts Receivable : Trade Debtors,AUD,1.0,337.19,10130 Bank : CB current a/c AU$ # 411110236694,Australia,CARDSUCCESS,DDCARD PAYMENT:MESDDD0OWM40X4OE03GOD,2.0,,ch_3SIA9ALrnBTnlT7b1RP7CS00,CPMT: 53883-DDI00048,CPMT: 53883-DDI00048-14/10/2025,
14/10/2025,53884,53884-DDI00048,Ndevor Systems Ltd : Phorest Australia,11010 Accounts Receivable : Trade Debtors,AUD,1.0,306.9,10130 Bank : CB current a/c AU$ # 411110236694,Australia,CARDSUCCESS,DDCARD PAYMENT:MESDDDHDG7D4ZL1U7SG59,2.0,,ch_3SIA9DLrnBTnlT7b0WTi4DB8,CPMT: 53884-DDI00048,CPMT: 53884-DDI00048-14/10/2025,
14/10/2025,53887,53887-DDI00051,Ndevor Systems Ltd : Phorest Australia,11010 Accounts Receivable : Trade Debtors,AUD,1.0,317.37,10130 Bank : CB current a/c AU$ # 411110236694,Australia,CARDSUCCESS,DDCARD PAYMENT:MESDDD6AL22HC51OVMBNL,2.0,,ch_3SIA9FLrnBTnlT7b0z2VqFuq,CPMT: 53887-DDI00051,CPMT: 53887-DDI00051-14/10/2025,
14/10/2025,54132,54132-DDI00050,Ndevor Systems Ltd : Phorest Australia,11010 Accounts Receivable : Trade Debtors,AUD,1.0,348.59,10130 Bank : CB current a/c AU$ # 411110236694,Australia,CARDSUCCESS,DDCARD PAYMENT:MESDDD8IO2BD06NWZ25P6,2.0,,ch_3SIA9HLrnBTnlT7b1rpyI9MM,CPMT: 54132-DDI00050,CPMT: 54132-DDI00050-14/10/2025,
14/10/2025,54292,54292-DDI00052,Ndevor Systems Ltd : Phorest Australia,11010 Accounts Receivable : Trade Debtors,AUD,1.0,425.89,10130 Bank : CB current a/c AU$ # 411110236694,Australia,CARDSUCCESS,DDCARD PAYMENT:MESDDD2OK3SR27PM7QHGG,2.0,,ch_3SIA9KLrnBTnlT7b0VQ9b5ac,CPMT: 54292-DDI00052,CPMT: 54292-DDI00052-14/10/2025,
14/10/2025,54371,54371-DDI00049,Ndevor Systems Ltd : Phorest Australia,11010 Accounts Receivable : Trade Debtors,AUD,1.0,317.9,10130 Bank : CB current a/c AU$ # 411110236694,Australia,CARDSUCCESS,DDCARD PAYMENT:MESDDD8R48G6Z79T6NT4Z,2.0,,ch_3SIA9MLrnBTnlT7b0csWjwB9,CPMT: 54371-DDI00049,CPMT: 54371-DDI00049-14/10/2025,
14/10/2025,54509,54509-DDI00050,Ndevor Systems Ltd : Phorest Australia,11010 Accounts Receivable : Trade Debtors,AUD,1.0,319.53,10130 Bank : CB current a/c AU$ # 411110236694,Australia,CARDSUCCESS,DDCARD PAYMENT:MESDDD7G30RG288E18905,2.0,,ch_3SIA9OLrnBTnlT7b1MG5pX1L,CPMT: 54509-DDI00050,CPMT: 54509-DDI00050-14/10/2025,
14/10/2025,54546,54546-DDI00030,Ndevor Systems Ltd : Phorest Australia,11010 Accounts Receivable : Trade Debtors,AUD,1.0,329.97,10130 Bank : CB current a/c AU$ # 411110236694,Australia,CARDSUCCESS,DDCARD PAYMENT:MESDDDSW0M24800KHLBY2,2.0,,ch_3SIA9RLrnBTnlT7b0TsTXnyS,CPMT: 54546-DDI00030,CPMT: 54546-DDI00030-14/10/2025,
14/10/2025,54547,54547-DDI00049,Ndevor Systems Ltd : Phorest Australia,11010 Accounts Receivable : Trade Debtors,AUD,1.0,608.34,10130 Bank : CB current a/c AU$ # 411110236694,Australia,CARDSUCCESS,DDCARD PAYMENT:MESDDDH9772IZ1P52XE79,2.0,,ch_3SIA9TLrnBTnlT7b1PJh9fLO,CPMT: 54547-DDI00049,CPMT: 54547-DDI00049-14/10/2025,
14/10/2025,54673,54673-DDI00029,Ndevor Systems Ltd : Phorest Australia,11010 Accounts Receivable : Trade Debtors,AUD,1.0,204.6,10130 Bank : CB current a/c AU$ # 411110236694,Australia,CARDSUCCESS,DDCARD PAYMENT:MESDDDA78T1E6G61FC397,2.0,,ch_3SIA9VLrnBTnlT7b1VqcaC44,CPMT: 54673-DDI00029,CPMT: 54673-DDI00029-14/10/2025,
14/10/2025,62425,62425-DDI00015,Ndevor Systems Ltd : Phorest Australia,11010 Accounts Receivable : Trade Debtors,AUD,1.0,487.77,10130 Bank : CB current a/c AU$ # 411110236694,Australia,CARDSUCCESS,DDCARD PAYMENT:MESDDD6T9K2F56W019178,2.0,,ch_3SIAEjLrnBTnlT7b12sOWH49,CPMT: 62425-DDI00015,CPMT: 62425-DDI00015-14/10/2025,
14/10/2025,54797,54797-DDI00050,Ndevor Systems Ltd : Phorest Australia,11010 Accounts Receivable : Trade Debtors,AUD,1.0,330.8,10130 Bank : CB current a/c AU$ # 411110236694,Australia,CARDSUCCESS,DDCARD PAYMENT:MESDDD7N8M60D2BT1CFO9,2.0,,ch_3SIA9aLrnBTnlT7b1AGqyn6G,CPMT: 54797-DDI00050,CPMT: 54797-DDI00050-14/10/2025,
14/10/2025,55048,55048-DDI00049,Ndevor Systems Ltd : Phorest Australia,11010 Accounts Receivable : Trade Debtors,AUD,1.0,359.36,10130 Bank : CB current a/c AU$ # 411110236694,Australia,CARDSUCCESS,DDCARD PAYMENT:MESDDDAF2ET36V5UV88ZD,2.0,,ch_3SIA9cLrnBTnlT7b1o6oQq8w,CPMT: 55048-DDI00049,CPMT: 55048-DDI00049-14/10/2025,
14/10/2025,55209,55209-DDI00048,Ndevor Systems Ltd : Phorest Australia,11010 Accounts Receivable : Trade Debtors,AUD,1.0,436.56,10130 Bank : CB current a/c AU$ # 411110236694,Australia,CARDSUCCESS,DDCARD PAYMENT:MESDDDPUW5HL0080JRUG9,2.0,,ch_3SIA9fLrnBTnlT7b1gTTZUYR,CPMT: 55209-DDI00048,CPMT: 55209-DDI00048-14/10/2025,
14/10/2025,55211,55211-DDI00049,Ndevor Systems Ltd : Phorest Australia,11010 Accounts Receivable : Trade Debtors,AUD,1.0,270.93,10130 Bank : CB current a/c AU$ # 411110236694,Australia,CARDSUCCESS,DDCARD PAYMENT:MESDDD49980643E5Z8NFE,2.0,,ch_3SIA9hLrnBTnlT7b0fVQUxb6,CPMT: 55211-DDI00049,CPMT: 55211-DDI00049-14/10/2025,
14/10/2025,55489,55489-DDI00049,Ndevor Systems Ltd : Phorest Australia,11010 Accounts Receivable : Trade Debtors,AUD,1.0,319.43,10130 Bank : CB current a/c AU$ # 411110236694,Australia,CARDSUCCESS,DDCARD PAYMENT:MESDDDTDJXV3R0RXB321A,2.0,,ch_3SIA9jLrnBTnlT7b1U1i5pHI,CPMT: 55489-DDI00049,CPMT: 55489-DDI00049-14/10/2025,
14/10/2025,55491,55491-DDI00026,Ndevor Systems Ltd : Phorest Australia,11010 Accounts Receivable : Trade Debtors,AUD,1.0,351.3,10130 Bank : CB current a/c AU$ # 411110236694,Australia,CARDSUCCESS,DDCARD PAYMENT:MESDDDX6Z3WYB206CL391,2.0,,ch_3SIA9mLrnBTnlT7b0QEhpFKI,CPMT: 55491-DDI00026,CPMT: 55491-DDI00026-14/10/2025,
14/10/2025,55585,55585-DDI00048,Ndevor Systems Ltd : Phorest Australia,11010 Accounts Receivable : Trade Debtors,AUD,1.0,469.15,10130 Bank : CB current a/c AU$ # 411110236694,Australia,CARDSUCCESS,DDCARD PAYMENT:MESDDD68EV9H1E7972O82,2.0,,ch_3SIA9oLrnBTnlT7b1ECZNIFI,CPMT: 55585-DDI00048,CPMT: 55585-DDI00048-14/10/2025,
14/10/2025,53219,53219-DDI00051,Ndevor Systems Ltd : Phorest Australia,11010 Accounts Receivable : Trade Debtors,AUD,1.0,546.84,10130 Bank : CB current a/c AU$ # 411110236694,Australia,CARDSUCCESS,DDCARD PAYMENT:MESDDD690215957MII5GE,2.0,,ch_3SIA8mLrnBTnlT7b0DlGTkec,CPMT: 53219-DDI00051,CPMT: 53219-DDI00051-14/10/2025,
14/10/2025,55735,55735-DDI00048,Ndevor Systems Ltd : Phorest Australia,11010 Accounts Receivable : Trade Debtors,AUD,1.0,306.9,10130 Bank : CB current a/c AU$ # 411110236694,Australia,CARDSUCCESS,DDCARD PAYMENT:MESDDD7C3UGN5Z16GK9I0,2.0,,ch_3SIA9tLrnBTnlT7b18Yfmbem,CPMT: 55735-DDI00048,CPMT: 55735-DDI00048-14/10/2025,
14/10/2025,53165,53165-DDI00052,Ndevor Systems Ltd : Phorest Australia,11010 Accounts Receivable : Trade Debtors,AUD,1.0,347.55,10130 Bank : CB current a/c AU$ # 411110236694,Australia,CARDSUCCESS,DDCARD PAYMENT:MESDDDC8FD75Z9618G9P0,2.0,,ch_3SIA8jLrnBTnlT7b0GnUGHZI,CPMT: 53165-DDI00052,CPMT: 53165-DDI00052-14/10/2025,
14/10/2025,53043,53043-DDI00052,Ndevor Systems Ltd : Phorest Australia,11010 Accounts Receivable : Trade Debtors,AUD,1.0,451.88,10130 Bank : CB current a/c AU$ # 411110236694,Australia,CARDSUCCESS,DDCARD PAYMENT:MESDDDBG72929U8N4PGE4,2.0,,ch_3SIA8fLrnBTnlT7b1B9p7NTx,CPMT: 53043-DDI00052,CPMT: 53043-DDI00052-14/10/2025,
14/10/2025,51878,51878-DDI00056,Ndevor Systems Ltd : Phorest Australia,11010 Accounts Receivable : Trade Debtors,AUD,1.0,460.85,10130 Bank : CB current a/c AU$ # 411110236694,Australia,CARDSUCCESS,DDCARD PAYMENT:MESDDDLEPY5880RI2766C,2.0,,ch_3SIA7dLrnBTnlT7b1niYRNuv,CPMT: 51878-DDI00056,CPMT: 51878-DDI00056-14/10/2025,
14/10/2025,51885,51885-DDI00054,Ndevor Systems Ltd : Phorest Australia,11010 Accounts Receivable : Trade Debtors,AUD,1.0,518.03,10130 Bank : CB current a/c AU$ # 411110236694,Australia,CARDSUCCESS,DDCARD PAYMENT:MESDDDSBIZQ4B2F25WA25,2.0,,ch_3SIA7iLrnBTnlT7b0rQtI34Q,CPMT: 51885-DDI00054,CPMT: 51885-DDI00054-14/10/2025,
14/10/2025,51964,51964-DDI00054,Ndevor Systems Ltd : Phorest Australia,11010 Accounts Receivable : Trade Debtors,AUD,1.0,97.9,10130 Bank : CB current a/c AU$ # 411110236694,Australia,CARDSUCCESS,DDCARD PAYMENT:MESDDDIK1H8XQC9431G35,2.0,,ch_3SIA7kLrnBTnlT7b0U8m4Sl2,CPMT: 51964-DDI00054,CPMT: 51964-DDI00054-14/10/2025,
14/10/2025,51998,51998-DDI00029,Ndevor Systems Ltd : Phorest Australia,11010 Accounts Receivable : Trade Debtors,AUD,1.0,280.32,10130 Bank : CB current a/c AU$ # 411110236694,Australia,CARDSUCCESS,DDCARD PAYMENT:MESDDDRY803VQK9TPZN9F,2.0,,ch_3SIA7mLrnBTnlT7b10rWg4cU,CPMT: 51998-DDI00029,CPMT: 51998-DDI00029-14/10/2025,
14/10/2025,52460,52460-DDI00054,Ndevor Systems Ltd : Phorest Australia,11010 Accounts Receivable : Trade Debtors,AUD,1.0,490.5,10130 Bank : CB current a/c AU$ # 411110236694,Australia,CARDSUCCESS,DDCARD PAYMENT:MESDDDA3EQUOP8X6ZV9NM,2.0,,ch_3SIA7pLrnBTnlT7b08XCdT2j,CPMT: 52460-DDI00054,CPMT: 52460-DDI00054-14/10/2025,
14/10/2025,52461,52461-DDI00056,Ndevor Systems Ltd : Phorest Australia,11010 Accounts Receivable : Trade Debtors,AUD,1.0,414.7,10130 Bank : CB current a/c AU$ # 411110236694,Australia,CARDSUCCESS,DDCARD PAYMENT:MESDDDH5EA50Z8WK0C2BZ,2.0,,ch_3SIA7rLrnBTnlT7b1vgCZFOQ,CPMT: 52461-DDI00056,CPMT: 52461-DDI00056-14/10/2025,
14/10/2025,52462,52462-DDI00056,Ndevor Systems Ltd : Phorest Australia,11010 Accounts Receivable : Trade Debtors,AUD,1.0,414.7,10130 Bank : CB current a/c AU$ # 411110236694,Australia,CARDSUCCESS,DDCARD PAYMENT:MESDDDD76MIPJR0W5Z770,2.0,,ch_3SIA7uLrnBTnlT7b1NDxaa58,CPMT: 52462-DDI00056,CPMT: 52462-DDI00056-14/10/2025,
14/10/2025,50683,50683-DDI00056,Ndevor Systems Ltd : Phorest Australia,11010 Accounts Receivable : Trade Debtors,AUD,1.0,187.29,10130 Bank : CB current a/c AU$ # 411110236694,Australia,CARDSUCCESS,DDCARD PAYMENT:MESDDD3J4D8EAVYSZW3GE,2.0,,ch_3SIA7xLrnBTnlT7b1lLQd7o8,CPMT: 50683-DDI00056,CPMT: 50683-DDI00056-14/10/2025,
14/10/2025,50722,50722-DDI00029,Ndevor Systems Ltd : Phorest Australia,11010 Accounts Receivable : Trade Debtors,AUD,1.0,182.47,10130 Bank : CB current a/c AU$ # 411110236694,Australia,CARDSUCCESS,DDCARD PAYMENT:MESDDD9F5PCCTMV2830JL,2.0,,ch_3SIA7zLrnBTnlT7b0yrw5x8O,CPMT: 50722-DDI00029,CPMT: 50722-DDI00029-14/10/2025,
14/10/2025,50778,50778-DDI00055,Ndevor Systems Ltd : Phorest Australia,11010 Accounts Receivable : Trade Debtors,AUD,1.0,316.49,10130 Bank : CB current a/c AU$ # 411110236694,Australia,CARDSUCCESS,DDCARD PAYMENT:MESDDD3JU77FA584PI77B,2.0,,ch_3SIA81LrnBTnlT7b1Q13AeNl,CPMT: 50778-DDI00055,CPMT: 50778-DDI00055-14/10/2025,
14/10/2025,50895,50895-DDI00050,Ndevor Systems Ltd : Phorest Australia,11010 Accounts Receivable : Trade Debtors,AUD,1.0,399.75,10130 Bank : CB current a/c AU$ # 411110236694,Australia,CARDSUCCESS,DDCARD PAYMENT:MESDDDN87569SY97P3N5Z,2.0,,ch_3SIA84LrnBTnlT7b1KVxVC1k,CPMT: 50895-DDI00050,CPMT: 50895-DDI00050-14/10/2025,
14/10/2025,50939,50939-DDI00054,Ndevor Systems Ltd : Phorest Australia,11010 Accounts Receivable : Trade Debtors,AUD,1.0,388.34,10130 Bank : CB current a/c AU$ # 411110236694,Australia,CARDSUCCESS,DDCARD PAYMENT:MESDDDV64E23QS5FKS5H9,2.0,,ch_3SIA86LrnBTnlT7b1aVtpjfH,CPMT: 50939-DDI00054,CPMT: 50939-DDI00054-14/10/2025,
14/10/2025,51031,51031-DDI00056,Ndevor Systems Ltd : Phorest Australia,11010 Accounts Receivable : Trade Debtors,AUD,1.0,455.61,10130 Bank : CB current a/c AU$ # 411110236694,Australia,CARDSUCCESS,DDCARD PAYMENT:MESDDDW5T3264X1AZXZ40,2.0,,ch_3SIA88LrnBTnlT7b0rO6N31Z,CPMT: 51031-DDI00056,CPMT: 51031-DDI00056-14/10/2025,
14/10/2025,51099,51099-DDI00056,Ndevor Systems Ltd : Phorest Australia,11010 Accounts Receivable : Trade Debtors,AUD,1.0,554.52,10130 Bank : CB current a/c AU$ # 411110236694,Australia,CARDSUCCESS,DDCARD PAYMENT:MESDDDUY41TGR616CRRH6,2.0,,ch_3SIA8ALrnBTnlT7b0h4yWe2P,CPMT: 51099-DDI00056,CPMT: 51099-DDI00056-14/10/2025,
14/10/2025,51138,51138-DDI00056,Ndevor Systems Ltd : Phorest Australia,11010 Accounts Receivable : Trade Debtors,AUD,1.0,443.3,10130 Bank : CB current a/c AU$ # 411110236694,Australia,CARDSUCCESS,DDCARD PAYMENT:MESDDD10I1137509VIK74,2.0,,ch_3SIA8ELrnBTnlT7b0dEMUScV,CPMT: 51138-DDI00056,CPMT: 51138-DDI00056-14/10/2025,
14/10/2025,52467,52467-DDI00052,Ndevor Systems Ltd : Phorest Australia,11010 Accounts Receivable : Trade Debtors,AUD,1.0,505.63,10130 Bank : CB current a/c AU$ # 411110236694,Australia,CARDSUCCESS,DDCARD PAYMENT:MESDDD4S455S4HZ9E1B72,2.0,,ch_3SIA8GLrnBTnlT7b1QtkRh6Z,CPMT: 52467-DDI00052,CPMT: 52467-DDI00052-14/10/2025,
14/10/2025,52471,52471-DDI00056,Ndevor Systems Ltd : Phorest Australia,11010 Accounts Receivable : Trade Debtors,AUD,1.0,414.7,10130 Bank : CB current a/c AU$ # 411110236694,Australia,CARDSUCCESS,DDCARD PAYMENT:MESDDD45BUD9AB22YRAPO,2.0,,ch_3SIA8ILrnBTnlT7b1PfUiEvs,CPMT: 52471-DDI00056,CPMT: 52471-DDI00056-14/10/2025,
14/10/2025,52513,52513-DDI00035,Ndevor Systems Ltd : Phorest Australia,11010 Accounts Receivable : Trade Debtors,AUD,1.0,230.87,10130 Bank : CB current a/c AU$ # 411110236694,Australia,CARDSUCCESS,DDCARD PAYMENT:MESDDD7F3L017ZR5NLFO8,2.0,,ch_3SIA8OLrnBTnlT7b1DroFQqh,CPMT: 52513-DDI00035,CPMT: 52513-DDI00035-14/10/2025,
14/10/2025,52515,52515-DDI00028,Ndevor Systems Ltd : Phorest Australia,11010 Accounts Receivable : Trade Debtors,AUD,1.0,306.9,10130 Bank : CB current a/c AU$ # 411110236694,Australia,CARDSUCCESS,DDCARD PAYMENT:MESDDDT1M393Y3XM21P4M,2.0,,ch_3SIA8QLrnBTnlT7b1wxllHgL,CPMT: 52515-DDI00028,CPMT: 52515-DDI00028-14/10/2025,
14/10/2025,52565,52565-DDI00052,Ndevor Systems Ltd : Phorest Australia,11010 Accounts Receivable : Trade Debtors,AUD,1.0,125.4,10130 Bank : CB current a/c AU$ # 411110236694,Australia,CARDSUCCESS,DDCARD PAYMENT:MESDDD72249DP67C6OWT0,2.0,,ch_3SIA8SLrnBTnlT7b0qRvYpYA,CPMT: 52565-DDI00052,CPMT: 52565-DDI00052-14/10/2025,
14/10/2025,52599,52599-DDI00043,Ndevor Systems Ltd : Phorest Australia,11010 Accounts Receivable : Trade Debtors,AUD,1.0,420.51,10130 Bank : CB current a/c AU$ # 411110236694,Australia,CARDSUCCESS,DDCARD PAYMENT:MESDDD388ITRHBSNC90TB,2.0,,ch_3SIA8VLrnBTnlT7b1schP5Qx,CPMT: 52599-DDI00043,CPMT: 52599-DDI00043-14/10/2025,
14/10/2025,52632,52632-DDI00056,Ndevor Systems Ltd : Phorest Australia,11010 Accounts Receivable : Trade Debtors,AUD,1.0,414.7,10130 Bank : CB current a/c AU$ # 411110236694,Australia,CARDSUCCESS,DDCARD PAYMENT:MESDDDIN39N9N5KGH13YD,2.0,,ch_3SIA8XLrnBTnlT7b04dxZUem,CPMT: 52632-DDI00056,CPMT: 52632-DDI00056-14/10/2025,
14/10/2025,52982,52982-DDI00052,Ndevor Systems Ltd : Phorest Australia,11010 Accounts Receivable : Trade Debtors,AUD,1.0,432.1,10130 Bank : CB current a/c AU$ # 411110236694,Australia,CARDSUCCESS,DDCARD PAYMENT:MESDDDX7LE9E30NOS8365,2.0,,ch_3SIA8aLrnBTnlT7b1sRWp2Vu,CPMT: 52982-DDI00052,CPMT: 52982-DDI00052-14/10/2025,
14/10/2025,53163,53163-DDI00051,Ndevor Systems Ltd : Phorest Australia,11010 Accounts Receivable : Trade Debtors,AUD,1.0,399.47,10130 Bank : CB current a/c AU$ # 411110236694,Australia,CARDSUCCESS,DDCARD PAYMENT:MESDDDVE238R78F7SQ376,2.0,,ch_3SIA8hLrnBTnlT7b1t3vuksi,CPMT: 53163-DDI00051,CPMT: 53163-DDI00051-14/10/2025,
14/10/2025,62515,62515-DDI00029,Ndevor Systems Ltd : Phorest Australia,11010 Accounts Receivable : Trade Debtors,AUD,1.0,399.91,10130 Bank : CB current a/c AU$ # 411110236694,Australia,CARDSUCCESS,DDCARD PAYMENT:MESDDDS0C05TXGYDW4XO0,2.0,,ch_3SIAEmLrnBTnlT7b1BQ5XA8x,CPMT: 62515-DDI00029,CPMT: 62515-DDI00029-14/10/2025,
14/10/2025,63670,63670-DDI00027,Ndevor Systems Ltd : Phorest Australia,11010 Accounts Receivable : Trade Debtors,AUD,1.0,563.4,10130 Bank : CB current a/c AU$ # 411110236694,Australia,CARDSUCCESS,DDCARD PAYMENT:MESDDDN688KN2T79O5TDV,2.0,,ch_3SIAFDLrnBTnlT7b1m6Z4iXi,CPMT: 63670-DDI00027,CPMT: 63670-DDI00027-14/10/2025,
14/10/2025,62652,62652-DDI00027,Ndevor Systems Ltd : Phorest Australia,11010 Accounts Receivable : Trade Debtors,AUD,1.0,416.9,10130 Bank : CB current a/c AU$ # 411110236694,Australia,CARDSUCCESS,DDCARD PAYMENT:MESDDDJ4O9ZBP2TM90R7D,2.0,,ch_3SIAErLrnBTnlT7b1atWeb8e,CPMT: 62652-DDI00027,CPMT: 62652-DDI00027-14/10/2025,
14/10/2025,82654,82654-DDI00012,Ndevor Systems Ltd : Phorest Australia,11010 Accounts Receivable : Trade Debtors,AUD,1.0,187.75,10130 Bank : CB current a/c AU$ # 411110236694,Australia,CARDSUCCESS,DDCARD PAYMENT:MESDDDXO19FU5EX9VYU11,2.0,,ch_3SIALALrnBTnlT7b0xpf0uzu,CPMT: 82654-DDI00012,CPMT: 82654-DDI00012-14/10/2025,
14/10/2025,82722,82722-DDI00010,Ndevor Systems Ltd : Phorest Australia,11010 Accounts Receivable : Trade Debtors,AUD,1.0,396.17,10130 Bank : CB current a/c AU$ # 411110236694,Australia,CARDSUCCESS,DDCARD PAYMENT:MESDDDG1BR2IC0M4TRPK0,2.0,,ch_3SIALCLrnBTnlT7b1cGqqYfZ,CPMT: 82722-DDI00010,CPMT: 82722-DDI00010-14/10/2025,
14/10/2025,82725,82725-DDI00010,Ndevor Systems Ltd : Phorest Australia,11010 Accounts Receivable : Trade Debtors,AUD,1.0,30.33,10130 Bank : CB current a/c AU$ # 411110236694,Australia,CARDSUCCESS,DDCARD PAYMENT:MESDDD737A9YD83D17WM6,2.0,,ch_3SIALHLrnBTnlT7b0fZxr5RV,CPMT: 82725-DDI00010,CPMT: 82725-DDI00010-14/10/2025,
14/10/2025,82814,82814-DDI00008,Ndevor Systems Ltd : Phorest Australia,11010 Accounts Receivable : Trade Debtors,AUD,1.0,948.19,10130 Bank : CB current a/c AU$ # 411110236694,Australia,CARDSUCCESS,DDCARD PAYMENT:MESDDDJ73K77F582G53G1,2.0,,ch_3SIALKLrnBTnlT7b1vZDW6Nc,CPMT: 82814-DDI00008,CPMT: 82814-DDI00008-14/10/2025,
14/10/2025,83047,83047-DDI00012,Ndevor Systems Ltd : Phorest Australia,11010 Accounts Receivable : Trade Debtors,AUD,1.0,458.51,10130 Bank : CB current a/c AU$ # 411110236694,Australia,CARDSUCCESS,DDCARD PAYMENT:MESDDDPWMT0W48S07697S,2.0,,ch_3SIALPLrnBTnlT7b1zYAmBQ5,CPMT: 83047-DDI00012,CPMT: 83047-DDI00012-14/10/2025,
14/10/2025,83048,83048-DDI00012,Ndevor Systems Ltd : Phorest Australia,11010 Accounts Receivable : Trade Debtors,AUD,1.0,444.5,10130 Bank : CB current a/c AU$ # 411110236694,Australia,CARDSUCCESS,DDCARD PAYMENT:MESDDDH79WIIJQ6MQ8X9Q,2.0,,ch_3SIALSLrnBTnlT7b1ahXLRXK,CPMT: 83048-DDI00012,CPMT: 83048-DDI00012-14/10/2025,
14/10/2025,83050,83050-DDI00014,Ndevor Systems Ltd : Phorest Australia,11010 Accounts Receivable : Trade Debtors,AUD,1.0,515.0,10130 Bank : CB current a/c AU$ # 411110236694,Australia,CARDSUCCESS,DDCARD PAYMENT:MESDDD61UW1H4B30AOCY6,2.0,,ch_3SIALXLrnBTnlT7b0belBnbW,CPMT: 83050-DDI00014,CPMT: 83050-DDI00014-14/10/2025,
14/10/2025,83167,83167-DDI00010,Ndevor Systems Ltd : Phorest Australia,11010 Accounts Receivable : Trade Debtors,AUD,1.0,416.9,10130 Bank : CB current a/c AU$ # 411110236694,Australia,CARDSUCCESS,DDCARD PAYMENT:MESDDD8UQP18P4YJ110L3,2.0,,ch_3SIALaLrnBTnlT7b0EIZeZgz,CPMT: 83167-DDI00010,CPMT: 83167-DDI00010-14/10/2025,
14/10/2025,83236,83236-DDI00010,Ndevor Systems Ltd : Phorest Australia,11010 Accounts Receivable : Trade Debtors,AUD,1.0,477.64,10130 Bank : CB current a/c AU$ # 411110236694,Australia,CARDSUCCESS,DDCARD PAYMENT:MESDDDGW1I7JG04432R29,2.0,,ch_3SIALcLrnBTnlT7b1l0yZ1Ev,CPMT: 83236-DDI00010,CPMT: 83236-DDI00010-14/10/2025,
14/10/2025,83237,83237-DDI00010,Ndevor Systems Ltd : Phorest Australia,11010 Accounts Receivable : Trade Debtors,AUD,1.0,412.19,10130 Bank : CB current a/c AU$ # 411110236694,Australia,CARDSUCCESS,DDCARD PAYMENT:MESDDD8W2J86YU5354DI9,2.0,,ch_3SIALfLrnBTnlT7b0LcYx0QR,CPMT: 83237-DDI00010,CPMT: 83237-DDI00010-14/10/2025,
14/10/2025,82432,82432-DDI00011,Ndevor Systems Ltd : Phorest Australia,11010 Accounts Receivable : Trade Debtors,AUD,1.0,506.77,10130 Bank : CB current a/c AU$ # 411110236694,Australia,CARDSUCCESS,DDCARD PAYMENT:MESDDD2G85VMKOMMDHP8U,2.0,,ch_3SIAL8LrnBTnlT7b09mPYeQE,CPMT: 82432-DDI00011,CPMT: 82432-DDI00011-14/10/2025,
14/10/2025,83406,83406-DDI00010,Ndevor Systems Ltd : Phorest Australia,11010 Accounts Receivable : Trade Debtors,AUD,1.0,2140.77,10130 Bank : CB current a/c AU$ # 411110236694,Australia,CARDSUCCESS,DDCARD PAYMENT:MESDDDZ099SR60V2E5HB9,2.0,,ch_3SIALhLrnBTnlT7b02Ww4OLy,CPMT: 83406-DDI00010,CPMT: 83406-DDI00010-14/10/2025,
14/10/2025,83659,83659-DDI00010,Ndevor Systems Ltd : Phorest Australia,11010 Accounts Receivable : Trade Debtors,AUD,1.0,262.9,10130 Bank : CB current a/c AU$ # 411110236694,Australia,CARDSUCCESS,DDCARD PAYMENT:MESDDDYF52645T8O9JA4P,2.0,,ch_3SIALmLrnBTnlT7b1vk8B8Dj,CPMT: 83659-DDI00010,CPMT: 83659-DDI00010-14/10/2025,
14/10/2025,83667,83667-DDI00009,Ndevor Systems Ltd : Phorest Australia,11010 Accounts Receivable : Trade Debtors,AUD,1.0,480.11,10130 Bank : CB current a/c AU$ # 411110236694,Australia,CARDSUCCESS,DDCARD PAYMENT:MESDDDHT1WDCIT792W36H,2.0,,ch_3SIALoLrnBTnlT7b0qbG3mVD,CPMT: 83667-DDI00009,CPMT: 83667-DDI00009-14/10/2025,
14/10/2025,83745,83745-DDI00011,Ndevor Systems Ltd : Phorest Australia,11010 Accounts Receivable : Trade Debtors,AUD,1.0,384.87,10130 Bank : CB current a/c AU$ # 411110236694,Australia,CARDSUCCESS,DDCARD PAYMENT:MESDDD63F28D0O0403B9P,2.0,,ch_3SIALrLrnBTnlT7b1dar89pI,CPMT: 83745-DDI00011,CPMT: 83745-DDI00011-14/10/2025,
14/10/2025,83952,83952-DDI00011,Ndevor Systems Ltd : Phorest Australia,11010 Accounts Receivable : Trade Debtors,AUD,1.0,433.4,10130 Bank : CB current a/c AU$ # 411110236694,Australia,CARDSUCCESS,DDCARD PAYMENT:MESDDD7WA4Q7YKA03YQTW,2.0,,ch_3SIALtLrnBTnlT7b11pHxEVN,CPMT: 83952-DDI00011,CPMT: 83952-DDI00011-14/10/2025,
14/10/2025,84256,84256-DDI00005,Ndevor Systems Ltd : Phorest Australia,11010 Accounts Receivable : Trade Debtors,AUD,1.0,417.84,10130 Bank : CB current a/c AU$ # 411110236694,Australia,CARDSUCCESS,DDCARD PAYMENT:MESDDD2AF7A8V593CYKT8,2.0,,ch_3SIALvLrnBTnlT7b0o8WXlaJ,CPMT: 84256-DDI00005,CPMT: 84256-DDI00005-14/10/2025,
14/10/2025,84362,84362-DDI00012,Ndevor Systems Ltd : Phorest Australia,11010 Accounts Receivable : Trade Debtors,AUD,1.0,488.52,10130 Bank : CB current a/c AU$ # 411110236694,Australia,CARDSUCCESS,DDCARD PAYMENT:MESDDD54XM6ZQ4D2PO729,2.0,,ch_3SIALyLrnBTnlT7b13dWroG3,CPMT: 84362-DDI00012,CPMT: 84362-DDI00012-14/10/2025,
14/10/2025,84372,84372-DDI00012,Ndevor Systems Ltd : Phorest Australia,11010 Accounts Receivable : Trade Debtors,AUD,1.0,555.94,10130 Bank : CB current a/c AU$ # 411110236694,Australia,CARDSUCCESS,DDCARD PAYMENT:MESDDD45619U8IRT89WUG,2.0,,ch_3SIAM0LrnBTnlT7b0mSgVAy1,CPMT: 84372-DDI00012,CPMT: 84372-DDI00012-14/10/2025,
14/10/2025,84416,84416-DDI00011,Ndevor Systems Ltd : Phorest Australia,11010 Accounts Receivable : Trade Debtors,AUD,1.0,584.98,10130 Bank : CB current a/c AU$ # 411110236694,Australia,CARDSUCCESS,DDCARD PAYMENT:MESDDD63KV1K6MT8Q45XP,2.0,,ch_3SIAM2LrnBTnlT7b1omFOgyR,CPMT: 84416-DDI00011,CPMT: 84416-DDI00011-14/10/2025,
14/10/2025,84818,84818-DDI00009,Ndevor Systems Ltd : Phorest Australia,11010 Accounts Receivable : Trade Debtors,AUD,1.0,325.6,10130 Bank : CB current a/c AU$ # 411110236694,Australia,CARDSUCCESS,DDCARD PAYMENT:MESDDDLHKZ48PIP1NU6H0,2.0,,ch_3SIAM8LrnBTnlT7b03jqh3Kw,CPMT: 84818-DDI00009,CPMT: 84818-DDI00009-14/10/2025,
14/10/2025,85065,85065-DDI00010,Ndevor Systems Ltd : Phorest Australia,11010 Accounts Receivable : Trade Debtors,AUD,1.0,561.89,10130 Bank : CB current a/c AU$ # 411110236694,Australia,CARDSUCCESS,DDCARD PAYMENT:MESDDD58Z4EE76VQVLPAL,2.0,,ch_3SIAMALrnBTnlT7b03hFgxjr,CPMT: 85065-DDI00010,CPMT: 85065-DDI00010-14/10/2025,
14/10/2025,83464,83464-DDI00011,Ndevor Systems Ltd : Phorest Australia,11010 Accounts Receivable : Trade Debtors,AUD,1.0,433.4,10130 Bank : CB current a/c AU$ # 411110236694,Australia,CARDSUCCESS,DDCARD PAYMENT:MESDDD5GKC061PVYL1PJ5,2.0,,ch_3SIALjLrnBTnlT7b14LWPYrT,CPMT: 83464-DDI00011,CPMT: 83464-DDI00011-14/10/2025,
14/10/2025,81958,81958-DDI00006,Ndevor Systems Ltd : Phorest Australia,11010 Accounts Receivable : Trade Debtors,AUD,1.0,113.11,10130 Bank : CB current a/c AU$ # 411110236694,Australia,CARDSUCCESS,DDCARD PAYMENT:MESDDDY22RN62226HC4EN,2.0,,ch_3SIAL6LrnBTnlT7b1alDFZKi,CPMT: 81958-DDI00006,CPMT: 81958-DDI00006-14/10/2025,
14/10/2025,81925,81925-DDI00005,Ndevor Systems Ltd : Phorest Australia,11010 Accounts Receivable : Trade Debtors,AUD,1.0,78.89,10130 Bank : CB current a/c AU$ # 411110236694,Australia,CARDSUCCESS,DDCARD PAYMENT:MESDDD2Y15TI7AB94Z264,2.0,,ch_3SIAL3LrnBTnlT7b0hpbDmCv,CPMT: 81925-DDI00005,CPMT: 81925-DDI00005-14/10/2025,
14/10/2025,81923,81923-DDI00005,Ndevor Systems Ltd : Phorest Australia,11010 Accounts Receivable : Trade Debtors,AUD,1.0,80.86,10130 Bank : CB current a/c AU$ # 411110236694,Australia,CARDSUCCESS,DDCARD PAYMENT:MESDDDZ2DX2O7CGJS1XIU,2.0,,ch_3SIAKyLrnBTnlT7b0WuNanQx,CPMT: 81923-DDI00005,CPMT: 81923-DDI00005-14/10/2025,
14/10/2025,80550,80550-DDI00014,Ndevor Systems Ltd : Phorest Australia,11010 Accounts Receivable : Trade Debtors,AUD,1.0,490.47,10130 Bank : CB current a/c AU$ # 411110236694,Australia,CARDSUCCESS,DDCARD PAYMENT:MESDDDI55AOJ185D4LLCQ,2.0,,ch_3SIAJxLrnBTnlT7b0mdhm3AX,CPMT: 80550-DDI00014,CPMT: 80550-DDI00014-14/10/2025,
14/10/2025,80551,80551-DDI00013,Ndevor Systems Ltd : Phorest Australia,11010 Accounts Receivable : Trade Debtors,AUD,1.0,380.28,10130 Bank : CB current a/c AU$ # 411110236694,Australia,CARDSUCCESS,DDCARD PAYMENT:MESDDDZMT7230WGOHM3OC,2.0,,ch_3SIAK0LrnBTnlT7b0EpVS2JE,CPMT: 80551-DDI00013,CPMT: 80551-DDI00013-14/10/2025,
14/10/2025,80552,80552-DDI00014,Ndevor Systems Ltd : Phorest Australia,11010 Accounts Receivable : Trade Debtors,AUD,1.0,392.72,10130 Bank : CB current a/c AU$ # 411110236694,Australia,CARDSUCCESS,DDCARD PAYMENT:MESDDD035H310333I8F69,2.0,,ch_3SIAK3LrnBTnlT7b1spoQa5u,CPMT: 80552-DDI00014,CPMT: 80552-DDI00014-14/10/2025,
14/10/2025,80553,80553-DDI00014,Ndevor Systems Ltd : Phorest Australia,11010 Accounts Receivable : Trade Debtors,AUD,1.0,349.33,10130 Bank : CB current a/c AU$ # 411110236694,Australia,CARDSUCCESS,DDCARD PAYMENT:MESDDD59X7H223M516AK7,2.0,,ch_3SIAK5LrnBTnlT7b0PezWciF,CPMT: 80553-DDI00014,CPMT: 80553-DDI00014-14/10/2025,
14/10/2025,80554,80554-DDI00013,Ndevor Systems Ltd : Phorest Australia,11010 Accounts Receivable : Trade Debtors,AUD,1.0,382.79,10130 Bank : CB current a/c AU$ # 411110236694,Australia,CARDSUCCESS,DDCARD PAYMENT:MESDDD759Y6BS9M9H7GC4,2.0,,ch_3SIAK8LrnBTnlT7b1jB9r5X4,CPMT: 80554-DDI00013,CPMT: 80554-DDI00013-14/10/2025,
14/10/2025,80555,80555-DDI00014,Ndevor Systems Ltd : Phorest Australia,11010 Accounts Receivable : Trade Debtors,AUD,1.0,393.72,10130 Bank : CB current a/c AU$ # 411110236694,Australia,CARDSUCCESS,DDCARD PAYMENT:MESDDD48265FM3R4W7WMN,2.0,,ch_3SIAKBLrnBTnlT7b0kPfJzyP,CPMT: 80555-DDI00014,CPMT: 80555-DDI00014-14/10/2025,
14/10/2025,80556,80556-DDI00014,Ndevor Systems Ltd : Phorest Australia,11010 Accounts Receivable : Trade Debtors,AUD,1.0,344.1,10130 Bank : CB current a/c AU$ # 411110236694,Australia,CARDSUCCESS,DDCARD PAYMENT:MESDDDAV9749W049527BX,2.0,,ch_3SIAKELrnBTnlT7b0jOqdkv0,CPMT: 80556-DDI00014,CPMT: 80556-DDI00014-14/10/2025,
14/10/2025,80557,80557-DDI00013,Ndevor Systems Ltd : Phorest Australia,11010 Accounts Receivable : Trade Debtors,AUD,1.0,375.07,10130 Bank : CB current a/c AU$ # 411110236694,Australia,CARDSUCCESS,DDCARD PAYMENT:MESDDDJ18UM11P2062W20,2.0,,ch_3SIAKGLrnBTnlT7b0Az6xKiZ,CPMT: 80557-DDI00013,CPMT: 80557-DDI00013-14/10/2025,
14/10/2025,80558,80558-DDI00014,Ndevor Systems Ltd : Phorest Australia,11010 Accounts Receivable : Trade Debtors,AUD,1.0,371.7,10130 Bank : CB current a/c AU$ # 411110236694,Australia,CARDSUCCESS,DDCARD PAYMENT:MESDDD61YC2UP70M6XT5K,2.0,,ch_3SIAKJLrnBTnlT7b0A3pxLBx,CPMT: 80558-DDI00014,CPMT: 80558-DDI00014-14/10/2025,
14/10/2025,80560,80560-DDI00013,Ndevor Systems Ltd : Phorest Australia,11010 Accounts Receivable : Trade Debtors,AUD,1.0,396.95,10130 Bank : CB current a/c AU$ # 411110236694,Australia,CARDSUCCESS,DDCARD PAYMENT:MESDDD6YZNS368WUV917J,2.0,,ch_3SIAKMLrnBTnlT7b1AWAYIn0,CPMT: 80560-DDI00013,CPMT: 80560-DDI00013-14/10/2025,
14/10/2025,80561,80561-DDI00013,Ndevor Systems Ltd : Phorest Australia,11010 Accounts Receivable : Trade Debtors,AUD,1.0,393.37,10130 Bank : CB current a/c AU$ # 411110236694,Australia,CARDSUCCESS,DDCARD PAYMENT:MESDDDKD0L1E6C993IVQ9,2.0,,ch_3SIAKOLrnBTnlT7b0vcbC1Qa,CPMT: 80561-DDI00013,CPMT: 80561-DDI00013-14/10/2025,
14/10/2025,80563,80563-DDI00014,Ndevor Systems Ltd : Phorest Australia,11010 Accounts Receivable : Trade Debtors,AUD,1.0,344.89,10130 Bank : CB current a/c AU$ # 411110236694,Australia,CARDSUCCESS,DDCARD PAYMENT:MESDDDV7OKW8ORR8S5U3X,2.0,,ch_3SIAKRLrnBTnlT7b0uWKn3E9,CPMT: 80563-DDI00014,CPMT: 80563-DDI00014-14/10/2025,
14/10/2025,80564,80564-DDI00014,Ndevor Systems Ltd : Phorest Australia,11010 Accounts Receivable : Trade Debtors,AUD,1.0,342.24,10130 Bank : CB current a/c AU$ # 411110236694,Australia,CARDSUCCESS,DDCARD PAYMENT:MESDDDKW41WL769P0Y53A,2.0,,ch_3SIAKVLrnBTnlT7b0z56Nua5,CPMT: 80564-DDI00014,CPMT: 80564-DDI00014-14/10/2025,
14/10/2025,80699,80699-DDI00013,Ndevor Systems Ltd : Phorest Australia,11010 Accounts Receivable : Trade Debtors,AUD,1.0,350.25,10130 Bank : CB current a/c AU$ # 411110236694,Australia,CARDSUCCESS,DDCARD PAYMENT:MESDDD9QLSKZMJ52V5L37,2.0,,ch_3SIAKYLrnBTnlT7b1vi7Xqtu,CPMT: 80699-DDI00013,CPMT: 80699-DDI00013-14/10/2025,
14/10/2025,80722,80722-DDI00011,Ndevor Systems Ltd : Phorest Australia,11010 Accounts Receivable : Trade Debtors,AUD,1.0,362.13,10130 Bank : CB current a/c AU$ # 411110236694,Australia,CARDSUCCESS,DDCARD PAYMENT:MESDDD3Z3TPYF28ZRZGXI,2.0,,ch_3SIAKaLrnBTnlT7b1XfGdbWl,CPMT: 80722-DDI00011,CPMT: 80722-DDI00011-14/10/2025,
14/10/2025,80773,80773-DDI00014,Ndevor Systems Ltd : Phorest Australia,11010 Accounts Receivable : Trade Debtors,AUD,1.0,351.48,10130 Bank : CB current a/c AU$ # 411110236694,Australia,CARDSUCCESS,DDCARD PAYMENT:MESDDD324TYT0FN58N796,2.0,,ch_3SIAKdLrnBTnlT7b0EfQeaF5,CPMT: 80773-DDI00014,CPMT: 80773-DDI00014-14/10/2025,
14/10/2025,80908,80908-DDI00013,Ndevor Systems Ltd : Phorest Australia,11010 Accounts Receivable : Trade Debtors,AUD,1.0,418.06,10130 Bank : CB current a/c AU$ # 411110236694,Australia,CARDSUCCESS,DDCARD PAYMENT:MESDDDY56I52S25SE95V1,2.0,,ch_3SIAKfLrnBTnlT7b0xcdGYzD,CPMT: 80908-DDI00013,CPMT: 80908-DDI00013-14/10/2025,
14/10/2025,80910,80910-DDI00014,Ndevor Systems Ltd : Phorest Australia,11010 Accounts Receivable : Trade Debtors,AUD,1.0,511.69,10130 Bank : CB current a/c AU$ # 411110236694,Australia,CARDSUCCESS,DDCARD PAYMENT:MESDDDO0KD060044HKG4Q,2.0,,ch_3SIAKhLrnBTnlT7b0RZXsdWb,CPMT: 80910-DDI00014,CPMT: 80910-DDI00014-14/10/2025,
14/10/2025,81293,81293-DDI00010,Ndevor Systems Ltd : Phorest Australia,11010 Accounts Receivable : Trade Debtors,AUD,1.0,461.41,10130 Bank : CB current a/c AU$ # 411110236694,Australia,CARDSUCCESS,DDCARD PAYMENT:MESDDD2VN35107MSJ3H6Q,2.0,,ch_3SIAKnLrnBTnlT7b0Lz3MXAI,CPMT: 81293-DDI00010,CPMT: 81293-DDI00010-14/10/2025,
14/10/2025,81408,81408-DDI00013,Ndevor Systems Ltd : Phorest Australia,11010 Accounts Receivable : Trade Debtors,AUD,1.0,429.33,10130 Bank : CB current a/c AU$ # 411110236694,Australia,CARDSUCCESS,DDCARD PAYMENT:MESDDD37T7XI80HW67S9V,2.0,,ch_3SIAKpLrnBTnlT7b1FnOGnI9,CPMT: 81408-DDI00013,CPMT: 81408-DDI00013-14/10/2025,
14/10/2025,81409,81409-DDI00011,Ndevor Systems Ltd : Phorest Australia,11010 Accounts Receivable : Trade Debtors,AUD,1.0,371.67,10130 Bank : CB current a/c AU$ # 411110236694,Australia,CARDSUCCESS,DDCARD PAYMENT:MESDDD4M9YQL7344F6VU8,2.0,,ch_3SIAKrLrnBTnlT7b1lUByJ0H,CPMT: 81409-DDI00011,CPMT: 81409-DDI00011-14/10/2025,
14/10/2025,81412,81412-DDI00011,Ndevor Systems Ltd : Phorest Australia,11010 Accounts Receivable : Trade Debtors,AUD,1.0,249.7,10130 Bank : CB current a/c AU$ # 411110236694,Australia,CARDSUCCESS,DDCARD PAYMENT:MESDDDB126HR0MW4W1F3I,2.0,,ch_3SIAKuLrnBTnlT7b1e89Nxc6,CPMT: 81412-DDI00011,CPMT: 81412-DDI00011-14/10/2025,
14/10/2025,81747,81747-DDI00006,Ndevor Systems Ltd : Phorest Australia,11010 Accounts Receivable : Trade Debtors,AUD,1.0,145.51,10130 Bank : CB current a/c AU$ # 411110236694,Australia,CARDSUCCESS,DDCARD PAYMENT:MESDDD3ZG0VH2B1W3IARZ,2.0,,ch_3SIAKwLrnBTnlT7b0YbmIx9t,CPMT: 81747-DDI00006,CPMT: 81747-DDI00006-14/10/2025,
14/10/2025,85081,85081-DDI00007,Ndevor Systems Ltd : Phorest Australia,11010 Accounts Receivable : Trade Debtors,AUD,1.0,699.97,10130 Bank : CB current a/c AU$ # 411110236694,Australia,CARDSUCCESS,DDCARD PAYMENT:MESDDDYEQNS0BJTAZSU02,2.0,,ch_3SIAMDLrnBTnlT7b0HB5uhRQ,CPMT: 85081-DDI00007,CPMT: 85081-DDI00007-14/10/2025,
14/10/2025,85400,85400-DDI00008,Ndevor Systems Ltd : Phorest Australia,11010 Accounts Receivable : Trade Debtors,AUD,1.0,428.49,10130 Bank : CB current a/c AU$ # 411110236694,Australia,CARDSUCCESS,DDCARD PAYMENT:MESDDDVBNA1BI7U4Y0I9I,2.0,,ch_3SIAMFLrnBTnlT7b03ebkjWG,CPMT: 85400-DDI00008,CPMT: 85400-DDI00008-14/10/2025,
14/10/2025,86139,86139-DDI00010,Ndevor Systems Ltd : Phorest Australia,11010 Accounts Receivable : Trade Debtors,AUD,1.0,357.46,10130 Bank : CB current a/c AU$ # 411110236694,Australia,CARDSUCCESS,DDCARD PAYMENT:MESDDD1YN93O5ZPH02LC8,2.0,,ch_3SIAMILrnBTnlT7b1uBTMhxD,CPMT: 86139-DDI00010,CPMT: 86139-DDI00010-14/10/2025,
14/10/2025,86364,86364-DDI00011,Ndevor Systems Ltd : Phorest Australia,11010 Accounts Receivable : Trade Debtors,AUD,1.0,597.51,10130 Bank : CB current a/c AU$ # 411110236694,Australia,CARDSUCCESS,DDCARD PAYMENT:MESDDDD8D343VS7V4X60N,2.0,,ch_3SIAMKLrnBTnlT7b1bEqi0lz,CPMT: 86364-DDI00011,CPMT: 86364-DDI00011-14/10/2025,
14/10/2025,90447,90447-DDI00006,Ndevor Systems Ltd : Phorest Australia,11010 Accounts Receivable : Trade Debtors,AUD,1.0,317.9,10130 Bank : CB current a/c AU$ # 411110236694,Australia,CARDSUCCESS,DDCARD PAYMENT:MESDDDEML75B7193PB66T,2.0,,ch_3SIANdLrnBTnlT7b09b95CS7,CPMT: 90447-DDI00006,CPMT: 90447-DDI00006-14/10/2025,
14/10/2025,90452,90452-DDI00006,Ndevor Systems Ltd : Phorest Australia,11010 Accounts Receivable : Trade Debtors,AUD,1.0,416.9,10130 Bank : CB current a/c AU$ # 411110236694,Australia,CARDSUCCESS,DDCARD PAYMENT:MESDDDY4UI66LK0BI15A4,2.0,,ch_3SIANgLrnBTnlT7b1KBzHC5G,CPMT: 90452-DDI00006,CPMT: 90452-DDI00006-14/10/2025,
14/10/2025,90539,90539-DDI00006,Ndevor Systems Ltd : Phorest Australia,11010 Accounts Receivable : Trade Debtors,AUD,1.0,457.24,10130 Bank : CB current a/c AU$ # 411110236694,Australia,CARDSUCCESS,DDCARD PAYMENT:MESDDD1S6D0R5D4624GNZ,2.0,,ch_3SIANlLrnBTnlT7b0Jwz9A3Z,CPMT: 90539-DDI00006,CPMT: 90539-DDI00006-14/10/2025,
14/10/2025,90542,90542-DDI00005,Ndevor Systems Ltd : Phorest Australia,11010 Accounts Receivable : Trade Debtors,AUD,1.0,373.81,10130 Bank : CB current a/c AU$ # 411110236694,Australia,CARDSUCCESS,DDCARD PAYMENT:MESDDDM6P970364080O8P,2.0,,ch_3SIANnLrnBTnlT7b1vNVoksF,CPMT: 90542-DDI00005,CPMT: 90542-DDI00005-14/10/2025,
14/10/2025,90868,90868-DDI00005,Ndevor Systems Ltd : Phorest Australia,11010 Accounts Receivable : Trade Debtors,AUD,1.0,199.45,10130 Bank : CB current a/c AU$ # 411110236694,Australia,CARDSUCCESS,DDCARD PAYMENT:MESDDDZS2P904AT77DZVY,2.0,,ch_3SIANpLrnBTnlT7b1yJEtJWv,CPMT: 90868-DDI00005,CPMT: 90868-DDI00005-14/10/2025,
14/10/2025,90980,90980-DDI00005,Ndevor Systems Ltd : Phorest Australia,11010 Accounts Receivable : Trade Debtors,AUD,1.0,357.46,10130 Bank : CB current a/c AU$ # 411110236694,Australia,CARDSUCCESS,DDCARD PAYMENT:MESDDD72I25YQA3EX29FX,2.0,,ch_3SIANsLrnBTnlT7b0o8Ox6ci,CPMT: 90980-DDI00005,CPMT: 90980-DDI00005-14/10/2025,
14/10/2025,91163,91163-DDI00006,Ndevor Systems Ltd : Phorest Australia,11010 Accounts Receivable : Trade Debtors,AUD,1.0,1068.38,10130 Bank : CB current a/c AU$ # 411110236694,Australia,CARDSUCCESS,DDCARD PAYMENT:MESDDD30Y4R4OIGV4YUV7,2.0,,ch_3SIAO0LrnBTnlT7b0sK1OUZG,CPMT: 91163-DDI00006,CPMT: 91163-DDI00006-14/10/2025,
14/10/2025,91947,91947-DDI00005,Ndevor Systems Ltd : Phorest Australia,11010 Accounts Receivable : Trade Debtors,AUD,1.0,436.7,10130 Bank : CB current a/c AU$ # 411110236694,Australia,CARDSUCCESS,DDCARD PAYMENT:MESDDD4H998S158HWD9Z3,2.0,,ch_3SIAOALrnBTnlT7b0yGe4dGu,CPMT: 91947-DDI00005,CPMT: 91947-DDI00005-14/10/2025,
14/10/2025,92067,92067-DDI00005,Ndevor Systems Ltd : Phorest Australia,11010 Accounts Receivable : Trade Debtors,AUD,1.0,416.9,10130 Bank : CB current a/c AU$ # 411110236694,Australia,CARDSUCCESS,DDCARD PAYMENT:MESDDDMF81F8X6NKS0ID4,2.0,,ch_3SIAOCLrnBTnlT7b16NT14m8,CPMT: 92067-DDI00005,CPMT: 92067-DDI00005-14/10/2025,
14/10/2025,92273,92273-DDI00005,Ndevor Systems Ltd : Phorest Australia,11010 Accounts Receivable : Trade Debtors,AUD,1.0,646.5,10130 Bank : CB current a/c AU$ # 411110236694,Australia,CARDSUCCESS,DDCARD PAYMENT:MESDDDFPYBDU9BP727005,2.0,,ch_3SIAOELrnBTnlT7b0JXTUoz6,CPMT: 92273-DDI00005,CPMT: 92273-DDI00005-14/10/2025,
14/10/2025,92278,92278-DDI00003,Ndevor Systems Ltd : Phorest Australia,11010 Accounts Receivable : Trade Debtors,AUD,1.0,561.59,10130 Bank : CB current a/c AU$ # 411110236694,Australia,CARDSUCCESS,DDCARD PAYMENT:MESDDDIU63E7P45EZ4148,2.0,,ch_3SIAOHLrnBTnlT7b0uv14uUd,CPMT: 92278-DDI00003,CPMT: 92278-DDI00003-14/10/2025,
14/10/2025,92594,92594-DDI00004,Ndevor Systems Ltd : Phorest Australia,11010 Accounts Receivable : Trade Debtors,AUD,1.0,625.6,10130 Bank : CB current a/c AU$ # 411110236694,Australia,CARDSUCCESS,DDCARD PAYMENT:MESDDD8F15MGV5V045735,2.0,,ch_3SIAOJLrnBTnlT7b0MHIFlKM,CPMT: 92594-DDI00004,CPMT: 92594-DDI00004-14/10/2025,
14/10/2025,92595,92595-DDI00006,Ndevor Systems Ltd : Phorest Australia,11010 Accounts Receivable : Trade Debtors,AUD,1.0,473.97,10130 Bank : CB current a/c AU$ # 411110236694,Australia,CARDSUCCESS,DDCARD PAYMENT:MESDDD75UBO6240342472,2.0,,ch_3SIAOLLrnBTnlT7b0Imzmykp,CPMT: 92595-DDI00006,CPMT: 92595-DDI00006-14/10/2025,
14/10/2025,92714,92714-DDI00004,Ndevor Systems Ltd : Phorest Australia,11010 Accounts Receivable : Trade Debtors,AUD,1.0,480.34,10130 Bank : CB current a/c AU$ # 411110236694,Australia,CARDSUCCESS,DDCARD PAYMENT:MESDDDY1E9ZEIZA7BNJ32,2.0,,ch_3SIAOOLrnBTnlT7b1YqAWIEg,CPMT: 92714-DDI00004,CPMT: 92714-DDI00004-14/10/2025,
14/10/2025,93275,93275-DDI00003,Ndevor Systems Ltd : Phorest Australia,11010 Accounts Receivable : Trade Debtors,AUD,1.0,755.07,10130 Bank : CB current a/c AU$ # 411110236694,Australia,CARDSUCCESS,DDCARD PAYMENT:MESDDDFQ5S1L1P1NQOQ49,2.0,,ch_3SIAOQLrnBTnlT7b1hu6iIUL,CPMT: 93275-DDI00003,CPMT: 93275-DDI00003-14/10/2025,
14/10/2025,93691,93691-DDI00004,Ndevor Systems Ltd : Phorest Australia,11010 Accounts Receivable : Trade Debtors,AUD,1.0,694.84,10130 Bank : CB current a/c AU$ # 411110236694,Australia,CARDSUCCESS,DDCARD PAYMENT:MESDDD9PXSX12N95H7K0S,2.0,,ch_3SIAOVLrnBTnlT7b1bG2qnHP,CPMT: 93691-DDI00004,CPMT: 93691-DDI00004-14/10/2025,
14/10/2025,94437,94437-DDI00001,Ndevor Systems Ltd : Phorest Australia,11010 Accounts Receivable : Trade Debtors,AUD,1.0,42.9,10130 Bank : CB current a/c AU$ # 411110236694,Australia,CARDSUCCESS,DDCARD PAYMENT:MESDDDNGQ172SX0G2405Y,2.0,,ch_3SIAOYLrnBTnlT7b0zCXmChA,CPMT: 94437-DDI00001,CPMT: 94437-DDI00001-14/10/2025,
14/10/2025,94582,94582-DDI00003,Ndevor Systems Ltd : Phorest Australia,11010 Accounts Receivable : Trade Debtors,AUD,1.0,181.3,10130 Bank : CB current a/c AU$ # 411110236694,Australia,CARDSUCCESS,DDCARD PAYMENT:MESDDDER4410TXPK4DF43,2.0,,ch_3SIAOaLrnBTnlT7b1eq1qB8R,CPMT: 94582-DDI00003,CPMT: 94582-DDI00003-14/10/2025,
14/10/2025,94822,94822-DDI00003,Ndevor Systems Ltd : Phorest Australia,11010 Accounts Receivable : Trade Debtors,AUD,1.0,250.14,10130 Bank : CB current a/c AU$ # 411110236694,Australia,CARDSUCCESS,DDCARD PAYMENT:MESDDDGMDKG7H896MMCC9,2.0,,ch_3SIAOfLrnBTnlT7b0T5eN0Ew,CPMT: 94822-DDI00003,CPMT: 94822-DDI00003-14/10/2025,
14/10/2025,94923,94923-DDI00003,Ndevor Systems Ltd : Phorest Australia,11010 Accounts Receivable : Trade Debtors,AUD,1.0,390.69,10130 Bank : CB current a/c AU$ # 411110236694,Australia,CARDSUCCESS,DDCARD PAYMENT:MESDDD09HLSXDXE51C5K7,2.0,,ch_3SIAOhLrnBTnlT7b03b3TvVJ,CPMT: 94923-DDI00003,CPMT: 94923-DDI00003-14/10/2025,
14/10/2025,95064,95064-DDI00001,Ndevor Systems Ltd : Phorest Australia,11010 Accounts Receivable : Trade Debtors,AUD,1.0,43.21,10130 Bank : CB current a/c AU$ # 411110236694,Australia,CARDSUCCESS,DDCARD PAYMENT:MESDDDT220W9TEX4S885W,2.0,,ch_3SIAOjLrnBTnlT7b0OKW9itE,CPMT: 95064-DDI00001,CPMT: 95064-DDI00001-14/10/2025,
14/10/2025,95079,95079-DDI00001,Ndevor Systems Ltd : Phorest Australia,11010 Accounts Receivable : Trade Debtors,AUD,1.0,42.9,10130 Bank : CB current a/c AU$ # 411110236694,Australia,CARDSUCCESS,DDCARD PAYMENT:MESDDD5HGVR3FY3GI6LQH,2.0,,ch_3SIAOmLrnBTnlT7b1fejPGxD,CPMT: 95079-DDI00001,CPMT: 95079-DDI00001-14/10/2025,
14/10/2025,96351,96351-DDI00001,Ndevor Systems Ltd : Phorest Australia,11010 Accounts Receivable : Trade Debtors,AUD,1.0,42.9,10130 Bank : CB current a/c AU$ # 411110236694,Australia,CARDSUCCESS,DDCARD PAYMENT:MESDDDX55I04848MF2BM1,2.0,,ch_3SIAOsLrnBTnlT7b05pjzPaH,CPMT: 96351-DDI00001,CPMT: 96351-DDI00001-14/10/2025,
14/10/2025,90362,90362-DDI00006,Ndevor Systems Ltd : Phorest Australia,11010 Accounts Receivable : Trade Debtors,AUD,1.0,354.32,10130 Bank : CB current a/c AU$ # 411110236694,Australia,CARDSUCCESS,DDCARD PAYMENT:MESDDD3CFG25MJ7J3HBF0,2.0,,ch_3SIANbLrnBTnlT7b0CIJ4kko,CPMT: 90362-DDI00006,CPMT: 90362-DDI00006-14/10/2025,
14/10/2025,80547,80547-DDI00014,Ndevor Systems Ltd : Phorest Australia,11010 Accounts Receivable : Trade Debtors,AUD,1.0,343.24,10130 Bank : CB current a/c AU$ # 411110236694,Australia,CARDSUCCESS,DDCARD PAYMENT:MESDDDFJ6MIUJKE02CQ24,2.0,,ch_3SIAJuLrnBTnlT7b15xP4AUP,CPMT: 80547-DDI00014,CPMT: 80547-DDI00014-14/10/2025,
14/10/2025,90360,90360-DDI00003,Ndevor Systems Ltd : Phorest Australia,11010 Accounts Receivable : Trade Debtors,AUD,1.0,732.93,10130 Bank : CB current a/c AU$ # 411110236694,Australia,CARDSUCCESS,DDCARD PAYMENT:MESDDDYF5R5N8E3MY0LLQ,2.0,,ch_3SIANZLrnBTnlT7b14JFrCnf,CPMT: 90360-DDI00003,CPMT: 90360-DDI00003-14/10/2025,
14/10/2025,90275,90275-DDI00007,Ndevor Systems Ltd : Phorest Australia,11010 Accounts Receivable : Trade Debtors,AUD,1.0,366.75,10130 Bank : CB current a/c AU$ # 411110236694,Australia,CARDSUCCESS,DDCARD PAYMENT:MESDDDVLI68E8SI97S333,2.0,,ch_3SIANULrnBTnlT7b1ABS4vU7,CPMT: 90275-DDI00007,CPMT: 90275-DDI00007-14/10/2025,
14/10/2025,86389,86389-DDI00008,Ndevor Systems Ltd : Phorest Australia,11010 Accounts Receivable : Trade Debtors,AUD,1.0,416.9,10130 Bank : CB current a/c AU$ # 411110236694,Australia,CARDSUCCESS,DDCARD PAYMENT:MESDDDABC78PS8Q28S6M8,2.0,,ch_3SIAMMLrnBTnlT7b0FezPXOI,CPMT: 86389-DDI00008,CPMT: 86389-DDI00008-14/10/2025,
14/10/2025,86586,86586-DDI00008,Ndevor Systems Ltd : Phorest Australia,11010 Accounts Receivable : Trade Debtors,AUD,1.0,203.76,10130 Bank : CB current a/c AU$ # 411110236694,Australia,CARDSUCCESS,DDCARD PAYMENT:MESDDDJ29XO3GBZ74O22I,2.0,,ch_3SIAMPLrnBTnlT7b1AmUTUno,CPMT: 86586-DDI00008,CPMT: 86586-DDI00008-14/10/2025,
14/10/2025,86606,86606-DDI00007,Ndevor Systems Ltd : Phorest Australia,11010 Accounts Receivable : Trade Debtors,AUD,1.0,236.13,10130 Bank : CB current a/c AU$ # 411110236694,Australia,CARDSUCCESS,DDCARD PAYMENT:MESDDD3X5OJ4W05KYM3AB,2.0,,ch_3SIAMRLrnBTnlT7b1nOxSwmd,CPMT: 86606-DDI00007,CPMT: 86606-DDI00007-14/10/2025,
14/10/2025,86614,86614-DDI00009,Ndevor Systems Ltd : Phorest Australia,11010 Accounts Receivable : Trade Debtors,AUD,1.0,492.31,10130 Bank : CB current a/c AU$ # 411110236694,Australia,CARDSUCCESS,DDCARD PAYMENT:MESDDDURW5CYMIF39R385,2.0,,ch_3SIAMTLrnBTnlT7b1NTfbXOz,CPMT: 86614-DDI00009,CPMT: 86614-DDI00009-14/10/2025,
14/10/2025,86615,86615-DDI00009,Ndevor Systems Ltd : Phorest Australia,11010 Accounts Receivable : Trade Debtors,AUD,1.0,454.97,10130 Bank : CB current a/c AU$ # 411110236694,Australia,CARDSUCCESS,DDCARD PAYMENT:MESDDD6K838E347RWAT36,2.0,,ch_3SIAMWLrnBTnlT7b03tibony,CPMT: 86615-DDI00009,CPMT: 86615-DDI00009-14/10/2025,
14/10/2025,86726,86726-DDI00005,Ndevor Systems Ltd : Phorest Australia,11010 Accounts Receivable : Trade Debtors,AUD,1.0,487.87,10130 Bank : CB current a/c AU$ # 411110236694,Australia,CARDSUCCESS,DDCARD PAYMENT:MESDDD1RV0214C83R6S4W,2.0,,ch_3SIAMYLrnBTnlT7b0LAaNXwP,CPMT: 86726-DDI00005,CPMT: 86726-DDI00005-14/10/2025,
14/10/2025,86733,86733-DDI00006,Ndevor Systems Ltd : Phorest Australia,11010 Accounts Receivable : Trade Debtors,AUD,1.0,836.41,10130 Bank : CB current a/c AU$ # 411110236694,Australia,CARDSUCCESS,DDCARD PAYMENT:MESDDD82M9V019PTU89G1,2.0,,ch_3SIAMaLrnBTnlT7b1li3Xnhf,CPMT: 86733-DDI00006,CPMT: 86733-DDI00006-14/10/2025,
14/10/2025,87178,87178-DDI00003,Ndevor Systems Ltd : Phorest Australia,11010 Accounts Receivable : Trade Debtors,AUD,1.0,132.95,10130 Bank : CB current a/c AU$ # 411110236694,Australia,CARDSUCCESS,DDCARD PAYMENT:MESDDD385QWFZB44FU5Y0,2.0,,ch_3SIAMiLrnBTnlT7b1GptvBFm,CPMT: 87178-DDI00003,CPMT: 87178-DDI00003-14/10/2025,
14/10/2025,87616,87616-DDI00006,Ndevor Systems Ltd : Phorest Australia,11010 Accounts Receivable : Trade Debtors,AUD,1.0,185.9,10130 Bank : CB current a/c AU$ # 411110236694,Australia,CARDSUCCESS,DDCARD PAYMENT:MESDDD9771CQ1P1ZIN7C2,2.0,,ch_3SIAMnLrnBTnlT7b0gGXB52J,CPMT: 87616-DDI00006,CPMT: 87616-DDI00006-14/10/2025,
14/10/2025,87769,87769-DDI00007,Ndevor Systems Ltd : Phorest Australia,11010 Accounts Receivable : Trade Debtors,AUD,1.0,598.26,10130 Bank : CB current a/c AU$ # 411110236694,Australia,CARDSUCCESS,DDCARD PAYMENT:MESDDDDJ7YN70C3FZ98KJ,2.0,,ch_3SIAMpLrnBTnlT7b1fn6poTg,CPMT: 87769-DDI00007,CPMT: 87769-DDI00007-14/10/2025,
14/10/2025,87918,87918-DDI00006,Ndevor Systems Ltd : Phorest Australia,11010 Accounts Receivable : Trade Debtors,AUD,1.0,185.9,10130 Bank : CB current a/c AU$ # 411110236694,Australia,CARDSUCCESS,DDCARD PAYMENT:MESDDD1VNO5XA4S60HC1M,2.0,,ch_3SIAMwLrnBTnlT7b1IpLmIM7,CPMT: 87918-DDI00006,CPMT: 87918-DDI00006-14/10/2025,
14/10/2025,87926,87926-DDI00006,Ndevor Systems Ltd : Phorest Australia,11010 Accounts Receivable : Trade Debtors,AUD,1.0,416.9,10130 Bank : CB current a/c AU$ # 411110236694,Australia,CARDSUCCESS,DDCARD PAYMENT:MESDDD84M5YHQ3FEYS0MY,2.0,,ch_3SIAMzLrnBTnlT7b05TXgh70,CPMT: 87926-DDI00006,CPMT: 87926-DDI00006-14/10/2025,
14/10/2025,88180,88180-DDI00005,Ndevor Systems Ltd : Phorest Australia,11010 Accounts Receivable : Trade Debtors,AUD,1.0,194.52,10130 Bank : CB current a/c AU$ # 411110236694,Australia,CARDSUCCESS,DDCARD PAYMENT:MESDDD475207U1807159W,2.0,,ch_3SIAN1LrnBTnlT7b1xKqpFXW,CPMT: 88180-DDI00005,CPMT: 88180-DDI00005-14/10/2025,
14/10/2025,88614,88614-DDI00003,Ndevor Systems Ltd : Phorest Australia,11010 Accounts Receivable : Trade Debtors,AUD,1.0,82.5,10130 Bank : CB current a/c AU$ # 411110236694,Australia,CARDSUCCESS,DDCARD PAYMENT:MESDDDERXKLU158W15LQ9,2.0,,ch_3SIAN3LrnBTnlT7b008AWPpf,CPMT: 88614-DDI00003,CPMT: 88614-DDI00003-14/10/2025,
14/10/2025,88827,88827-DDI00003,Ndevor Systems Ltd : Phorest Australia,11010 Accounts Receivable : Trade Debtors,AUD,1.0,347.26,10130 Bank : CB current a/c AU$ # 411110236694,Australia,CARDSUCCESS,DDCARD PAYMENT:MESDDDJ530G640MUZ5PCQ,2.0,,ch_3SIAN5LrnBTnlT7b0i6TsDmx,CPMT: 88827-DDI00003,CPMT: 88827-DDI00003-14/10/2025,
14/10/2025,89022,89022-DDI00007,Ndevor Systems Ltd : Phorest Australia,11010 Accounts Receivable : Trade Debtors,AUD,1.0,425.45,10130 Bank : CB current a/c AU$ # 411110236694,Australia,CARDSUCCESS,DDCARD PAYMENT:MESDDDSG6VYXR99752ME5,2.0,,ch_3SIAN8LrnBTnlT7b1dTwvmCw,CPMT: 89022-DDI00007,CPMT: 89022-DDI00007-14/10/2025,
14/10/2025,89356,89356-DDI00008,Ndevor Systems Ltd : Phorest Australia,11010 Accounts Receivable : Trade Debtors,AUD,1.0,420.23,10130 Bank : CB current a/c AU$ # 411110236694,Australia,CARDSUCCESS,DDCARD PAYMENT:MESDDD520G93U63892X2Z,2.0,,ch_3SIANALrnBTnlT7b17Q5ffjs,CPMT: 89356-DDI00008,CPMT: 89356-DDI00008-14/10/2025,
14/10/2025,89639,89639-DDI00003,Ndevor Systems Ltd : Phorest Australia,11010 Accounts Receivable : Trade Debtors,AUD,1.0,86.96,10130 Bank : CB current a/c AU$ # 411110236694,Australia,CARDSUCCESS,DDCARD PAYMENT:MESDDD7I5500PH757SCWR,2.0,,ch_3SIANCLrnBTnlT7b0wvQEITY,CPMT: 89639-DDI00003,CPMT: 89639-DDI00003-14/10/2025,
14/10/2025,89728,89728-DDI00005,Ndevor Systems Ltd : Phorest Australia,11010 Accounts Receivable : Trade Debtors,AUD,1.0,457.25,10130 Bank : CB current a/c AU$ # 411110236694,Australia,CARDSUCCESS,DDCARD PAYMENT:MESDDD5BR4Y9Q4815U175,2.0,,ch_3SIANHLrnBTnlT7b1FVaoTHX,CPMT: 89728-DDI00005,CPMT: 89728-DDI00005-14/10/2025,
14/10/2025,89735,89735-DDI00004,Ndevor Systems Ltd : Phorest Australia,11010 Accounts Receivable : Trade Debtors,AUD,1.0,427.38,10130 Bank : CB current a/c AU$ # 411110236694,Australia,CARDSUCCESS,DDCARD PAYMENT:MESDDD29248T15M1KWWD1,2.0,,ch_3SIANKLrnBTnlT7b0IZayJMB,CPMT: 89735-DDI00004,CPMT: 89735-DDI00004-14/10/2025,
14/10/2025,90016,90016-DDI00007,Ndevor Systems Ltd : Phorest Australia,11010 Accounts Receivable : Trade Debtors,AUD,1.0,334.4,10130 Bank : CB current a/c AU$ # 411110236694,Australia,CARDSUCCESS,DDCARD PAYMENT:MESDDD484J4XPL10FECB3,2.0,,ch_3SIANMLrnBTnlT7b0AJRHE2h,CPMT: 90016-DDI00007,CPMT: 90016-DDI00007-14/10/2025,
14/10/2025,90018,90018-DDI00005,Ndevor Systems Ltd : Phorest Australia,11010 Accounts Receivable : Trade Debtors,AUD,1.0,382.15,10130 Bank : CB current a/c AU$ # 411110236694,Australia,CARDSUCCESS,DDCARD PAYMENT:MESDDDULA54K8NPG53V71,2.0,,ch_3SIANPLrnBTnlT7b1PWr8M3I,CPMT: 90018-DDI00005,CPMT: 90018-DDI00005-14/10/2025,
14/10/2025,90261,90261-DDI00006,Ndevor Systems Ltd : Phorest Australia,11010 Accounts Receivable : Trade Debtors,AUD,1.0,317.9,10130 Bank : CB current a/c AU$ # 411110236694,Australia,CARDSUCCESS,DDCARD PAYMENT:MESDDD8V27D4AZ2RCD7E0,2.0,,ch_3SIANSLrnBTnlT7b00pa9LyM,CPMT: 90261-DDI00006,CPMT: 90261-DDI00006-14/10/2025,
14/10/2025,90279,90279-DDI00007,Ndevor Systems Ltd : Phorest Australia,11010 Accounts Receivable : Trade Debtors,AUD,1.0,275.12,10130 Bank : CB current a/c AU$ # 411110236694,Australia,CARDSUCCESS,DDCARD PAYMENT:MESDDD568709LSNNHSA1L,2.0,,ch_3SIANXLrnBTnlT7b0VH0cOvI,CPMT: 90279-DDI00007,CPMT: 90279-DDI00007-14/10/2025,
14/10/2025,80546,80546-DDI00014,Ndevor Systems Ltd : Phorest Australia,11010 Accounts Receivable : Trade Debtors,AUD,1.0,344.1,10130 Bank : CB current a/c AU$ # 411110236694,Australia,CARDSUCCESS,DDCARD PAYMENT:MESDDDXNP44RS19D5NYLI,2.0,,ch_3SIAJsLrnBTnlT7b0zpfWyuJ,CPMT: 80546-DDI00014,CPMT: 80546-DDI00014-14/10/2025,
14/10/2025,80545,80545-DDI00014,Ndevor Systems Ltd : Phorest Australia,11010 Accounts Receivable : Trade Debtors,AUD,1.0,418.83,10130 Bank : CB current a/c AU$ # 411110236694,Australia,CARDSUCCESS,DDCARD PAYMENT:MESDDDDZQWC5YCA4D8ZH4,2.0,,ch_3SIAJpLrnBTnlT7b1TZxRG9U,CPMT: 80545-DDI00014,CPMT: 80545-DDI00014-14/10/2025,
14/10/2025,80544,80544-DDI00017,Ndevor Systems Ltd : Phorest Australia,11010 Accounts Receivable : Trade Debtors,AUD,1.0,382.07,10130 Bank : CB current a/c AU$ # 411110236694,Australia,CARDSUCCESS,DDCARD PAYMENT:MESDDDNV6X15NWY7ZY20M,2.0,,ch_3SIAJmLrnBTnlT7b1KU5vV1q,CPMT: 80544-DDI00017,CPMT: 80544-DDI00017-14/10/2025,
14/10/2025,71060,71060-DDI00024,Ndevor Systems Ltd : Phorest Australia,11010 Accounts Receivable : Trade Debtors,AUD,1.0,412.26,10130 Bank : CB current a/c AU$ # 411110236694,Australia,CARDSUCCESS,DDCARD PAYMENT:MESDDDGUYWO38CG2RVGKX,2.0,,ch_3SIAG9LrnBTnlT7b1um2saUI,CPMT: 71060-DDI00024,CPMT: 71060-DDI00024-14/10/2025,
14/10/2025,71544,71544-DDI00024,Ndevor Systems Ltd : Phorest Australia,11010 Accounts Receivable : Trade Debtors,AUD,1.0,515.21,10130 Bank : CB current a/c AU$ # 411110236694,Australia,CARDSUCCESS,DDCARD PAYMENT:MESDDDSPTM9W2819R904F,2.0,,ch_3SIAGHLrnBTnlT7b0Gq4fK81,CPMT: 71544-DDI00024,CPMT: 71544-DDI00024-14/10/2025,
14/10/2025,71656,71656-DDI00023,Ndevor Systems Ltd : Phorest Australia,11010 Accounts Receivable : Trade Debtors,AUD,1.0,205.46,10130 Bank : CB current a/c AU$ # 411110236694,Australia,CARDSUCCESS,DDCARD PAYMENT:MESDDDUNHI8BF42ZR8RV9,2.0,,ch_3SIAGJLrnBTnlT7b1tkjcnBo,CPMT: 71656-DDI00023,CPMT: 71656-DDI00023-14/10/2025,
14/10/2025,71784,71784-DDI00022,Ndevor Systems Ltd : Phorest Australia,11010 Accounts Receivable : Trade Debtors,AUD,1.0,534.19,10130 Bank : CB current a/c AU$ # 411110236694,Australia,CARDSUCCESS,DDCARD PAYMENT:MESDDD91G4DVAA9DJC2SC,2.0,,ch_3SIAGMLrnBTnlT7b1nYKZQNc,CPMT: 71784-DDI00022,CPMT: 71784-DDI00022-14/10/2025,
14/10/2025,72001,72001-DDI00022,Ndevor Systems Ltd : Phorest Australia,11010 Accounts Receivable : Trade Debtors,AUD,1.0,443.08,10130 Bank : CB current a/c AU$ # 411110236694,Australia,CARDSUCCESS,DDCARD PAYMENT:MESDDD600UV0A1M53RCPP,2.0,,ch_3SIAGOLrnBTnlT7b0SQMZMWp,CPMT: 72001-DDI00022,CPMT: 72001-DDI00022-14/10/2025,
14/10/2025,72167,72167-DDI00023,Ndevor Systems Ltd : Phorest Australia,11010 Accounts Receivable : Trade Debtors,AUD,1.0,185.9,10130 Bank : CB current a/c AU$ # 411110236694,Australia,CARDSUCCESS,DDCARD PAYMENT:MESDDD6J4J301F8326VDA,2.0,,ch_3SIAGRLrnBTnlT7b1QJJmwrs,CPMT: 72167-DDI00023,CPMT: 72167-DDI00023-14/10/2025,
14/10/2025,72297,72297-DDI00021,Ndevor Systems Ltd : Phorest Australia,11010 Accounts Receivable : Trade Debtors,AUD,1.0,343.24,10130 Bank : CB current a/c AU$ # 411110236694,Australia,CARDSUCCESS,DDCARD PAYMENT:MESDDDQ8650165C201L04,2.0,,ch_3SIAGTLrnBTnlT7b1LtxiDM6,CPMT: 72297-DDI00021,CPMT: 72297-DDI00021-14/10/2025,
14/10/2025,73008,73008-DDI00011,Ndevor Systems Ltd : Phorest Australia,11010 Accounts Receivable : Trade Debtors,AUD,1.0,185.9,10130 Bank : CB current a/c AU$ # 411110236694,Australia,CARDSUCCESS,DDCARD PAYMENT:MESDDD03Y9CQ83787V6Q8,2.0,,ch_3SIAGdLrnBTnlT7b1Mh9zLeI,CPMT: 73008-DDI00011,CPMT: 73008-DDI00011-14/10/2025,
14/10/2025,73067,73067-DDI00022,Ndevor Systems Ltd : Phorest Australia,11010 Accounts Receivable : Trade Debtors,AUD,1.0,428.32,10130 Bank : CB current a/c AU$ # 411110236694,Australia,CARDSUCCESS,DDCARD PAYMENT:MESDDD98TEM33I5EU5YPO,2.0,,ch_3SIAGfLrnBTnlT7b1iXy0IU4,CPMT: 73067-DDI00022,CPMT: 73067-DDI00022-14/10/2025,
14/10/2025,73068,73068-DDI00022,Ndevor Systems Ltd : Phorest Australia,11010 Accounts Receivable : Trade Debtors,AUD,1.0,472.08,10130 Bank : CB current a/c AU$ # 411110236694,Australia,CARDSUCCESS,DDCARD PAYMENT:MESDDD03A63R369AAML3X,2.0,,ch_3SIAGiLrnBTnlT7b0PxeBQXj,CPMT: 73068-DDI00022,CPMT: 73068-DDI00022-14/10/2025,
14/10/2025,73214,73214-DDI00023,Ndevor Systems Ltd : Phorest Australia,11010 Accounts Receivable : Trade Debtors,AUD,1.0,317.9,10130 Bank : CB current a/c AU$ # 411110236694,Australia,CARDSUCCESS,DDCARD PAYMENT:MESDDDSD0D0YW3O03F98E,2.0,,ch_3SIAGkLrnBTnlT7b1lYBpgIq,CPMT: 73214-DDI00023,CPMT: 73214-DDI00023-14/10/2025,
14/10/2025,73287,73287-DDI00021,Ndevor Systems Ltd : Phorest Australia,11010 Accounts Receivable : Trade Debtors,AUD,1.0,419.16,10130 Bank : CB current a/c AU$ # 411110236694,Australia,CARDSUCCESS,DDCARD PAYMENT:MESDDDE35RWKW33NAO970,2.0,,ch_3SIAGmLrnBTnlT7b0lPLtCRM,CPMT: 73287-DDI00021,CPMT: 73287-DDI00021-14/10/2025,
14/10/2025,73331,73331-DDI00022,Ndevor Systems Ltd : Phorest Australia,11010 Accounts Receivable : Trade Debtors,AUD,1.0,447.33,10130 Bank : CB current a/c AU$ # 411110236694,Australia,CARDSUCCESS,DDCARD PAYMENT:MESDDDH2221EC43GH691W,2.0,,ch_3SIAGpLrnBTnlT7b0hjMeSUg,CPMT: 73331-DDI00022,CPMT: 73331-DDI00022-14/10/2025,
14/10/2025,73332,73332-DDI00023,Ndevor Systems Ltd : Phorest Australia,11010 Accounts Receivable : Trade Debtors,AUD,1.0,390.37,10130 Bank : CB current a/c AU$ # 411110236694,Australia,CARDSUCCESS,DDCARD PAYMENT:MESDDD758NP2LW0316WVT,2.0,,ch_3SIAGrLrnBTnlT7b1r1xhgfU,CPMT: 73332-DDI00023,CPMT: 73332-DDI00023-14/10/2025,
14/10/2025,73333,73333-DDI00023,Ndevor Systems Ltd : Phorest Australia,11010 Accounts Receivable : Trade Debtors,AUD,1.0,528.06,10130 Bank : CB current a/c AU$ # 411110236694,Australia,CARDSUCCESS,DDCARD PAYMENT:MESDDD7P7H9LKQ92HQXF7,2.0,,ch_3SIAGtLrnBTnlT7b1g5ovqYM,CPMT: 73333-DDI00023,CPMT: 73333-DDI00023-14/10/2025,
14/10/2025,73843,73843-DDI00015,Ndevor Systems Ltd : Phorest Australia,11010 Accounts Receivable : Trade Debtors,AUD,1.0,379.15,10130 Bank : CB current a/c AU$ # 411110236694,Australia,CARDSUCCESS,DDCARD PAYMENT:MESDDDD2U9XQPGUQQJY31,2.0,,ch_3SIAGwLrnBTnlT7b0jJVZuyw,CPMT: 73843-DDI00015,CPMT: 73843-DDI00015-14/10/2025,
14/10/2025,73871,73871-DDI00011,Ndevor Systems Ltd : Phorest Australia,11010 Accounts Receivable : Trade Debtors,AUD,1.0,262.9,10130 Bank : CB current a/c AU$ # 411110236694,Australia,CARDSUCCESS,DDCARD PAYMENT:MESDDD87868V019I7269L,2.0,,ch_3SIAGyLrnBTnlT7b18MiEd6S,CPMT: 73871-DDI00011,CPMT: 73871-DDI00011-14/10/2025,
14/10/2025,74286,74286-DDI00022,Ndevor Systems Ltd : Phorest Australia,11010 Accounts Receivable : Trade Debtors,AUD,1.0,264.75,10130 Bank : CB current a/c AU$ # 411110236694,Australia,CARDSUCCESS,DDCARD PAYMENT:MESDDDN3WK3MI7A584P6B,2.0,,ch_3SIAH0LrnBTnlT7b0QffwAun,CPMT: 74286-DDI00022,CPMT: 74286-DDI00022-14/10/2025,
14/10/2025,74334,74334-DDI00019,Ndevor Systems Ltd : Phorest Australia,11010 Accounts Receivable : Trade Debtors,AUD,1.0,349.32,10130 Bank : CB current a/c AU$ # 411110236694,Australia,CARDSUCCESS,DDCARD PAYMENT:MESDDD38LHV41K42L1360,2.0,,ch_3SIAH3LrnBTnlT7b1ySO4Sg5,CPMT: 74334-DDI00019,CPMT: 74334-DDI00019-14/10/2025,
14/10/2025,74455,74455-DDI00022,Ndevor Systems Ltd : Phorest Australia,11010 Accounts Receivable : Trade Debtors,AUD,1.0,274.91,10130 Bank : CB current a/c AU$ # 411110236694,Australia,CARDSUCCESS,DDCARD PAYMENT:MESDDDSRM5XP4FXXGXR80,2.0,,ch_3SIAH5LrnBTnlT7b1ZaaXSfG,CPMT: 74455-DDI00022,CPMT: 74455-DDI00022-14/10/2025,
14/10/2025,74512,74512-DDI00019,Ndevor Systems Ltd : Phorest Australia,11010 Accounts Receivable : Trade Debtors,AUD,1.0,346.7,10130 Bank : CB current a/c AU$ # 411110236694,Australia,CARDSUCCESS,DDCARD PAYMENT:MESDDD4H23XY936GCLNW7,2.0,,ch_3SIAH7LrnBTnlT7b0OKNz6sr,CPMT: 74512-DDI00019,CPMT: 74512-DDI00019-14/10/2025,
14/10/2025,75207,75207-DDI00021,Ndevor Systems Ltd : Phorest Australia,11010 Accounts Receivable : Trade Debtors,AUD,1.0,485.16,10130 Bank : CB current a/c AU$ # 411110236694,Australia,CARDSUCCESS,DDCARD PAYMENT:MESDDD1J3E376NL906VAR,2.0,,ch_3SIAHFLrnBTnlT7b1viVUKXI,CPMT: 75207-DDI00021,CPMT: 75207-DDI00021-14/10/2025,
14/10/2025,75466,75466-DDI00016,Ndevor Systems Ltd : Phorest Australia,11010 Accounts Receivable : Trade Debtors,AUD,1.0,417.95,10130 Bank : CB current a/c AU$ # 411110236694,Australia,CARDSUCCESS,DDCARD PAYMENT:MESDDDT0030II45D5711G,2.0,,ch_3SIAHILrnBTnlT7b0g0aNGSd,CPMT: 75466-DDI00016,CPMT: 75466-DDI00016-14/10/2025,
14/10/2025,70956,70956-DDI00026,Ndevor Systems Ltd : Phorest Australia,11010 Accounts Receivable : Trade Debtors,AUD,1.0,433.4,10130 Bank : CB current a/c AU$ # 411110236694,Australia,CARDSUCCESS,DDCARD PAYMENT:MESDDDA6I45SCD6WE306E,2.0,,ch_3SIAG6LrnBTnlT7b0U9qjzyh,CPMT: 70956-DDI00026,CPMT: 70956-DDI00026-14/10/2025,
14/10/2025,75644,75644-DDI00019,Ndevor Systems Ltd : Phorest Australia,11010 Accounts Receivable : Trade Debtors,AUD,1.0,360.91,10130 Bank : CB current a/c AU$ # 411110236694,Australia,CARDSUCCESS,DDCARD PAYMENT:MESDDD6W9H860SD4EXS3B,2.0,,ch_3SIAHKLrnBTnlT7b1D5Mngk7,CPMT: 75644-DDI00019,CPMT: 75644-DDI00019-14/10/2025,
14/10/2025,69973,69973-DDI00025,Ndevor Systems Ltd : Phorest Australia,11010 Accounts Receivable : Trade Debtors,AUD,1.0,354.37,10130 Bank : CB current a/c AU$ # 411110236694,Australia,CARDSUCCESS,DDCARD PAYMENT:MESDDDRMQ67XMYA95WTAL,2.0,,ch_3SIAG1LrnBTnlT7b0IYFk7sZ,CPMT: 69973-DDI00025,CPMT: 69973-DDI00025-14/10/2025,
14/10/2025,68151,68151-DDI00013,Ndevor Systems Ltd : Phorest Australia,11010 Accounts Receivable : Trade Debtors,AUD,1.0,237.64,10130 Bank : CB current a/c AU$ # 411110236694,Australia,CARDSUCCESS,DDCARD PAYMENT:MESDDD1Q6F32GQ5R2B876,2.0,,ch_3SIAFwLrnBTnlT7b1fV8Xmj9,CPMT: 68151-DDI00013,CPMT: 68151-DDI00013-14/10/2025,
14/10/2025,62666,62666-DDI00027,Ndevor Systems Ltd : Phorest Australia,11010 Accounts Receivable : Trade Debtors,AUD,1.0,416.9,10130 Bank : CB current a/c AU$ # 411110236694,Australia,CARDSUCCESS,DDCARD PAYMENT:MESDDD778Y5AQP83UBZE4,2.0,,ch_3SIAEuLrnBTnlT7b0WTxmTbi,CPMT: 62666-DDI00027,CPMT: 62666-DDI00027-14/10/2025,
14/10/2025,62777,62777-DDI00028,Ndevor Systems Ltd : Phorest Australia,11010 Accounts Receivable : Trade Debtors,AUD,1.0,416.9,10130 Bank : CB current a/c AU$ # 411110236694,Australia,CARDSUCCESS,DDCARD PAYMENT:MESDDD96I2AN62K7AP3FY,2.0,,ch_3SIAEwLrnBTnlT7b02VBkClM,CPMT: 62777-DDI00028,CPMT: 62777-DDI00028-14/10/2025,
14/10/2025,62979,62979-DDI00026,Ndevor Systems Ltd : Phorest Australia,11010 Accounts Receivable : Trade Debtors,AUD,1.0,426.01,10130 Bank : CB current a/c AU$ # 411110236694,Australia,CARDSUCCESS,DDCARD PAYMENT:MESDDDOG02J1F586G1Y1T,2.0,,ch_3SIAEzLrnBTnlT7b12bOr8jI,CPMT: 62979-DDI00026,CPMT: 62979-DDI00026-14/10/2025,
14/10/2025,63037,63037-DDI00014,Ndevor Systems Ltd : Phorest Australia,11010 Accounts Receivable : Trade Debtors,AUD,1.0,366.73,10130 Bank : CB current a/c AU$ # 411110236694,Australia,CARDSUCCESS,DDCARD PAYMENT:MESDDD12836MS633TT845,2.0,,ch_3SIAF1LrnBTnlT7b0oUHMVaz,CPMT: 63037-DDI00014,CPMT: 63037-DDI00014-14/10/2025,
14/10/2025,63041,63041-DDI00020,Ndevor Systems Ltd : Phorest Australia,11010 Accounts Receivable : Trade Debtors,AUD,1.0,641.63,10130 Bank : CB current a/c AU$ # 411110236694,Australia,CARDSUCCESS,DDCARD PAYMENT:MESDDD509M8Y9A80N06O6,2.0,,ch_3SIAF3LrnBTnlT7b1HSX5oFn,CPMT: 63041-DDI00020,CPMT: 63041-DDI00020-14/10/2025,
14/10/2025,63071,63071-DDI00026,Ndevor Systems Ltd : Phorest Australia,11010 Accounts Receivable : Trade Debtors,AUD,1.0,317.9,10130 Bank : CB current a/c AU$ # 411110236694,Australia,CARDSUCCESS,DDCARD PAYMENT:MESDDD4ZLUMN9O9WT0ZK5,2.0,,ch_3SIAF6LrnBTnlT7b11kVmJlL,CPMT: 63071-DDI00026,CPMT: 63071-DDI00026-14/10/2025,
14/10/2025,63098,63098-DDI00027,Ndevor Systems Ltd : Phorest Australia,11010 Accounts Receivable : Trade Debtors,AUD,1.0,566.23,10130 Bank : CB current a/c AU$ # 411110236694,Australia,CARDSUCCESS,DDCARD PAYMENT:MESDDDWG4RUS9XLI6A125,2.0,,ch_3SIAF8LrnBTnlT7b1hc8YX26,CPMT: 63098-DDI00027,CPMT: 63098-DDI00027-14/10/2025,
14/10/2025,63204,63204-DDI00028,Ndevor Systems Ltd : Phorest Australia,11010 Accounts Receivable : Trade Debtors,AUD,1.0,425.7,10130 Bank : CB current a/c AU$ # 411110236694,Australia,CARDSUCCESS,DDCARD PAYMENT:MESDDDM80T7620IY7X0M0,2.0,,ch_3SIAFBLrnBTnlT7b1MenFErY,CPMT: 63204-DDI00028,CPMT: 63204-DDI00028-14/10/2025,
14/10/2025,46905,46905-DDI00070,Ndevor Systems Ltd : Phorest Australia,11010 Accounts Receivable : Trade Debtors,AUD,1.0,465.37,10130 Bank : CB current a/c AU$ # 411110236694,Australia,CARDSUCCESS,DDCARD PAYMENT:MESDDDW72JW68Z5J3LC8O,2.0,,ch_3SIA4vLrnBTnlT7b0HKNT3VN,CPMT: 46905-DDI00070,CPMT: 46905-DDI00070-14/10/2025,
14/10/2025,63679,63679-DDI00026,Ndevor Systems Ltd : Phorest Australia,11010 Accounts Receivable : Trade Debtors,AUD,1.0,479.42,10130 Bank : CB current a/c AU$ # 411110236694,Australia,CARDSUCCESS,DDCARD PAYMENT:MESDDDLW3WBXXOE40JH0W,2.0,,ch_3SIAFJLrnBTnlT7b1H8jjtly,CPMT: 63679-DDI00026,CPMT: 63679-DDI00026-14/10/2025,
14/10/2025,63680,63680-DDI00026,Ndevor Systems Ltd : Phorest Australia,11010 Accounts Receivable : Trade Debtors,AUD,1.0,486.34,10130 Bank : CB current a/c AU$ # 411110236694,Australia,CARDSUCCESS,DDCARD PAYMENT:MESDDDOS87R0PIJX697ZY,2.0,,ch_3SIAFMLrnBTnlT7b0KWgAxKJ,CPMT: 63680-DDI00026,CPMT: 63680-DDI00026-14/10/2025,
14/10/2025,64008,64008-DDI00026,Ndevor Systems Ltd : Phorest Australia,11010 Accounts Receivable : Trade Debtors,AUD,1.0,130.88,10130 Bank : CB current a/c AU$ # 411110236694,Australia,CARDSUCCESS,DDCARD PAYMENT:MESDDD1Q0M7Z2K7O93750,2.0,,ch_3SIAFOLrnBTnlT7b1DztrakM,CPMT: 64008-DDI00026,CPMT: 64008-DDI00026-14/10/2025,
14/10/2025,64016,64016-DDI00030,Ndevor Systems Ltd : Phorest Australia,11010 Accounts Receivable : Trade Debtors,AUD,1.0,526.9,10130 Bank : CB current a/c AU$ # 411110236694,Australia,CARDSUCCESS,DDCARD PAYMENT:MESDDD04T80T22JNLQCN8,2.0,,ch_3SIAFRLrnBTnlT7b1845GO6B,CPMT: 64016-DDI00030,CPMT: 64016-DDI00030-14/10/2025,
14/10/2025,64084,64084-DDI00010,Ndevor Systems Ltd : Phorest Australia,11010 Accounts Receivable : Trade Debtors,AUD,1.0,509.3,10130 Bank : CB current a/c AU$ # 411110236694,Australia,CARDSUCCESS,DDCARD PAYMENT:MESDDDFSHN94W94K2U7UB,2.0,,ch_3SIAFTLrnBTnlT7b0EnkM63h,CPMT: 64084-DDI00010,CPMT: 64084-DDI00010-14/10/2025,
14/10/2025,64146,64146-DDI00026,Ndevor Systems Ltd : Phorest Australia,11010 Accounts Receivable : Trade Debtors,AUD,1.0,416.9,10130 Bank : CB current a/c AU$ # 411110236694,Australia,CARDSUCCESS,DDCARD PAYMENT:MESDDD19ZC8PX8ET0UX59,2.0,,ch_3SIAFVLrnBTnlT7b0B74SgLy,CPMT: 64146-DDI00026,CPMT: 64146-DDI00026-14/10/2025,
14/10/2025,64341,64341-DDI00028,Ndevor Systems Ltd : Phorest Australia,11010 Accounts Receivable : Trade Debtors,AUD,1.0,587.82,10130 Bank : CB current a/c AU$ # 411110236694,Australia,CARDSUCCESS,DDCARD PAYMENT:MESDDD69EBK6SDAM123F1,2.0,,ch_3SIAFYLrnBTnlT7b1538eRDF,CPMT: 64341-DDI00028,CPMT: 64341-DDI00028-14/10/2025,
14/10/2025,65854,65854-DDI00024,Ndevor Systems Ltd : Phorest Australia,11010 Accounts Receivable : Trade Debtors,AUD,1.0,433.46,10130 Bank : CB current a/c AU$ # 411110236694,Australia,CARDSUCCESS,DDCARD PAYMENT:MESDDDC6214B5TD2EH2YC,2.0,,ch_3SIAFdLrnBTnlT7b0OKSN5vV,CPMT: 65854-DDI00024,CPMT: 65854-DDI00024-14/10/2025,
14/10/2025,66369,66369-DDI00023,Ndevor Systems Ltd : Phorest Australia,11010 Accounts Receivable : Trade Debtors,AUD,1.0,485.9,10130 Bank : CB current a/c AU$ # 411110236694,Australia,CARDSUCCESS,DDCARD PAYMENT:MESDDDU66384086UJ75HF,2.0,,ch_3SIAFfLrnBTnlT7b1F9RKpWj,CPMT: 66369-DDI00023,CPMT: 66369-DDI00023-14/10/2025,
14/10/2025,67024,67024-DDI00027,Ndevor Systems Ltd : Phorest Australia,11010 Accounts Receivable : Trade Debtors,AUD,1.0,434.67,10130 Bank : CB current a/c AU$ # 411110236694,Australia,CARDSUCCESS,DDCARD PAYMENT:MESDDD87DWSVY17B03885,2.0,,ch_3SIAFiLrnBTnlT7b0ui2gmtT,CPMT: 67024-DDI00027,CPMT: 67024-DDI00027-14/10/2025,
14/10/2025,67029,67029-DDI00025,Ndevor Systems Ltd : Phorest Australia,11010 Accounts Receivable : Trade Debtors,AUD,1.0,673.78,10130 Bank : CB current a/c AU$ # 411110236694,Australia,CARDSUCCESS,DDCARD PAYMENT:MESDDD8CH667YW0PDHD79,2.0,,ch_3SIAFkLrnBTnlT7b0zifEHr0,CPMT: 67029-DDI00025,CPMT: 67029-DDI00025-14/10/2025,
14/10/2025,67329,67329-DDI00025,Ndevor Systems Ltd : Phorest Australia,11010 Accounts Receivable : Trade Debtors,AUD,1.0,461.59,10130 Bank : CB current a/c AU$ # 411110236694,Australia,CARDSUCCESS,DDCARD PAYMENT:MESDDD3B1N6OTE6S76YC3,2.0,,ch_3SIAFmLrnBTnlT7b0cHU8GQ3,CPMT: 67329-DDI00025,CPMT: 67329-DDI00025-14/10/2025,
14/10/2025,67330,67330-DDI00025,Ndevor Systems Ltd : Phorest Australia,11010 Accounts Receivable : Trade Debtors,AUD,1.0,380.46,10130 Bank : CB current a/c AU$ # 411110236694,Australia,CARDSUCCESS,DDCARD PAYMENT:MESDDD97N0MC2SU1XI80P,2.0,,ch_3SIAFpLrnBTnlT7b1sIeaXIL,CPMT: 67330-DDI00025,CPMT: 67330-DDI00025-14/10/2025,
14/10/2025,67989,67989-DDI00025,Ndevor Systems Ltd : Phorest Australia,11010 Accounts Receivable : Trade Debtors,AUD,1.0,338.01,10130 Bank : CB current a/c AU$ # 411110236694,Australia,CARDSUCCESS,DDCARD PAYMENT:MESDDDQ1ZBSAYQCZ25298,2.0,,ch_3SIAFrLrnBTnlT7b0zwo2Gtm,CPMT: 67989-DDI00025,CPMT: 67989-DDI00025-14/10/2025,
14/10/2025,69413,69413-DDI00021,Ndevor Systems Ltd : Phorest Australia,11010 Accounts Receivable : Trade Debtors,AUD,1.0,351.56,10130 Bank : CB current a/c AU$ # 411110236694,Australia,CARDSUCCESS,DDCARD PAYMENT:MESDDD9VH3436Z909UMP9,2.0,,ch_3SIAFyLrnBTnlT7b1NYg34mJ,CPMT: 69413-DDI00021,CPMT: 69413-DDI00021-14/10/2025,
14/10/2025,62543,62543-DDI00028,Ndevor Systems Ltd : Phorest Australia,11010 Accounts Receivable : Trade Debtors,AUD,1.0,678.33,10130 Bank : CB current a/c AU$ # 411110236694,Australia,CARDSUCCESS,DDCARD PAYMENT:MESDDD2AN29791PINA737,2.0,,ch_3SIAEoLrnBTnlT7b1Smru64N,CPMT: 62543-DDI00028,CPMT: 62543-DDI00028-14/10/2025,
14/10/2025,75968,75968-DDI00018,Ndevor Systems Ltd : Phorest Australia,11010 Accounts Receivable : Trade Debtors,AUD,1.0,344.45,10130 Bank : CB current a/c AU$ # 411110236694,Australia,CARDSUCCESS,DDCARD PAYMENT:MESDDD6383058YK49D389,2.0,,ch_3SIAHMLrnBTnlT7b0FPj1XRN,CPMT: 75968-DDI00018,CPMT: 75968-DDI00018-14/10/2025,
14/10/2025,76210,76210-DDI00019,Ndevor Systems Ltd : Phorest Australia,11010 Accounts Receivable : Trade Debtors,AUD,1.0,604.0,10130 Bank : CB current a/c AU$ # 411110236694,Australia,CARDSUCCESS,DDCARD PAYMENT:MESDDDS11E8V9ZTXNT90Q,2.0,,ch_3SIAHSLrnBTnlT7b0VkX3lwc,CPMT: 76210-DDI00019,CPMT: 76210-DDI00019-14/10/2025,
14/10/2025,78043,78043-DDI00017,Ndevor Systems Ltd : Phorest Australia,11010 Accounts Receivable : Trade Debtors,AUD,1.0,185.9,10130 Bank : CB current a/c AU$ # 411110236694,Australia,CARDSUCCESS,DDCARD PAYMENT:MESDDD9W9H555YRC9C07V,2.0,,ch_3SIAIiLrnBTnlT7b01r16XIn,CPMT: 78043-DDI00017,CPMT: 78043-DDI00017-14/10/2025,
14/10/2025,78051,78051-DDI00018,Ndevor Systems Ltd : Phorest Australia,11010 Accounts Receivable : Trade Debtors,AUD,1.0,336.41,10130 Bank : CB current a/c AU$ # 411110236694,Australia,CARDSUCCESS,DDCARD PAYMENT:MESDDD2A23006M2I1L238,2.0,,ch_3SIAIlLrnBTnlT7b0t5nzHOM,CPMT: 78051-DDI00018,CPMT: 78051-DDI00018-14/10/2025,
14/10/2025,78160,78160-DDI00011,Ndevor Systems Ltd : Phorest Australia,11010 Accounts Receivable : Trade Debtors,AUD,1.0,262.9,10130 Bank : CB current a/c AU$ # 411110236694,Australia,CARDSUCCESS,DDCARD PAYMENT:MESDDDO3JJX561M3788CS,2.0,,ch_3SIAInLrnBTnlT7b1CuP5qUo,CPMT: 78160-DDI00011,CPMT: 78160-DDI00011-14/10/2025,
14/10/2025,78171,78171-DDI00011,Ndevor Systems Ltd : Phorest Australia,11010 Accounts Receivable : Trade Debtors,AUD,1.0,108.9,10130 Bank : CB current a/c AU$ # 411110236694,Australia,CARDSUCCESS,DDCARD PAYMENT:MESDDD16YXFJRJ8J7TNP1,2.0,,ch_3SIAIqLrnBTnlT7b1ZZJlsoP,CPMT: 78171-DDI00011,CPMT: 78171-DDI00011-14/10/2025,
14/10/2025,78465,78465-DDI00015,Ndevor Systems Ltd : Phorest Australia,11010 Accounts Receivable : Trade Debtors,AUD,1.0,310.02,10130 Bank : CB current a/c AU$ # 411110236694,Australia,CARDSUCCESS,DDCARD PAYMENT:MESDDDTD2XBA81MQ24MMQ,2.0,,ch_3SIAIsLrnBTnlT7b0hBtJfeU,CPMT: 78465-DDI00015,CPMT: 78465-DDI00015-14/10/2025,
14/10/2025,78467,78467-DDI00017,Ndevor Systems Ltd : Phorest Australia,11010 Accounts Receivable : Trade Debtors,AUD,1.0,335.02,10130 Bank : CB current a/c AU$ # 411110236694,Australia,CARDSUCCESS,DDCARD PAYMENT:MESDDDTN84EB084EU8ELE,2.0,,ch_3SIAIuLrnBTnlT7b1dWjm984,CPMT: 78467-DDI00017,CPMT: 78467-DDI00017-14/10/2025,
14/10/2025,78480,78480-DDI00017,Ndevor Systems Ltd : Phorest Australia,11010 Accounts Receivable : Trade Debtors,AUD,1.0,390.46,10130 Bank : CB current a/c AU$ # 411110236694,Australia,CARDSUCCESS,DDCARD PAYMENT:MESDDD4KK31C9HULA8QF4,2.0,,ch_3SIAIwLrnBTnlT7b1FDPsAPE,CPMT: 78480-DDI00017,CPMT: 78480-DDI00017-14/10/2025,
14/10/2025,78553,78553-DDI00015,Ndevor Systems Ltd : Phorest Australia,11010 Accounts Receivable : Trade Debtors,AUD,1.0,390.29,10130 Bank : CB current a/c AU$ # 411110236694,Australia,CARDSUCCESS,DDCARD PAYMENT:MESDDD47VWM9P4B651930,2.0,,ch_3SIAIzLrnBTnlT7b0A1Cei30,CPMT: 78553-DDI00015,CPMT: 78553-DDI00015-14/10/2025,
14/10/2025,78738,78738-DDI00015,Ndevor Systems Ltd : Phorest Australia,11010 Accounts Receivable : Trade Debtors,AUD,1.0,405.53,10130 Bank : CB current a/c AU$ # 411110236694,Australia,CARDSUCCESS,DDCARD PAYMENT:MESDDD6MLOJ8G8LYN5Z37,2.0,,ch_3SIAJ1LrnBTnlT7b0HlcsExA,CPMT: 78738-DDI00015,CPMT: 78738-DDI00015-14/10/2025,
14/10/2025,78799,78799-DDI00015,Ndevor Systems Ltd : Phorest Australia,11010 Accounts Receivable : Trade Debtors,AUD,1.0,455.05,10130 Bank : CB current a/c AU$ # 411110236694,Australia,CARDSUCCESS,DDCARD PAYMENT:MESDDDNKZ3Z08F4STS7RG,2.0,,ch_3SIAJ4LrnBTnlT7b0APqIeL0,CPMT: 78799-DDI00015,CPMT: 78799-DDI00015-14/10/2025,
14/10/2025,78992,78992-DDI00014,Ndevor Systems Ltd : Phorest Australia,11010 Accounts Receivable : Trade Debtors,AUD,1.0,451.04,10130 Bank : CB current a/c AU$ # 411110236694,Australia,CARDSUCCESS,DDCARD PAYMENT:MESDDDE9XTJ00Z67BN0I9,2.0,,ch_3SIAJ6LrnBTnlT7b0dygPHcN,CPMT: 78992-DDI00014,CPMT: 78992-DDI00014-14/10/2025,
14/10/2025,79083,79083-DDI00016,Ndevor Systems Ltd : Phorest Australia,11010 Accounts Receivable : Trade Debtors,AUD,1.0,517.83,10130 Bank : CB current a/c AU$ # 411110236694,Australia,CARDSUCCESS,DDCARD PAYMENT:MESDDDZL53352P1K9IA57,2.0,,ch_3SIAJ8LrnBTnlT7b16mBMYel,CPMT: 79083-DDI00016,CPMT: 79083-DDI00016-14/10/2025,
14/10/2025,79199,79199-DDI00013,Ndevor Systems Ltd : Phorest Australia,11010 Accounts Receivable : Trade Debtors,AUD,1.0,407.21,10130 Bank : CB current a/c AU$ # 411110236694,Australia,CARDSUCCESS,DDCARD PAYMENT:MESDDD32XLZD55B3OF01G,2.0,,ch_3SIAJELrnBTnlT7b1fbU9Yvx,CPMT: 79199-DDI00013,CPMT: 79199-DDI00013-14/10/2025,
14/10/2025,79754,79754-DDI00015,Ndevor Systems Ltd : Phorest Australia,11010 Accounts Receivable : Trade Debtors,AUD,1.0,185.9,10130 Bank : CB current a/c AU$ # 411110236694,Australia,CARDSUCCESS,DDCARD PAYMENT:MESDDD0BS9B1810811Y6V,2.0,,ch_3SIAJJLrnBTnlT7b1NHWRMyW,CPMT: 79754-DDI00015,CPMT: 79754-DDI00015-14/10/2025,
14/10/2025,79869,79869-DDI00015,Ndevor Systems Ltd : Phorest Australia,11010 Accounts Receivable : Trade Debtors,AUD,1.0,448.8,10130 Bank : CB current a/c AU$ # 411110236694,Australia,CARDSUCCESS,DDCARD PAYMENT:MESDDDZB06IP58C0U664G,2.0,,ch_3SIAJLLrnBTnlT7b0EkCkF0R,CPMT: 79869-DDI00015,CPMT: 79869-DDI00015-14/10/2025,
14/10/2025,79985,79985-DDI00017,Ndevor Systems Ltd : Phorest Australia,11010 Accounts Receivable : Trade Debtors,AUD,1.0,356.39,10130 Bank : CB current a/c AU$ # 411110236694,Australia,CARDSUCCESS,DDCARD PAYMENT:MESDDD367I1476U7A0JGV,2.0,,ch_3SIAJOLrnBTnlT7b0gqXFxrB,CPMT: 79985-DDI00017,CPMT: 79985-DDI00017-14/10/2025,
14/10/2025,79987,79987-DDI00013,Ndevor Systems Ltd : Phorest Australia,11010 Accounts Receivable : Trade Debtors,AUD,1.0,339.69,10130 Bank : CB current a/c AU$ # 411110236694,Australia,CARDSUCCESS,DDCARD PAYMENT:MESDDD3826OWO338MXND0,2.0,,ch_3SIAJQLrnBTnlT7b1BEn4dSn,CPMT: 79987-DDI00013,CPMT: 79987-DDI00013-14/10/2025,
14/10/2025,80118,80118-DDI00015,Ndevor Systems Ltd : Phorest Australia,11010 Accounts Receivable : Trade Debtors,AUD,1.0,416.9,10130 Bank : CB current a/c AU$ # 411110236694,Australia,CARDSUCCESS,DDCARD PAYMENT:MESDDDAR8HXN2085NV76J,2.0,,ch_3SIAJSLrnBTnlT7b0eXdbqkM,CPMT: 80118-DDI00015,CPMT: 80118-DDI00015-14/10/2025,
14/10/2025,80217,80217-DDI00013,Ndevor Systems Ltd : Phorest Australia,11010 Accounts Receivable : Trade Debtors,AUD,1.0,595.3,10130 Bank : CB current a/c AU$ # 411110236694,Australia,CARDSUCCESS,DDCARD PAYMENT:MESDDD16Z09C3POEFNQQQ,2.0,,ch_3SIAJYLrnBTnlT7b0pCUPewD,CPMT: 80217-DDI00013,CPMT: 80217-DDI00013-14/10/2025,
14/10/2025,80389,80389-DDI00014,Ndevor Systems Ltd : Phorest Australia,11010 Accounts Receivable : Trade Debtors,AUD,1.0,416.9,10130 Bank : CB current a/c AU$ # 411110236694,Australia,CARDSUCCESS,DDCARD PAYMENT:MESDDDR6TP782YV1R206X,2.0,,ch_3SIAJaLrnBTnlT7b0116PqOQ,CPMT: 80389-DDI00014,CPMT: 80389-DDI00014-14/10/2025,
14/10/2025,80459,80459-DDI00014,Ndevor Systems Ltd : Phorest Australia,11010 Accounts Receivable : Trade Debtors,AUD,1.0,380.01,10130 Bank : CB current a/c AU$ # 411110236694,Australia,CARDSUCCESS,DDCARD PAYMENT:MESDDDWZX2N1M04U3DN25,2.0,,ch_3SIAJcLrnBTnlT7b1N8FjGQg,CPMT: 80459-DDI00014,CPMT: 80459-DDI00014-14/10/2025,
14/10/2025,80464,80464-DDI00008,Ndevor Systems Ltd : Phorest Australia,11010 Accounts Receivable : Trade Debtors,AUD,1.0,188.06,10130 Bank : CB current a/c AU$ # 411110236694,Australia,CARDSUCCESS,DDCARD PAYMENT:MESDDDR0EGE7HBUM06WXO,2.0,,ch_3SIAJiLrnBTnlT7b0r7uQf0D,CPMT: 80464-DDI00008,CPMT: 80464-DDI00008-14/10/2025,
14/10/2025,80465,80465-DDI00014,Ndevor Systems Ltd : Phorest Australia,11010 Accounts Receivable : Trade Debtors,AUD,1.0,448.8,10130 Bank : CB current a/c AU$ # 411110236694,Australia,CARDSUCCESS,DDCARD PAYMENT:MESDDD1V51K6L80ORVWB3,2.0,,ch_3SIAJkLrnBTnlT7b1VwEC42R,CPMT: 80465-DDI00014,CPMT: 80465-DDI00014-14/10/2025,
14/10/2025,78041,78041-DDI00014,Ndevor Systems Ltd : Phorest Australia,11010 Accounts Receivable : Trade Debtors,AUD,1.0,317.9,10130 Bank : CB current a/c AU$ # 411110236694,Australia,CARDSUCCESS,DDCARD PAYMENT:MESDDD8DVZ8JI3G68LF95,2.0,,ch_3SIAIgLrnBTnlT7b0gmD12z1,CPMT: 78041-DDI00014,CPMT: 78041-DDI00014-14/10/2025,
14/10/2025,76161,76161-DDI00018,Ndevor Systems Ltd : Phorest Australia,11010 Accounts Receivable : Trade Debtors,AUD,1.0,416.9,10130 Bank : CB current a/c AU$ # 411110236694,Australia,CARDSUCCESS,DDCARD PAYMENT:MESDDDDJ1BFQZ32BAFSXT,2.0,,ch_3SIAHPLrnBTnlT7b1DHI0AVX,CPMT: 76161-DDI00018,CPMT: 76161-DDI00018-14/10/2025,
14/10/2025,78039,78039-DDI00018,Ndevor Systems Ltd : Phorest Australia,11010 Accounts Receivable : Trade Debtors,AUD,1.0,185.9,10130 Bank : CB current a/c AU$ # 411110236694,Australia,CARDSUCCESS,DDCARD PAYMENT:MESDDDG6RXRE8ERX15304,2.0,,ch_3SIAIdLrnBTnlT7b0jmOCLnR,CPMT: 78039-DDI00018,CPMT: 78039-DDI00018-14/10/2025,
14/10/2025,77973,77973-DDI00018,Ndevor Systems Ltd : Phorest Australia,11010 Accounts Receivable : Trade Debtors,AUD,1.0,458.7,10130 Bank : CB current a/c AU$ # 411110236694,Australia,CARDSUCCESS,DDCARD PAYMENT:MESDDDQ87KV2K5FC7G6WD,2.0,,ch_3SIAIZLrnBTnlT7b0mOPolVB,CPMT: 77973-DDI00018,CPMT: 77973-DDI00018-14/10/2025,
14/10/2025,76343,76343-DDI00019,Ndevor Systems Ltd : Phorest Australia,11010 Accounts Receivable : Trade Debtors,AUD,1.0,296.78,10130 Bank : CB current a/c AU$ # 411110236694,Australia,CARDSUCCESS,DDCARD PAYMENT:MESDDD1R93P3K69MTY6G7,2.0,,ch_3SIAHULrnBTnlT7b1EAd5LQ3,CPMT: 76343-DDI00019,CPMT: 76343-DDI00019-14/10/2025,
14/10/2025,76447,76447-DDI00019,Ndevor Systems Ltd : Phorest Australia,11010 Accounts Receivable : Trade Debtors,AUD,1.0,338.01,10130 Bank : CB current a/c AU$ # 411110236694,Australia,CARDSUCCESS,DDCARD PAYMENT:MESDDDMIS90JV4A7U4640,2.0,,ch_3SIAHWLrnBTnlT7b0Tp4cjVG,CPMT: 76447-DDI00019,CPMT: 76447-DDI00019-14/10/2025,
14/10/2025,76455,76455-DDI00018,Ndevor Systems Ltd : Phorest Australia,11010 Accounts Receivable : Trade Debtors,AUD,1.0,539.57,10130 Bank : CB current a/c AU$ # 411110236694,Australia,CARDSUCCESS,DDCARD PAYMENT:MESDDDY846GJ6OGJDTK68,2.0,,ch_3SIAHZLrnBTnlT7b0aPzbZCp,CPMT: 76455-DDI00018,CPMT: 76455-DDI00018-14/10/2025,
14/10/2025,76459,76459-DDI00019,Ndevor Systems Ltd : Phorest Australia,11010 Accounts Receivable : Trade Debtors,AUD,1.0,500.02,10130 Bank : CB current a/c AU$ # 411110236694,Australia,CARDSUCCESS,DDCARD PAYMENT:MESDDDSJMX10K4IJ1AXMH,2.0,,ch_3SIAHbLrnBTnlT7b0bFGH7bA,CPMT: 76459-DDI00019,CPMT: 76459-DDI00019-14/10/2025,
14/10/2025,76466,76466-DDI00019,Ndevor Systems Ltd : Phorest Australia,11010 Accounts Receivable : Trade Debtors,AUD,1.0,463.19,10130 Bank : CB current a/c AU$ # 411110236694,Australia,CARDSUCCESS,DDCARD PAYMENT:MESDDDOW7O7C3H69MTFSF,2.0,,ch_3SIAHeLrnBTnlT7b0klYPTrH,CPMT: 76466-DDI00019,CPMT: 76466-DDI00019-14/10/2025,
14/10/2025,76507,76507-DDI00019,Ndevor Systems Ltd : Phorest Australia,11010 Accounts Receivable : Trade Debtors,AUD,1.0,344.45,10130 Bank : CB current a/c AU$ # 411110236694,Australia,CARDSUCCESS,DDCARD PAYMENT:MESDDD14R15Q2GH3JUFRB,2.0,,ch_3SIAHhLrnBTnlT7b0F4koiAM,CPMT: 76507-DDI00019,CPMT: 76507-DDI00019-14/10/2025,
14/10/2025,73336,73336-DDI00024,Ndevor Systems Ltd : Phorest Australia,11010 Accounts Receivable : Trade Debtors,AUD,1.0,555.38,10130 Bank : CB current a/c AU$ # 411110236694,Australia,CARDSUCCESS,DDCARD PAYMENT:MESDDDGAI885HB42268BI,2.0,,ch_3SIAHjLrnBTnlT7b1cO6Yd7z,CPMT: 73336-DDI00024,CPMT: 73336-DDI00024-14/10/2025,
14/10/2025,73407,73407-DDI00021,Ndevor Systems Ltd : Phorest Australia,11010 Accounts Receivable : Trade Debtors,AUD,1.0,229.94,10130 Bank : CB current a/c AU$ # 411110236694,Australia,CARDSUCCESS,DDCARD PAYMENT:MESDDD2K23FCTM65T7665,2.0,,ch_3SIAHlLrnBTnlT7b09MeRQqO,CPMT: 73407-DDI00021,CPMT: 73407-DDI00021-14/10/2025,
14/10/2025,73428,73428-DDI00022,Ndevor Systems Ltd : Phorest Australia,11010 Accounts Receivable : Trade Debtors,AUD,1.0,343.71,10130 Bank : CB current a/c AU$ # 411110236694,Australia,CARDSUCCESS,DDCARD PAYMENT:MESDDD2O3735FB832343N,2.0,,ch_3SIAHoLrnBTnlT7b1kiR7Mui,CPMT: 73428-DDI00022,CPMT: 73428-DDI00022-14/10/2025,
14/10/2025,73431,73431-DDI00023,Ndevor Systems Ltd : Phorest Australia,11010 Accounts Receivable : Trade Debtors,AUD,1.0,469.93,10130 Bank : CB current a/c AU$ # 411110236694,Australia,CARDSUCCESS,DDCARD PAYMENT:MESDDDS73V3URB8M707M8,2.0,,ch_3SIAHqLrnBTnlT7b0FZJqRMr,CPMT: 73431-DDI00023,CPMT: 73431-DDI00023-14/10/2025,
14/10/2025,73539,73539-DDI00021,Ndevor Systems Ltd : Phorest Australia,11010 Accounts Receivable : Trade Debtors,AUD,1.0,368.25,10130 Bank : CB current a/c AU$ # 411110236694,Australia,CARDSUCCESS,DDCARD PAYMENT:MESDDD26HYH1PEK60HX3K,2.0,,ch_3SIAHsLrnBTnlT7b1eekuZmn,CPMT: 73539-DDI00021,CPMT: 73539-DDI00021-14/10/2025,
14/10/2025,73767,73767-DDI00021,Ndevor Systems Ltd : Phorest Australia,11010 Accounts Receivable : Trade Debtors,AUD,1.0,358.11,10130 Bank : CB current a/c AU$ # 411110236694,Australia,CARDSUCCESS,DDCARD PAYMENT:MESDDD0HP98ZROSCYS5OV,2.0,,ch_3SIAHvLrnBTnlT7b0NiGYUbp,CPMT: 73767-DDI00021,CPMT: 73767-DDI00021-14/10/2025,
14/10/2025,76575,76575-DDI00014,Ndevor Systems Ltd : Phorest Australia,11010 Accounts Receivable : Trade Debtors,AUD,1.0,418.87,10130 Bank : CB current a/c AU$ # 411110236694,Australia,CARDSUCCESS,DDCARD PAYMENT:MESDDDN1701DG6CT5196A,2.0,,ch_3SIAI1LrnBTnlT7b1dcmWZhK,CPMT: 76575-DDI00014,CPMT: 76575-DDI00014-14/10/2025,
14/10/2025,76765,76765-DDI00018,Ndevor Systems Ltd : Phorest Australia,11010 Accounts Receivable : Trade Debtors,AUD,1.0,202.38,10130 Bank : CB current a/c AU$ # 411110236694,Australia,CARDSUCCESS,DDCARD PAYMENT:MESDDDG1FL149112F3E0R,2.0,,ch_3SIAI3LrnBTnlT7b1kXpW3JU,CPMT: 76765-DDI00018,CPMT: 76765-DDI00018-14/10/2025,
14/10/2025,76850,76850-DDI00018,Ndevor Systems Ltd : Phorest Australia,11010 Accounts Receivable : Trade Debtors,AUD,1.0,403.46,10130 Bank : CB current a/c AU$ # 411110236694,Australia,CARDSUCCESS,DDCARD PAYMENT:MESDDDDUU4881R7E0JV9G,2.0,,ch_3SIAIALrnBTnlT7b1ZH0YFX2,CPMT: 76850-DDI00018,CPMT: 76850-DDI00018-14/10/2025,
14/10/2025,77232,77232-DDI00019,Ndevor Systems Ltd : Phorest Australia,11010 Accounts Receivable : Trade Debtors,AUD,1.0,367.93,10130 Bank : CB current a/c AU$ # 411110236694,Australia,CARDSUCCESS,DDCARD PAYMENT:MESDDDV3T986VJ60Z0W1W,2.0,,ch_3SIAICLrnBTnlT7b1ULTdNB4,CPMT: 77232-DDI00019,CPMT: 77232-DDI00019-14/10/2025,
14/10/2025,77467,77467-DDI00019,Ndevor Systems Ltd : Phorest Australia,11010 Accounts Receivable : Trade Debtors,AUD,1.0,395.98,10130 Bank : CB current a/c AU$ # 411110236694,Australia,CARDSUCCESS,DDCARD PAYMENT:MESDDD13F2VVW9KNAWX48,2.0,,ch_3SIAIFLrnBTnlT7b1LcPEWrs,CPMT: 77467-DDI00019,CPMT: 77467-DDI00019-14/10/2025,
14/10/2025,77471,77471-DDI00017,Ndevor Systems Ltd : Phorest Australia,11010 Accounts Receivable : Trade Debtors,AUD,1.0,457.67,10130 Bank : CB current a/c AU$ # 411110236694,Australia,CARDSUCCESS,DDCARD PAYMENT:MESDDD8WO662TP0KMA40N,2.0,,ch_3SIAIHLrnBTnlT7b1VPEiWNL,CPMT: 77471-DDI00017,CPMT: 77471-DDI00017-14/10/2025,
14/10/2025,77583,77583-DDI00007,Ndevor Systems Ltd : Phorest Australia,11010 Accounts Receivable : Trade Debtors,AUD,1.0,346.06,10130 Bank : CB current a/c AU$ # 411110236694,Australia,CARDSUCCESS,DDCARD PAYMENT:MESDDD1X09VFOZN346TWR,2.0,,ch_3SIAIJLrnBTnlT7b1DHyYh4L,CPMT: 77583-DDI00007,CPMT: 77583-DDI00007-14/10/2025,
14/10/2025,77653,77653-DDI00011,Ndevor Systems Ltd : Phorest Australia,11010 Accounts Receivable : Trade Debtors,AUD,1.0,367.83,10130 Bank : CB current a/c AU$ # 411110236694,Australia,CARDSUCCESS,DDCARD PAYMENT:MESDDDSG9M5VSXE3U29LS,2.0,,ch_3SIAIMLrnBTnlT7b1cxScA0C,CPMT: 77653-DDI00011,CPMT: 77653-DDI00011-14/10/2025,
14/10/2025,77663,77663-DDI00015,Ndevor Systems Ltd : Phorest Australia,11010 Accounts Receivable : Trade Debtors,AUD,1.0,327.72,10130 Bank : CB current a/c AU$ # 411110236694,Australia,CARDSUCCESS,DDCARD PAYMENT:MESDDD962X5A1VA60UAUB,2.0,,ch_3SIAIRLrnBTnlT7b1iIcrnjh,CPMT: 77663-DDI00015,CPMT: 77663-DDI00015-14/10/2025,
14/10/2025,77727,77727-DDI00016,Ndevor Systems Ltd : Phorest Australia,11010 Accounts Receivable : Trade Debtors,AUD,1.0,538.53,10130 Bank : CB current a/c AU$ # 411110236694,Australia,CARDSUCCESS,DDCARD PAYMENT:MESDDD2XK651FIV5G6G16,2.0,,ch_3SIAITLrnBTnlT7b0KgNrJOS,CPMT: 77727-DDI00016,CPMT: 77727-DDI00016-14/10/2025,
14/10/2025,77868,77868-DDI00016,Ndevor Systems Ltd : Phorest Australia,11010 Accounts Receivable : Trade Debtors,AUD,1.0,551.56,10130 Bank : CB current a/c AU$ # 411110236694,Australia,CARDSUCCESS,DDCARD PAYMENT:MESDDDJK182GRY287O42W,2.0,,ch_3SIAIWLrnBTnlT7b1I88gBD3,CPMT: 77868-DDI00016,CPMT: 77868-DDI00016-14/10/2025,
14/10/2025,77978,77978-DDI00015,Ndevor Systems Ltd : Phorest Australia,11010 Accounts Receivable : Trade Debtors,AUD,1.0,416.9,10130 Bank : CB current a/c AU$ # 411110236694,Australia,CARDSUCCESS,DDCARD PAYMENT:MESDDD41456HN52M8N0A7,2.0,,ch_3SIAIbLrnBTnlT7b1I768Yba,CPMT: 77978-DDI00015,CPMT: 77978-DDI00015-14/10/2025,
14/10/2025,46824,46824-DDI00071,Ndevor Systems Ltd : Phorest Australia,11010 Accounts Receivable : Trade Debtors,AUD,1.0,359.79,10130 Bank : CB current a/c AU$ # 411110236694,Australia,CARDSUCCESS,DDCARD PAYMENT:MESDDD508D98I1W74N123,2.0,,ch_3SIA4sLrnBTnlT7b1UWHwno3,CPMT: 46824-DDI00071,CPMT: 46824-DDI00071-14/10/2025,
14/10/2025,46479,46479-DDI00040,Ndevor Systems Ltd : Phorest Australia,11010 Accounts Receivable : Trade Debtors,AUD,1.0,125.4,10130 Bank : CB current a/c AU$ # 411110236694,Australia,CARDSUCCESS,DDCARD PAYMENT:MESDDDDQ0JL91Y0ZE58KU,2.0,,ch_3SIA4XLrnBTnlT7b0FuEED1v,CPMT: 46479-DDI00040,CPMT: 46479-DDI00040-14/10/2025,
14/10/2025,46677,46677-DDI00072,Ndevor Systems Ltd : Phorest Australia,11010 Accounts Receivable : Trade Debtors,AUD,1.0,439.26,10130 Bank : CB current a/c AU$ # 411110236694,Australia,CARDSUCCESS,DDCARD PAYMENT:MESDDD117329SDR683YQ9,2.0,,ch_3SIA4oLrnBTnlT7b0tcHXLCc,CPMT: 46677-DDI00072,CPMT: 46677-DDI00072-14/10/2025,
14/10/2025,27051,27051-DDI00136,Ndevor Systems Ltd : Phorest Australia,11010 Accounts Receivable : Trade Debtors,AUD,1.0,416.45,10130 Bank : CB current a/c AU$ # 411110236694,Australia,CARDSUCCESS,DDCARD PAYMENT:MESDDDH5VPY360MG63U47,2.0,,ch_3SI9t6LrnBTnlT7b1mwGazEt,CPMT: 27051-DDI00136,CPMT: 27051-DDI00136-14/10/2025,
14/10/2025,27074,27074-DDI00072,Ndevor Systems Ltd : Phorest Australia,11010 Accounts Receivable : Trade Debtors,AUD,1.0,186.67,10130 Bank : CB current a/c AU$ # 411110236694,Australia,CARDSUCCESS,DDCARD PAYMENT:MESDDD1LGE0T09G1H8350,2.0,,ch_3SI9t8LrnBTnlT7b1X7xKvv9,CPMT: 27074-DDI00072,CPMT: 27074-DDI00072-14/10/2025,
14/10/2025,27363,27363-DDI00076,Ndevor Systems Ltd : Phorest Australia,11010 Accounts Receivable : Trade Debtors,AUD,1.0,348.94,10130 Bank : CB current a/c AU$ # 411110236694,Australia,CARDSUCCESS,DDCARD PAYMENT:MESDDDIOD56F27Q6EAKAL,2.0,,ch_3SI9tBLrnBTnlT7b0OXZ7p7q,CPMT: 27363-DDI00076,CPMT: 27363-DDI00076-14/10/2025,
14/10/2025,27524,27524-DDI00116,Ndevor Systems Ltd : Phorest Australia,11010 Accounts Receivable : Trade Debtors,AUD,1.0,377.93,10130 Bank : CB current a/c AU$ # 411110236694,Australia,CARDSUCCESS,DDCARD PAYMENT:MESDDDCXJ84T16P0Y6M1A,2.0,,ch_3SI9tDLrnBTnlT7b0EgegL6N,CPMT: 27524-DDI00116,CPMT: 27524-DDI00116-14/10/2025,
14/10/2025,27659,27659-DDI00070,Ndevor Systems Ltd : Phorest Australia,11010 Accounts Receivable : Trade Debtors,AUD,1.0,185.9,10130 Bank : CB current a/c AU$ # 411110236694,Australia,CARDSUCCESS,DDCARD PAYMENT:MESDDD9ECS54OG6AI0597,2.0,,ch_3SI9tFLrnBTnlT7b1zziv2J6,CPMT: 27659-DDI00070,CPMT: 27659-DDI00070-14/10/2025,
14/10/2025,27850,27850-DDI00121,Ndevor Systems Ltd : Phorest Australia,11010 Accounts Receivable : Trade Debtors,AUD,1.0,385.43,10130 Bank : CB current a/c AU$ # 411110236694,Australia,CARDSUCCESS,DDCARD PAYMENT:MESDDD3M69SFL8JOJ0685,2.0,,ch_3SI9tILrnBTnlT7b0quQNWJJ,CPMT: 27850-DDI00121,CPMT: 27850-DDI00121-14/10/2025,
14/10/2025,27891,27891-DDI00137,Ndevor Systems Ltd : Phorest Australia,11010 Accounts Receivable : Trade Debtors,AUD,1.0,355.03,10130 Bank : CB current a/c AU$ # 411110236694,Australia,CARDSUCCESS,DDCARD PAYMENT:MESDDDLK5F8RDVQ2TA09T,2.0,,ch_3SI9tKLrnBTnlT7b1AkMH7ab,CPMT: 27891-DDI00137,CPMT: 27891-DDI00137-14/10/2025,
14/10/2025,28001,28001-DDI00137,Ndevor Systems Ltd : Phorest Australia,11010 Accounts Receivable : Trade Debtors,AUD,1.0,463.11,10130 Bank : CB current a/c AU$ # 411110236694,Australia,CARDSUCCESS,DDCARD PAYMENT:MESDDDX5TM6C592684UR9,2.0,,ch_3SI9tMLrnBTnlT7b0AmdsKJM,CPMT: 28001-DDI00137,CPMT: 28001-DDI00137-14/10/2025,
14/10/2025,28826,28826-DDI00132,Ndevor Systems Ltd : Phorest Australia,11010 Accounts Receivable : Trade Debtors,AUD,1.0,443.61,10130 Bank : CB current a/c AU$ # 411110236694,Australia,CARDSUCCESS,DDCARD PAYMENT:MESDDDL2K8WWA4VYT95IQ,2.0,,ch_3SI9tSLrnBTnlT7b0ADKFOU0,CPMT: 28826-DDI00132,CPMT: 28826-DDI00132-14/10/2025,
14/10/2025,28871,28871-DDI00119,Ndevor Systems Ltd : Phorest Australia,11010 Accounts Receivable : Trade Debtors,AUD,1.0,345.16,10130 Bank : CB current a/c AU$ # 411110236694,Australia,CARDSUCCESS,DDCARD PAYMENT:MESDDD5S4952L34286J2Z,2.0,,ch_3SI9tVLrnBTnlT7b0AaBCbHX,CPMT: 28871-DDI00119,CPMT: 28871-DDI00119-14/10/2025,
14/10/2025,28875,28875-DDI00122,Ndevor Systems Ltd : Phorest Australia,11010 Accounts Receivable : Trade Debtors,AUD,1.0,435.8,10130 Bank : CB current a/c AU$ # 411110236694,Australia,CARDSUCCESS,DDCARD PAYMENT:MESDDDQ617AO942D00585,2.0,,ch_3SI9tXLrnBTnlT7b02ZD4rTm,CPMT: 28875-DDI00122,CPMT: 28875-DDI00122-14/10/2025,
14/10/2025,28988,28988-DDI00149,Ndevor Systems Ltd : Phorest Australia,11010 Accounts Receivable : Trade Debtors,AUD,1.0,400.28,10130 Bank : CB current a/c AU$ # 411110236694,Australia,CARDSUCCESS,DDCARD PAYMENT:MESDDDB8884XT194254HR,2.0,,ch_3SI9tZLrnBTnlT7b1j9obGB9,CPMT: 28988-DDI00149,CPMT: 28988-DDI00149-14/10/2025,
14/10/2025,28991,28991-DDI00096,Ndevor Systems Ltd : Phorest Australia,11010 Accounts Receivable : Trade Debtors,AUD,1.0,338.67,10130 Bank : CB current a/c AU$ # 411110236694,Australia,CARDSUCCESS,DDCARD PAYMENT:MESDDDE5740JS48BIF2Z7,2.0,,ch_3SI9tcLrnBTnlT7b0jzRq0sH,CPMT: 28991-DDI00096,CPMT: 28991-DDI00096-14/10/2025,
14/10/2025,29259,29259-DDI00067,Ndevor Systems Ltd : Phorest Australia,11010 Accounts Receivable : Trade Debtors,AUD,1.0,368.1,10130 Bank : CB current a/c AU$ # 411110236694,Australia,CARDSUCCESS,DDCARD PAYMENT:MESDDDS23D23O626F31XH,2.0,,ch_3SI9tjLrnBTnlT7b1LX7Jxfu,CPMT: 29259-DDI00067,CPMT: 29259-DDI00067-14/10/2025,
14/10/2025,29313,29313-DDI00119,Ndevor Systems Ltd : Phorest Australia,11010 Accounts Receivable : Trade Debtors,AUD,1.0,389.06,10130 Bank : CB current a/c AU$ # 411110236694,Australia,CARDSUCCESS,DDCARD PAYMENT:MESDDD98H2L211EV5FT28,2.0,,ch_3SI9tmLrnBTnlT7b1YDw3xsN,CPMT: 29313-DDI00119,CPMT: 29313-DDI00119-14/10/2025,
14/10/2025,29817,29817-DDI00065,Ndevor Systems Ltd : Phorest Australia,11010 Accounts Receivable : Trade Debtors,AUD,1.0,217.16,10130 Bank : CB current a/c AU$ # 411110236694,Australia,CARDSUCCESS,DDCARD PAYMENT:MESDDDM2LNKS8132UR5J5,2.0,,ch_3SI9toLrnBTnlT7b0BVkyMYH,CPMT: 29817-DDI00065,CPMT: 29817-DDI00065-14/10/2025,
14/10/2025,29957,29957-DDI00106,Ndevor Systems Ltd : Phorest Australia,11010 Accounts Receivable : Trade Debtors,AUD,1.0,4329.78,10130 Bank : CB current a/c AU$ # 411110236694,Australia,CARDSUCCESS,DDCARD PAYMENT:MESDDD5SI321CDA59E8A3,2.0,,ch_3SI9trLrnBTnlT7b0sIItTXS,CPMT: 29957-DDI00106,CPMT: 29957-DDI00106-14/10/2025,
14/10/2025,29979,29979-DDI00057,Ndevor Systems Ltd : Phorest Australia,11010 Accounts Receivable : Trade Debtors,AUD,1.0,166.45,10130 Bank : CB current a/c AU$ # 411110236694,New Caledonia,CARDSUCCESS,DDCARD PAYMENT:MESDDDKLG2V94540Y7KRK,2.0,,ch_3SI9ttLrnBTnlT7b0dNKLyP7,CPMT: 29979-DDI00057,CPMT: 29979-DDI00057-14/10/2025,
14/10/2025,29999,29999-DDI00061,Ndevor Systems Ltd : Phorest Australia,11010 Accounts Receivable : Trade Debtors,AUD,1.0,326.19,10130 Bank : CB current a/c AU$ # 411110236694,Australia,CARDSUCCESS,DDCARD PAYMENT:MESDDDK528YM2947EC00A,2.0,,ch_3SI9tvLrnBTnlT7b0uLDUypb,CPMT: 29999-DDI00061,CPMT: 29999-DDI00061-14/10/2025,
14/10/2025,27049,27049-DDI00127,Ndevor Systems Ltd : Phorest Australia,11010 Accounts Receivable : Trade Debtors,AUD,1.0,403.36,10130 Bank : CB current a/c AU$ # 411110236694,Australia,CARDSUCCESS,DDCARD PAYMENT:MESDDD4N9HHY8VFX8AJGF,2.0,,ch_3SI9t4LrnBTnlT7b0D0IxgoT,CPMT: 27049-DDI00127,CPMT: 27049-DDI00127-14/10/2025,
14/10/2025,30184,30184-DDI00118,Ndevor Systems Ltd : Phorest Australia,11010 Accounts Receivable : Trade Debtors,AUD,1.0,753.54,10130 Bank : CB current a/c AU$ # 411110236694,Australia,CARDSUCCESS,DDCARD PAYMENT:MESDDDG5LV6P67O8ZA4H2,2.0,,ch_3SI9txLrnBTnlT7b18AQFNZv,CPMT: 30184-DDI00118,CPMT: 30184-DDI00118-14/10/2025,
14/10/2025,27048,27048-DDI00151,Ndevor Systems Ltd : Phorest Australia,11010 Accounts Receivable : Trade Debtors,AUD,1.0,385.22,10130 Bank : CB current a/c AU$ # 411110236694,Australia,CARDSUCCESS,DDCARD PAYMENT:MESDDDD428CM4XX5335UB,2.0,,ch_3SI9t1LrnBTnlT7b0hlG0A7X,CPMT: 27048-DDI00151,CPMT: 27048-DDI00151-14/10/2025,
14/10/2025,26964,26964-DDI00097,Ndevor Systems Ltd : Phorest Australia,11010 Accounts Receivable : Trade Debtors,AUD,1.0,376.24,10130 Bank : CB current a/c AU$ # 411110236694,Australia,CARDSUCCESS,DDCARD PAYMENT:MESDDDPTU68C2208Z8E8U,2.0,,ch_3SI9sxLrnBTnlT7b1Ge5R8rY,CPMT: 26964-DDI00097,CPMT: 26964-DDI00097-14/10/2025,
14/10/2025,25233,25233-DDI00108,Ndevor Systems Ltd : Phorest Australia,11010 Accounts Receivable : Trade Debtors,AUD,1.0,234.41,10130 Bank : CB current a/c AU$ # 411110236694,Australia,CARDSUCCESS,DDCARD PAYMENT:MESDDDX4E56MJ0V7O942D,2.0,,ch_3SI9s8LrnBTnlT7b1PVASWZL,CPMT: 25233-DDI00108,CPMT: 25233-DDI00108-14/10/2025,
14/10/2025,25237,25237-DDI00076,Ndevor Systems Ltd : Phorest Australia,11010 Accounts Receivable : Trade Debtors,AUD,1.0,185.9,10130 Bank : CB current a/c AU$ # 411110236694,Australia,CARDSUCCESS,DDCARD PAYMENT:MESDDDDM35L37590V686L,2.0,,ch_3SI9sALrnBTnlT7b1k3VIwHs,CPMT: 25237-DDI00076,CPMT: 25237-DDI00076-14/10/2025,
14/10/2025,25297,25297-DDI00120,Ndevor Systems Ltd : Phorest Australia,11010 Accounts Receivable : Trade Debtors,AUD,1.0,442.73,10130 Bank : CB current a/c AU$ # 411110236694,Australia,CARDSUCCESS,DDCARD PAYMENT:MESDDD31PK3GG8059N835,2.0,,ch_3SI9sDLrnBTnlT7b0b8LUHB5,CPMT: 25297-DDI00120,CPMT: 25297-DDI00120-14/10/2025,
14/10/2025,25451,25451-DDI00124,Ndevor Systems Ltd : Phorest Australia,11010 Accounts Receivable : Trade Debtors,AUD,1.0,334.4,10130 Bank : CB current a/c AU$ # 411110236694,Australia,CARDSUCCESS,DDCARD PAYMENT:MESDDD961SFHK5QW5EWKA,2.0,,ch_3SI9sFLrnBTnlT7b0Ux8B7h7,CPMT: 25451-DDI00124,CPMT: 25451-DDI00124-14/10/2025,
14/10/2025,25545,25545-DDI00099,Ndevor Systems Ltd : Phorest Australia,11010 Accounts Receivable : Trade Debtors,AUD,1.0,428.79,10130 Bank : CB current a/c AU$ # 411110236694,Australia,CARDSUCCESS,DDCARD PAYMENT:MESDDDGQUBA8189QM7537,2.0,,ch_3SI9sILrnBTnlT7b1V6yRgpL,CPMT: 25545-DDI00099,CPMT: 25545-DDI00099-14/10/2025,
14/10/2025,25831,25831-DDI00141,Ndevor Systems Ltd : Phorest Australia,11010 Accounts Receivable : Trade Debtors,AUD,1.0,347.73,10130 Bank : CB current a/c AU$ # 411110236694,Australia,CARDSUCCESS,DDCARD PAYMENT:MESDDDUX1W8C6S8TP3R02,2.0,,ch_3SI9sKLrnBTnlT7b1589vDmE,CPMT: 25831-DDI00141,CPMT: 25831-DDI00141-14/10/2025,
14/10/2025,25893,25893-DDI00152,Ndevor Systems Ltd : Phorest Australia,11010 Accounts Receivable : Trade Debtors,AUD,1.0,294.78,10130 Bank : CB current a/c AU$ # 411110236694,Australia,CARDSUCCESS,DDCARD PAYMENT:MESDDD69L97U200Z6R6WZ,2.0,,ch_3SI9sNLrnBTnlT7b1mfSDty7,CPMT: 25893-DDI00152,CPMT: 25893-DDI00152-14/10/2025,
14/10/2025,25998,25998-DDI00162,Ndevor Systems Ltd : Phorest Australia,11010 Accounts Receivable : Trade Debtors,AUD,1.0,317.9,10130 Bank : CB current a/c AU$ # 411110236694,Australia,CARDSUCCESS,DDCARD PAYMENT:MESDDD450DU09HCFGV2TL,2.0,,ch_3SI9sPLrnBTnlT7b1zHtVXJd,CPMT: 25998-DDI00162,CPMT: 25998-DDI00162-14/10/2025,
14/10/2025,26229,26229-DDI00113,Ndevor Systems Ltd : Phorest Australia,11010 Accounts Receivable : Trade Debtors,AUD,1.0,132.7,10130 Bank : CB current a/c AU$ # 411110236694,Australia,CARDSUCCESS,DDCARD PAYMENT:MESDDD53VZJ4WRQU6QH96,2.0,,ch_3SI9sULrnBTnlT7b1gLnfk6f,CPMT: 26229-DDI00113,CPMT: 26229-DDI00113-14/10/2025,
14/10/2025,26290,26290-DDI00130,Ndevor Systems Ltd : Phorest Australia,11010 Accounts Receivable : Trade Debtors,AUD,1.0,317.9,10130 Bank : CB current a/c AU$ # 411110236694,Australia,CARDSUCCESS,DDCARD PAYMENT:MESDDD47Z92HX576CULL6,2.0,,ch_3SI9sWLrnBTnlT7b0bK8Sllj,CPMT: 26290-DDI00130,CPMT: 26290-DDI00130-14/10/2025,
14/10/2025,26505,26505-DDI00096,Ndevor Systems Ltd : Phorest Australia,11010 Accounts Receivable : Trade Debtors,AUD,1.0,339.13,10130 Bank : CB current a/c AU$ # 411110236694,Australia,CARDSUCCESS,DDCARD PAYMENT:MESDDD10527040PE51A0B,2.0,,ch_3SI9sZLrnBTnlT7b1rFDIHrQ,CPMT: 26505-DDI00096,CPMT: 26505-DDI00096-14/10/2025,
14/10/2025,26520,26520-DDI00126,Ndevor Systems Ltd : Phorest Australia,11010 Accounts Receivable : Trade Debtors,AUD,1.0,3342.9,10130 Bank : CB current a/c AU$ # 411110236694,Australia,CARDSUCCESS,DDCARD PAYMENT:MESDDD048O1MR1928MZ51,2.0,,ch_3SI9sbLrnBTnlT7b0KsnIfeU,CPMT: 26520-DDI00126,CPMT: 26520-DDI00126-14/10/2025,
14/10/2025,26523,26523-DDI00091,Ndevor Systems Ltd : Phorest Australia,11010 Accounts Receivable : Trade Debtors,AUD,1.0,576.5,10130 Bank : CB current a/c AU$ # 411110236694,Australia,CARDSUCCESS,DDCARD PAYMENT:MESDDDN2B3H7E5C5AY804,2.0,,ch_3SI9seLrnBTnlT7b0hdVj4St,CPMT: 26523-DDI00091,CPMT: 26523-DDI00091-14/10/2025,
14/10/2025,26580,26580-DDI00126,Ndevor Systems Ltd : Phorest Australia,11010 Accounts Receivable : Trade Debtors,AUD,1.0,357.27,10130 Bank : CB current a/c AU$ # 411110236694,Australia,CARDSUCCESS,DDCARD PAYMENT:MESDDDBN8N9U0JC1EX0JC,2.0,,ch_3SI9siLrnBTnlT7b1a2AhICy,CPMT: 26580-DDI00126,CPMT: 26580-DDI00126-14/10/2025,
14/10/2025,26645,26645-DDI00107,Ndevor Systems Ltd : Phorest Australia,11010 Accounts Receivable : Trade Debtors,AUD,1.0,282.83,10130 Bank : CB current a/c AU$ # 411110236694,Australia,CARDSUCCESS,DDCARD PAYMENT:MESDDDO8AE51543J62312,2.0,,ch_3SI9slLrnBTnlT7b0j6SgrVD,CPMT: 26645-DDI00107,CPMT: 26645-DDI00107-14/10/2025,
14/10/2025,26755,26755-DDI00071,Ndevor Systems Ltd : Phorest Australia,11010 Accounts Receivable : Trade Debtors,AUD,1.0,200.84,10130 Bank : CB current a/c AU$ # 411110236694,Australia,CARDSUCCESS,DDCARD PAYMENT:MESDDD8507NAKI99IO93L,2.0,,ch_3SI9snLrnBTnlT7b0EUnsqMW,CPMT: 26755-DDI00071,CPMT: 26755-DDI00071-14/10/2025,
14/10/2025,26806,26806-DDI00128,Ndevor Systems Ltd : Phorest Australia,11010 Accounts Receivable : Trade Debtors,AUD,1.0,262.9,10130 Bank : CB current a/c AU$ # 411110236694,Australia,CARDSUCCESS,DDCARD PAYMENT:MESDDD65XDM541Z305CRF,2.0,,ch_3SI9spLrnBTnlT7b0eodj6Dn,CPMT: 26806-DDI00128,CPMT: 26806-DDI00128-14/10/2025,
14/10/2025,26845,26845-DDI00072,Ndevor Systems Ltd : Phorest Australia,11010 Accounts Receivable : Trade Debtors,AUD,1.0,412.13,10130 Bank : CB current a/c AU$ # 411110236694,Australia,CARDSUCCESS,DDCARD PAYMENT:MESDDDS01FQ1ND14ZX243,2.0,,ch_3SI9ssLrnBTnlT7b0QBNzoBy,CPMT: 26845-DDI00072,CPMT: 26845-DDI00072-14/10/2025,
14/10/2025,26894,26894-DDI00094,Ndevor Systems Ltd : Phorest Australia,11010 Accounts Receivable : Trade Debtors,AUD,1.0,307.87,10130 Bank : CB current a/c AU$ # 411110236694,Australia,CARDSUCCESS,DDCARD PAYMENT:MESDDDJLU2E9025HE7A02,2.0,,ch_3SI9suLrnBTnlT7b0xcbMjZb,CPMT: 26894-DDI00094,CPMT: 26894-DDI00094-14/10/2025,
14/10/2025,27047,27047-DDI00124,Ndevor Systems Ltd : Phorest Australia,11010 Accounts Receivable : Trade Debtors,AUD,1.0,387.19,10130 Bank : CB current a/c AU$ # 411110236694,Australia,CARDSUCCESS,DDCARD PAYMENT:MESDDD42375BD6W320389,2.0,,ch_3SI9szLrnBTnlT7b1mVAACMB,CPMT: 27047-DDI00124,CPMT: 27047-DDI00124-14/10/2025,
14/10/2025,25126,25126-DDI00099,Ndevor Systems Ltd : Phorest Australia,11010 Accounts Receivable : Trade Debtors,AUD,1.0,365.67,10130 Bank : CB current a/c AU$ # 411110236694,Australia,CARDSUCCESS,DDCARD PAYMENT:MESDDD3GJ73Y93X5HIEGK,2.0,,ch_3SI9s6LrnBTnlT7b0QvQ3gGU,CPMT: 25126-DDI00099,CPMT: 25126-DDI00099-14/10/2025,
14/10/2025,30500,30500-DDI00119,Ndevor Systems Ltd : Phorest Australia,11010 Accounts Receivable : Trade Debtors,AUD,1.0,377.37,10130 Bank : CB current a/c AU$ # 411110236694,Australia,CARDSUCCESS,DDCARD PAYMENT:MESDDDDA16TC3BCAU61PN,2.0,,ch_3SI9u3LrnBTnlT7b0fD6Vpg1,CPMT: 30500-DDI00119,CPMT: 30500-DDI00119-14/10/2025,
14/10/2025,30683,30683-DDI00065,Ndevor Systems Ltd : Phorest Australia,11010 Accounts Receivable : Trade Debtors,AUD,1.0,359.89,10130 Bank : CB current a/c AU$ # 411110236694,Australia,CARDSUCCESS,DDCARD PAYMENT:MESDDD3U5V2L2KHN75IB0,2.0,,ch_3SI9uQLrnBTnlT7b0qMoi7DT,CPMT: 30683-DDI00065,CPMT: 30683-DDI00065-14/10/2025,
14/10/2025,32573,32573-DDI00115,Ndevor Systems Ltd : Phorest Australia,11010 Accounts Receivable : Trade Debtors,AUD,1.0,379.05,10130 Bank : CB current a/c AU$ # 411110236694,Australia,CARDSUCCESS,DDCARD PAYMENT:MESDDD586G99630PRPM6M,2.0,,ch_3SI9vcLrnBTnlT7b1ZhQHhPa,CPMT: 32573-DDI00115,CPMT: 32573-DDI00115-14/10/2025,
14/10/2025,32610,32610-DDI00105,Ndevor Systems Ltd : Phorest Australia,11010 Accounts Receivable : Trade Debtors,AUD,1.0,317.9,10130 Bank : CB current a/c AU$ # 411110236694,Australia,CARDSUCCESS,DDCARD PAYMENT:MESDDD5K9AWS4MJAC41DN,2.0,,ch_3SI9veLrnBTnlT7b0qrykCek,CPMT: 32610-DDI00105,CPMT: 32610-DDI00105-14/10/2025,
14/10/2025,32690,32690-DDI00065,Ndevor Systems Ltd : Phorest Australia,11010 Accounts Receivable : Trade Debtors,AUD,1.0,266.75,10130 Bank : CB current a/c AU$ # 411110236694,Australia,CARDSUCCESS,DDCARD PAYMENT:MESDDDE8N1IA09384CU0K,2.0,,ch_3SI9vgLrnBTnlT7b1BFqLjgZ,CPMT: 32690-DDI00065,CPMT: 32690-DDI00065-14/10/2025,
14/10/2025,32831,32831-DDI00119,Ndevor Systems Ltd : Phorest Australia,11010 Accounts Receivable : Trade Debtors,AUD,1.0,335.76,10130 Bank : CB current a/c AU$ # 411110236694,Australia,CARDSUCCESS,DDCARD PAYMENT:MESDDDF8PR94TDFEJ806H,2.0,,ch_3SI9vjLrnBTnlT7b1uxZb3FN,CPMT: 32831-DDI00119,CPMT: 32831-DDI00119-14/10/2025,
14/10/2025,33051,33051-DDI00097,Ndevor Systems Ltd : Phorest Australia,11010 Accounts Receivable : Trade Debtors,AUD,1.0,364.09,10130 Bank : CB current a/c AU$ # 411110236694,Australia,CARDSUCCESS,DDCARD PAYMENT:MESDDDKC7D51368W51UJ5,2.0,,ch_3SI9vlLrnBTnlT7b1KecrZSX,CPMT: 33051-DDI00097,CPMT: 33051-DDI00097-14/10/2025,
14/10/2025,33118,33118-DDI00061,Ndevor Systems Ltd : Phorest Australia,11010 Accounts Receivable : Trade Debtors,AUD,1.0,322.76,10130 Bank : CB current a/c AU$ # 411110236694,Australia,CARDSUCCESS,DDCARD PAYMENT:MESDDDZPNTE792CJKUGBX,2.0,,ch_3SI9voLrnBTnlT7b0XtyTFbo,CPMT: 33118-DDI00061,CPMT: 33118-DDI00061-14/10/2025,
14/10/2025,33204,33204-DDI00116,Ndevor Systems Ltd : Phorest Australia,11010 Accounts Receivable : Trade Debtors,AUD,1.0,674.61,10130 Bank : CB current a/c AU$ # 411110236694,Australia,CARDSUCCESS,DDCARD PAYMENT:MESDDD820V59OT9630M55,2.0,,ch_3SI9vqLrnBTnlT7b1OquEWhw,CPMT: 33204-DDI00116,CPMT: 33204-DDI00116-14/10/2025,
14/10/2025,33416,33416-DDI00116,Ndevor Systems Ltd : Phorest Australia,11010 Accounts Receivable : Trade Debtors,AUD,1.0,333.98,10130 Bank : CB current a/c AU$ # 411110236694,Australia,CARDSUCCESS,DDCARD PAYMENT:MESDDDC0195DG6U8LZX77,2.0,,ch_3SI9vsLrnBTnlT7b1n5eNLlS,CPMT: 33416-DDI00116,CPMT: 33416-DDI00116-14/10/2025,
14/10/2025,33438,33438-DDI00090,Ndevor Systems Ltd : Phorest Australia,11010 Accounts Receivable : Trade Debtors,AUD,1.0,290.77,10130 Bank : CB current a/c AU$ # 411110236694,Australia,CARDSUCCESS,DDCARD PAYMENT:MESDDD117W1A17X7DQAGF,2.0,,ch_3SI9vvLrnBTnlT7b1w3Lrmad,CPMT: 33438-DDI00090,CPMT: 33438-DDI00090-14/10/2025,
14/10/2025,33443,33443-DDI00062,Ndevor Systems Ltd : Phorest Australia,11010 Accounts Receivable : Trade Debtors,AUD,1.0,82.5,10130 Bank : CB current a/c AU$ # 411110236694,Australia,CARDSUCCESS,DDCARD PAYMENT:MESDDDLHZE4A8F5LEM89F,2.0,,ch_3SI9vxLrnBTnlT7b1mqSiPkh,CPMT: 33443-DDI00062,CPMT: 33443-DDI00062-14/10/2025,
14/10/2025,33498,33498-DDI00122,Ndevor Systems Ltd : Phorest Australia,11010 Accounts Receivable : Trade Debtors,AUD,1.0,172.7,10130 Bank : CB current a/c AU$ # 411110236694,Australia,CARDSUCCESS,DDCARD PAYMENT:MESDDDT6357QMCU5H4J27,2.0,,ch_3SI9vzLrnBTnlT7b1XzyxmYf,CPMT: 33498-DDI00122,CPMT: 33498-DDI00122-14/10/2025,
14/10/2025,33500,33500-DDI00094,Ndevor Systems Ltd : Phorest Australia,11010 Accounts Receivable : Trade Debtors,AUD,1.0,223.32,10130 Bank : CB current a/c AU$ # 411110236694,Australia,CARDSUCCESS,DDCARD PAYMENT:MESDDD1DO82V7K8N03OPT,2.0,,ch_3SI9w2LrnBTnlT7b1548q8hK,CPMT: 33500-DDI00094,CPMT: 33500-DDI00094-14/10/2025,
14/10/2025,33722,33722-DDI00110,Ndevor Systems Ltd : Phorest Australia,11010 Accounts Receivable : Trade Debtors,AUD,1.0,416.9,10130 Bank : CB current a/c AU$ # 411110236694,Australia,CARDSUCCESS,DDCARD PAYMENT:MESDDD94L424FHL1TG242,2.0,,ch_3SI9w4LrnBTnlT7b1DNuw1Ri,CPMT: 33722-DDI00110,CPMT: 33722-DDI00110-14/10/2025,
14/10/2025,33765,33765-DDI00063,Ndevor Systems Ltd : Phorest Australia,11010 Accounts Receivable : Trade Debtors,AUD,1.0,97.9,10130 Bank : CB current a/c AU$ # 411110236694,Australia,CARDSUCCESS,DDCARD PAYMENT:MESDDDVC12BM8D58TI869,2.0,,ch_3SI9w6LrnBTnlT7b1f09ukrs,CPMT: 33765-DDI00063,CPMT: 33765-DDI00063-14/10/2025,
14/10/2025,33768,33768-DDI00100,Ndevor Systems Ltd : Phorest Australia,11010 Accounts Receivable : Trade Debtors,AUD,1.0,97.9,10130 Bank : CB current a/c AU$ # 411110236694,Australia,CARDSUCCESS,DDCARD PAYMENT:MESDDDK1932LZ6NZD7OHH,2.0,,ch_3SI9w9LrnBTnlT7b0H6bulwX,CPMT: 33768-DDI00100,CPMT: 33768-DDI00100-14/10/2025,
14/10/2025,33792,33792-DDI00056,Ndevor Systems Ltd : Phorest Australia,11010 Accounts Receivable : Trade Debtors,AUD,1.0,205.15,10130 Bank : CB current a/c AU$ # 411110236694,Australia,CARDSUCCESS,DDCARD PAYMENT:MESDDDL1AKBWVRO3GYLRV,2.0,,ch_3SI9wBLrnBTnlT7b0EietIsA,CPMT: 33792-DDI00056,CPMT: 33792-DDI00056-14/10/2025,
14/10/2025,33793,33793-DDI00059,Ndevor Systems Ltd : Phorest Australia,11010 Accounts Receivable : Trade Debtors,AUD,1.0,262.59,10130 Bank : CB current a/c AU$ # 411110236694,Australia,CARDSUCCESS,DDCARD PAYMENT:MESDDDNZD7LYHRE98Q7V1,2.0,,ch_3SI9wDLrnBTnlT7b07nVVTVl,CPMT: 33793-DDI00059,CPMT: 33793-DDI00059-14/10/2025,
14/10/2025,33878,33878-DDI00113,Ndevor Systems Ltd : Phorest Australia,11010 Accounts Receivable : Trade Debtors,AUD,1.0,288.24,10130 Bank : CB current a/c AU$ # 411110236694,Australia,CARDSUCCESS,DDCARD PAYMENT:MESDDD58BKS7324W06PPN,2.0,,ch_3SI9wFLrnBTnlT7b0qBIQpfK,CPMT: 33878-DDI00113,CPMT: 33878-DDI00113-14/10/2025,
14/10/2025,33971,33971-DDI00081,Ndevor Systems Ltd : Phorest Australia,11010 Accounts Receivable : Trade Debtors,AUD,1.0,369.05,10130 Bank : CB current a/c AU$ # 411110236694,Australia,CARDSUCCESS,DDCARD PAYMENT:MESDDD8X0I5Z499103CND,2.0,,ch_3SI9wJLrnBTnlT7b08lGp2Wj,CPMT: 33971-DDI00081,CPMT: 33971-DDI00081-14/10/2025,
14/10/2025,32555,32555-DDI00062,Ndevor Systems Ltd : Phorest Australia,11010 Accounts Receivable : Trade Debtors,AUD,1.0,185.9,10130 Bank : CB current a/c AU$ # 411110236694,Australia,CARDSUCCESS,DDCARD PAYMENT:MESDDDDMOL9GL14094H8U,2.0,,ch_3SI9vaLrnBTnlT7b0DP3TXyH,CPMT: 32555-DDI00062,CPMT: 32555-DDI00062-14/10/2025,
14/10/2025,30657,30657-DDI00097,Ndevor Systems Ltd : Phorest Australia,11010 Accounts Receivable : Trade Debtors,AUD,1.0,320.19,10130 Bank : CB current a/c AU$ # 411110236694,Australia,CARDSUCCESS,DDCARD PAYMENT:MESDDD3Y81169BU6OVVH9,2.0,,ch_3SI9uOLrnBTnlT7b1pkK8ZnY,CPMT: 30657-DDI00097,CPMT: 30657-DDI00097-14/10/2025,
14/10/2025,32554,32554-DDI00102,Ndevor Systems Ltd : Phorest Australia,11010 Accounts Receivable : Trade Debtors,AUD,1.0,317.9,10130 Bank : CB current a/c AU$ # 411110236694,Australia,CARDSUCCESS,DDCARD PAYMENT:MESDDD7POIB88ZUQJ53T9,2.0,,ch_3SI9vXLrnBTnlT7b1FyNBy3V,CPMT: 32554-DDI00102,CPMT: 32554-DDI00102-14/10/2025,
14/10/2025,32476,32476-DDI00120,Ndevor Systems Ltd : Phorest Australia,11010 Accounts Receivable : Trade Debtors,AUD,1.0,317.9,10130 Bank : CB current a/c AU$ # 411110236694,Australia,CARDSUCCESS,DDCARD PAYMENT:MESDDD7850K4U330W3XW3,2.0,,ch_3SI9vQLrnBTnlT7b0iFj7E6n,CPMT: 32476-DDI00120,CPMT: 32476-DDI00120-14/10/2025,
14/10/2025,30724,30724-DDI00116,Ndevor Systems Ltd : Phorest Australia,11010 Accounts Receivable : Trade Debtors,AUD,1.0,338.76,10130 Bank : CB current a/c AU$ # 411110236694,Australia,CARDSUCCESS,DDCARD PAYMENT:MESDDD163C1HQ9VE90125,2.0,,ch_3SI9uTLrnBTnlT7b1zujfaGG,CPMT: 30724-DDI00116,CPMT: 30724-DDI00116-14/10/2025,
14/10/2025,31091,31091-DDI00079,Ndevor Systems Ltd : Phorest Australia,11010 Accounts Receivable : Trade Debtors,AUD,1.0,1666.54,10130 Bank : CB current a/c AU$ # 411110236694,Australia,CARDSUCCESS,DDCARD PAYMENT:MESDDDL4OJ792AJT0S1J9,2.0,,ch_3SI9uVLrnBTnlT7b0yoP9IUY,CPMT: 31091-DDI00079,CPMT: 31091-DDI00079-14/10/2025,
14/10/2025,31093,31093-DDI00064,Ndevor Systems Ltd : Phorest Australia,11010 Accounts Receivable : Trade Debtors,AUD,1.0,168.83,10130 Bank : CB current a/c AU$ # 411110236694,Australia,CARDSUCCESS,DDCARD PAYMENT:MESDDD401IT3X82DN8M7Y,2.0,,ch_3SI9uXLrnBTnlT7b12wsVgtd,CPMT: 31093-DDI00064,CPMT: 31093-DDI00064-14/10/2025,
14/10/2025,31094,31094-DDI00064,Ndevor Systems Ltd : Phorest Australia,11010 Accounts Receivable : Trade Debtors,AUD,1.0,165.0,10130 Bank : CB current a/c AU$ # 411110236694,Australia,CARDSUCCESS,DDCARD PAYMENT:MESDDD8R21BAU0O7FQN50,2.0,,ch_3SI9uZLrnBTnlT7b1qbcGRF2,CPMT: 31094-DDI00064,CPMT: 31094-DDI00064-14/10/2025,
14/10/2025,31095,31095-DDI00064,Ndevor Systems Ltd : Phorest Australia,11010 Accounts Receivable : Trade Debtors,AUD,1.0,195.4,10130 Bank : CB current a/c AU$ # 411110236694,Australia,CARDSUCCESS,DDCARD PAYMENT:MESDDDNUC6QX3596O362U,2.0,,ch_3SI9ucLrnBTnlT7b0MreaYiQ,CPMT: 31095-DDI00064,CPMT: 31095-DDI00064-14/10/2025,
14/10/2025,31096,31096-DDI00064,Ndevor Systems Ltd : Phorest Australia,11010 Accounts Receivable : Trade Debtors,AUD,1.0,165.13,10130 Bank : CB current a/c AU$ # 411110236694,Australia,CARDSUCCESS,DDCARD PAYMENT:MESDDDOC817PWT0AXNS43,2.0,,ch_3SI9ueLrnBTnlT7b0P0HXf6j,CPMT: 31096-DDI00064,CPMT: 31096-DDI00064-14/10/2025,
14/10/2025,31479,31479-DDI00115,Ndevor Systems Ltd : Phorest Australia,11010 Accounts Receivable : Trade Debtors,AUD,1.0,372.98,10130 Bank : CB current a/c AU$ # 411110236694,Australia,CARDSUCCESS,DDCARD PAYMENT:MESDDD7H3CTK0CGZOGXJ1,2.0,,ch_3SI9ujLrnBTnlT7b0j9bEPi1,CPMT: 31479-DDI00115,CPMT: 31479-DDI00115-14/10/2025,
14/10/2025,31606,31606-DDI00110,Ndevor Systems Ltd : Phorest Australia,11010 Accounts Receivable : Trade Debtors,AUD,1.0,528.94,10130 Bank : CB current a/c AU$ # 411110236694,Australia,CARDSUCCESS,DDCARD PAYMENT:MESDDD6IF616VD7639086,2.0,,ch_3SI9uoLrnBTnlT7b1OTN8VOA,CPMT: 31606-DDI00110,CPMT: 31606-DDI00110-14/10/2025,
14/10/2025,31806,31806-DDI00113,Ndevor Systems Ltd : Phorest Australia,11010 Accounts Receivable : Trade Debtors,AUD,1.0,325.29,10130 Bank : CB current a/c AU$ # 411110236694,Australia,CARDSUCCESS,DDCARD PAYMENT:MESDDDO2L262CN1O2057U,2.0,,ch_3SI9uqLrnBTnlT7b0LD1o4QE,CPMT: 31806-DDI00113,CPMT: 31806-DDI00113-14/10/2025,
14/10/2025,31831,31831-DDI00106,Ndevor Systems Ltd : Phorest Australia,11010 Accounts Receivable : Trade Debtors,AUD,1.0,367.46,10130 Bank : CB current a/c AU$ # 411110236694,Australia,CARDSUCCESS,DDCARD PAYMENT:MESDDD28Z07I5W2L6LQ6J,2.0,,ch_3SI9utLrnBTnlT7b1d9ZGSzy,CPMT: 31831-DDI00106,CPMT: 31831-DDI00106-14/10/2025,
14/10/2025,31928,31928-DDI00116,Ndevor Systems Ltd : Phorest Australia,11010 Accounts Receivable : Trade Debtors,AUD,1.0,425.43,10130 Bank : CB current a/c AU$ # 411110236694,Australia,CARDSUCCESS,DDCARD PAYMENT:MESDDD7QX7XSLY618E8X7,2.0,,ch_3SI9uxLrnBTnlT7b0VFfayLV,CPMT: 31928-DDI00116,CPMT: 31928-DDI00116-14/10/2025,
14/10/2025,46753,46753-DDI00071,Ndevor Systems Ltd : Phorest Australia,11010 Accounts Receivable : Trade Debtors,AUD,1.0,464.77,10130 Bank : CB current a/c AU$ # 411110236694,Australia,CARDSUCCESS,DDCARD PAYMENT:MESDDDE54HROJAA5C7161,2.0,,ch_3SIA4qLrnBTnlT7b1cxJsK5t,CPMT: 46753-DDI00071,CPMT: 46753-DDI00071-14/10/2025,
14/10/2025,32183,32183-DDI00063,Ndevor Systems Ltd : Phorest Australia,11010 Accounts Receivable : Trade Debtors,AUD,1.0,808.61,10130 Bank : CB current a/c AU$ # 411110236694,Australia,CARDSUCCESS,DDCARD PAYMENT:MESDDDDLYTGXB333X3M1B,2.0,,ch_3SI9v5LrnBTnlT7b0M0GpvoN,CPMT: 32183-DDI00063,CPMT: 32183-DDI00063-14/10/2025,
14/10/2025,32214,32214-DDI00103,Ndevor Systems Ltd : Phorest Australia,11010 Accounts Receivable : Trade Debtors,AUD,1.0,375.87,10130 Bank : CB current a/c AU$ # 411110236694,Australia,CARDSUCCESS,DDCARD PAYMENT:MESDDD77DJMH4A91P7I3K,2.0,,ch_3SI9vALrnBTnlT7b0gIVGysb,CPMT: 32214-DDI00103,CPMT: 32214-DDI00103-14/10/2025,
14/10/2025,32282,32282-DDI00102,Ndevor Systems Ltd : Phorest Australia,11010 Accounts Receivable : Trade Debtors,AUD,1.0,227.72,10130 Bank : CB current a/c AU$ # 411110236694,Australia,CARDSUCCESS,DDCARD PAYMENT:MESDDDXRC7872CG867623,2.0,,ch_3SI9vCLrnBTnlT7b1zx2sj4o,CPMT: 32282-DDI00102,CPMT: 32282-DDI00102-14/10/2025,
14/10/2025,32360,32360-DDI00111,Ndevor Systems Ltd : Phorest Australia,11010 Accounts Receivable : Trade Debtors,AUD,1.0,978.76,10130 Bank : CB current a/c AU$ # 411110236694,Australia,CARDSUCCESS,DDCARD PAYMENT:MESDDDHBTVVA905NSU0SH,2.0,,ch_3SI9vELrnBTnlT7b1l7Jv8Er,CPMT: 32360-DDI00111,CPMT: 32360-DDI00111-14/10/2025,
14/10/2025,32404,32404-DDI00063,Ndevor Systems Ltd : Phorest Australia,11010 Accounts Receivable : Trade Debtors,AUD,1.0,329.03,10130 Bank : CB current a/c AU$ # 411110236694,Australia,CARDSUCCESS,DDCARD PAYMENT:MESDDD52PPN75UCGS5BM3,2.0,,ch_3SI9vGLrnBTnlT7b04fpPoIv,CPMT: 32404-DDI00063,CPMT: 32404-DDI00063-14/10/2025,
14/10/2025,32446,32446-DDI00116,Ndevor Systems Ltd : Phorest Australia,11010 Accounts Receivable : Trade Debtors,AUD,1.0,466.4,10130 Bank : CB current a/c AU$ # 411110236694,Australia,CARDSUCCESS,DDCARD PAYMENT:MESDDD648T5B2R21MW80X,2.0,,ch_3SI9vLLrnBTnlT7b0IZchVd6,CPMT: 32446-DDI00116,CPMT: 32446-DDI00116-14/10/2025,
14/10/2025,32475,32475-DDI00118,Ndevor Systems Ltd : Phorest Australia,11010 Accounts Receivable : Trade Debtors,AUD,1.0,317.9,10130 Bank : CB current a/c AU$ # 411110236694,Australia,CARDSUCCESS,DDCARD PAYMENT:MESDDD08X5Z7FV42143FO,2.0,,ch_3SI9vOLrnBTnlT7b1qVndciH,CPMT: 32475-DDI00118,CPMT: 32475-DDI00118-14/10/2025,
14/10/2025,32520,32520-DDI00120,Ndevor Systems Ltd : Phorest Australia,11010 Accounts Receivable : Trade Debtors,AUD,1.0,433.4,10130 Bank : CB current a/c AU$ # 411110236694,Australia,CARDSUCCESS,DDCARD PAYMENT:MESDDD62122Q76C5D01WZ,2.0,,ch_3SI9vVLrnBTnlT7b0BiOmDeq,CPMT: 32520-DDI00120,CPMT: 32520-DDI00120-14/10/2025,
14/10/2025,25070,25070-DDI00091,Ndevor Systems Ltd : Phorest Australia,11010 Accounts Receivable : Trade Debtors,AUD,1.0,223.78,10130 Bank : CB current a/c AU$ # 411110236694,Australia,CARDSUCCESS,DDCARD PAYMENT:MESDDD80RJI813JM20X4G,2.0,,ch_3SI9s3LrnBTnlT7b1upiiOr9,CPMT: 25070-DDI00091,CPMT: 25070-DDI00091-14/10/2025,
14/10/2025,25053,25053-DDI00094,Ndevor Systems Ltd : Phorest Australia,11010 Accounts Receivable : Trade Debtors,AUD,1.0,212.23,10130 Bank : CB current a/c AU$ # 411110236694,Australia,CARDSUCCESS,DDCARD PAYMENT:MESDDDZTOHF6296HY8A64,2.0,,ch_3SI9s1LrnBTnlT7b0nF8kjJ0,CPMT: 25053-DDI00094,CPMT: 25053-DDI00094-14/10/2025,
14/10/2025,25050,25050-DDI00130,Ndevor Systems Ltd : Phorest Australia,11010 Accounts Receivable : Trade Debtors,AUD,1.0,407.0,10130 Bank : CB current a/c AU$ # 411110236694,Australia,CARDSUCCESS,DDCARD PAYMENT:MESDDD04KE5TMTE0UZPX5,2.0,,ch_3SI9rzLrnBTnlT7b0kzQVJvt,CPMT: 25050-DDI00130,CPMT: 25050-DDI00130-14/10/2025,
14/10/2025,17969,17969-DDI00150,Ndevor Systems Ltd : Phorest Australia,11010 Accounts Receivable : Trade Debtors,AUD,1.0,1086.95,10130 Bank : CB current a/c AU$ # 411110236694,Australia,CARDSUCCESS,DDCARD PAYMENT:MESDDD4E4402XJ3476029,2.0,,ch_3SI9otLrnBTnlT7b0gP5R8dy,CPMT: 17969-DDI00150,CPMT: 17969-DDI00150-14/10/2025,
14/10/2025,18281,18281-DDI00128,Ndevor Systems Ltd : Phorest Australia,11010 Accounts Receivable : Trade Debtors,AUD,1.0,663.28,10130 Bank : CB current a/c AU$ # 411110236694,Australia,CARDSUCCESS,DDCARD PAYMENT:MESDDDGV0245GV6L280YD,2.0,,ch_3SI9owLrnBTnlT7b1th18u2w,CPMT: 18281-DDI00128,CPMT: 18281-DDI00128-14/10/2025,
14/10/2025,18284,18284-DDI00092,Ndevor Systems Ltd : Phorest Australia,11010 Accounts Receivable : Trade Debtors,AUD,1.0,369.8,10130 Bank : CB current a/c AU$ # 411110236694,Australia,CARDSUCCESS,DDCARD PAYMENT:MESDDD720P234WT1OYDZ7,2.0,,ch_3SI9oyLrnBTnlT7b0xkiNaH7,CPMT: 18284-DDI00092,CPMT: 18284-DDI00092-14/10/2025,
14/10/2025,18302,18302-DDI00157,Ndevor Systems Ltd : Phorest Australia,11010 Accounts Receivable : Trade Debtors,AUD,1.0,427.67,10130 Bank : CB current a/c AU$ # 411110236694,Australia,CARDSUCCESS,DDCARD PAYMENT:MESDDD9NDV9Q8WX5RQLUH,2.0,,ch_3SI9p0LrnBTnlT7b0aa1bnhC,CPMT: 18302-DDI00157,CPMT: 18302-DDI00157-14/10/2025,
14/10/2025,18401,18401-DDI00133,Ndevor Systems Ltd : Phorest Australia,11010 Accounts Receivable : Trade Debtors,AUD,1.0,367.31,10130 Bank : CB current a/c AU$ # 411110236694,Australia,CARDSUCCESS,DDCARD PAYMENT:MESDDDT5L63MNU67213TK,2.0,,ch_3SI9p6LrnBTnlT7b1n2q8B1R,CPMT: 18401-DDI00133,CPMT: 18401-DDI00133-14/10/2025,
14/10/2025,18695,18695-DDI00130,Ndevor Systems Ltd : Phorest Australia,11010 Accounts Receivable : Trade Debtors,AUD,1.0,334.64,10130 Bank : CB current a/c AU$ # 411110236694,Australia,CARDSUCCESS,DDCARD PAYMENT:MESDDDK5E89X8O04T353W,2.0,,ch_3SI9p8LrnBTnlT7b1ZD00dAV,CPMT: 18695-DDI00130,CPMT: 18695-DDI00130-14/10/2025,
14/10/2025,18753,18753-DDI00101,Ndevor Systems Ltd : Phorest Australia,11010 Accounts Receivable : Trade Debtors,AUD,1.0,441.62,10130 Bank : CB current a/c AU$ # 411110236694,Australia,CARDSUCCESS,DDCARD PAYMENT:MESDDDWOJ2Z6G0O04YEL8,2.0,,ch_3SI9pBLrnBTnlT7b1hR3Dt64,CPMT: 18753-DDI00101,CPMT: 18753-DDI00101-14/10/2025,
14/10/2025,18829,18829-DDI00134,Ndevor Systems Ltd : Phorest Australia,11010 Accounts Receivable : Trade Debtors,AUD,1.0,257.0,10130 Bank : CB current a/c AU$ # 411110236694,Australia,CARDSUCCESS,DDCARD PAYMENT:MESDDD608WW5T311236T6,2.0,,ch_3SI9pDLrnBTnlT7b0OgzeHVX,CPMT: 18829-DDI00134,CPMT: 18829-DDI00134-14/10/2025,
14/10/2025,18832,18832-DDI00139,Ndevor Systems Ltd : Phorest Australia,11010 Accounts Receivable : Trade Debtors,AUD,1.0,286.74,10130 Bank : CB current a/c AU$ # 411110236694,Australia,CARDSUCCESS,DDCARD PAYMENT:MESDDD26G01MQ2VX6XF9C,2.0,,ch_3SI9pFLrnBTnlT7b1aNDX7Eq,CPMT: 18832-DDI00139,CPMT: 18832-DDI00139-14/10/2025,
14/10/2025,18838,18838-DDI00145,Ndevor Systems Ltd : Phorest Australia,11010 Accounts Receivable : Trade Debtors,AUD,1.0,462.26,10130 Bank : CB current a/c AU$ # 411110236694,Australia,CARDSUCCESS,DDCARD PAYMENT:MESDDDNO19VB3Q77D556O,2.0,,ch_3SI9pKLrnBTnlT7b0L2iQ5KK,CPMT: 18838-DDI00145,CPMT: 18838-DDI00145-14/10/2025,
14/10/2025,18901,18901-DDI00171,Ndevor Systems Ltd : Phorest Australia,11010 Accounts Receivable : Trade Debtors,AUD,1.0,416.9,10130 Bank : CB current a/c AU$ # 411110236694,Australia,CARDSUCCESS,DDCARD PAYMENT:MESDDD185G16X1P3L60S0,2.0,,ch_3SI9pNLrnBTnlT7b0KTvZ3yq,CPMT: 18901-DDI00171,CPMT: 18901-DDI00171-14/10/2025,
14/10/2025,18927,18927-DDI00122,Ndevor Systems Ltd : Phorest Australia,11010 Accounts Receivable : Trade Debtors,AUD,1.0,788.95,10130 Bank : CB current a/c AU$ # 411110236694,Australia,CARDSUCCESS,DDCARD PAYMENT:MESDDDB6077021D0LT9FP,2.0,,ch_3SI9pQLrnBTnlT7b1tFcj2nV,CPMT: 18927-DDI00122,CPMT: 18927-DDI00122-14/10/2025,
14/10/2025,18976,18976-DDI00141,Ndevor Systems Ltd : Phorest Australia,11010 Accounts Receivable : Trade Debtors,AUD,1.0,334.4,10130 Bank : CB current a/c AU$ # 411110236694,Australia,CARDSUCCESS,DDCARD PAYMENT:MESDDDG1L8A5LH5FCI31K,2.0,,ch_3SI9pZLrnBTnlT7b0pnsMonK,CPMT: 18976-DDI00141,CPMT: 18976-DDI00141-14/10/2025,
14/10/2025,18977,18977-DDI00138,Ndevor Systems Ltd : Phorest Australia,11010 Accounts Receivable : Trade Debtors,AUD,1.0,334.4,10130 Bank : CB current a/c AU$ # 411110236694,Australia,CARDSUCCESS,DDCARD PAYMENT:MESDDD33YO3HG51D4V8VA,2.0,,ch_3SI9pcLrnBTnlT7b0zlcSoxt,CPMT: 18977-DDI00138,CPMT: 18977-DDI00138-14/10/2025,
14/10/2025,19008,19008-DDI00135,Ndevor Systems Ltd : Phorest Australia,11010 Accounts Receivable : Trade Debtors,AUD,1.0,349.04,10130 Bank : CB current a/c AU$ # 411110236694,Australia,CARDSUCCESS,DDCARD PAYMENT:MESDDD82WJ511RG168961,2.0,,ch_3SI9peLrnBTnlT7b1IxmnT6l,CPMT: 19008-DDI00135,CPMT: 19008-DDI00135-14/10/2025,
14/10/2025,19012,19012-DDI00094,Ndevor Systems Ltd : Phorest Australia,11010 Accounts Receivable : Trade Debtors,AUD,1.0,318.34,10130 Bank : CB current a/c AU$ # 411110236694,Australia,CARDSUCCESS,DDCARD PAYMENT:MESDDDVD9VM90248A9SC0,2.0,,ch_3SI9pgLrnBTnlT7b0vmvqO2u,CPMT: 19012-DDI00094,CPMT: 19012-DDI00094-14/10/2025,
14/10/2025,19045,19045-DDI00119,Ndevor Systems Ltd : Phorest Australia,11010 Accounts Receivable : Trade Debtors,AUD,1.0,200.99,10130 Bank : CB current a/c AU$ # 411110236694,Australia,CARDSUCCESS,DDCARD PAYMENT:MESDDD4AH89683SV4PN9S,2.0,,ch_3SI9piLrnBTnlT7b1Ji0FGHY,CPMT: 19045-DDI00119,CPMT: 19045-DDI00119-14/10/2025,
14/10/2025,19047,19047-DDI00111,Ndevor Systems Ltd : Phorest Australia,11010 Accounts Receivable : Trade Debtors,AUD,1.0,336.41,10130 Bank : CB current a/c AU$ # 411110236694,Australia,CARDSUCCESS,DDCARD PAYMENT:MESDDD3QSPMERQ405Y5BF,2.0,,ch_3SI9plLrnBTnlT7b1v8spF9V,CPMT: 19047-DDI00111,CPMT: 19047-DDI00111-14/10/2025,
14/10/2025,19064,19064-DDI00109,Ndevor Systems Ltd : Phorest Australia,11010 Accounts Receivable : Trade Debtors,AUD,1.0,317.9,10130 Bank : CB current a/c AU$ # 411110236694,Australia,CARDSUCCESS,DDCARD PAYMENT:MESDDDHYB4541R325JG69,2.0,,ch_3SI9pnLrnBTnlT7b0zMLpoYI,CPMT: 19064-DDI00109,CPMT: 19064-DDI00109-14/10/2025,
14/10/2025,17961,17961-DDI00142,Ndevor Systems Ltd : Phorest Australia,11010 Accounts Receivable : Trade Debtors,AUD,1.0,387.09,10130 Bank : CB current a/c AU$ # 411110236694,Australia,CARDSUCCESS,DDCARD PAYMENT:MESDDDY9OPKXM323SGJ5H,2.0,,ch_3SI9orLrnBTnlT7b1lXP86Gl,CPMT: 17961-DDI00142,CPMT: 17961-DDI00142-14/10/2025,
14/10/2025,19065,19065-DDI00127,Ndevor Systems Ltd : Phorest Australia,11010 Accounts Receivable : Trade Debtors,AUD,1.0,484.51,10130 Bank : CB current a/c AU$ # 411110236694,Australia,CARDSUCCESS,DDCARD PAYMENT:MESDDD6UFM2NQU4Z1F0A8,2.0,,ch_3SI9ppLrnBTnlT7b1LMNj2SF,CPMT: 19065-DDI00127,CPMT: 19065-DDI00127-14/10/2025,
14/10/2025,17582,17582-DDI00138,Ndevor Systems Ltd : Phorest Australia,11010 Accounts Receivable : Trade Debtors,AUD,1.0,396.06,10130 Bank : CB current a/c AU$ # 411110236694,Australia,CARDSUCCESS,DDCARD PAYMENT:MESDDD68W196WQA15D800,2.0,,ch_3SI9opLrnBTnlT7b0KuaStjk,CPMT: 17582-DDI00138,CPMT: 17582-DDI00138-14/10/2025,
14/10/2025,17580,17580-DDI00139,Ndevor Systems Ltd : Phorest Australia,11010 Accounts Receivable : Trade Debtors,AUD,1.0,396.06,10130 Bank : CB current a/c AU$ # 411110236694,Australia,CARDSUCCESS,DDCARD PAYMENT:MESDDDD63SN9KXLT3WS34,2.0,,ch_3SI9okLrnBTnlT7b0Pz9N23N,CPMT: 17580-DDI00139,CPMT: 17580-DDI00139-14/10/2025,
14/10/2025,100968,100968-TBN00001,Ndevor Systems Ltd : Phorest Australia,11010 Accounts Receivable : Trade Debtors,AUD,1.0,382.25,10130 Bank : CB current a/c AU$ # 411110236694,Australia,CARDSUCCESS,CARD PAYMENT : paysignupbycard,2.0,,ch_3SI2twLrnBTnlT7b1K9w3kOw,CPMT: 100968-TBN00001,CPMT: 100968-TBN00001-14/10/2025,
14/10/2025,101061,101061-TBN00001,Ndevor Systems Ltd : Phorest Australia,11010 Accounts Receivable : Trade Debtors,AUD,1.0,382.25,10130 Bank : CB current a/c AU$ # 411110236694,Australia,CARDSUCCESS,CARD PAYMENT : paysignupbycard,2.0,,ch_3SI606LrnBTnlT7b0qkUB1oD,CPMT: 101061-TBN00001,CPMT: 101061-TBN00001-14/10/2025,
14/10/2025,21587,21587-DDI00106,Ndevor Systems Ltd : Phorest Australia,11010 Accounts Receivable : Trade Debtors,AUD,1.0,377.65,10130 Bank : CB current a/c AU$ # 411110236694,Australia,CARDSUCCESS,DDCARD PAYMENT:MESDDD25SNORK9N5ZI17S,2.0,,ch_3SI9nbLrnBTnlT7b13x10cKv,CPMT: 21587-DDI00106,CPMT: 21587-DDI00106-14/10/2025,
14/10/2025,27750,27750-DDI00126,Ndevor Systems Ltd : Phorest Australia,11010 Accounts Receivable : Trade Debtors,AUD,1.0,587.83,10130 Bank : CB current a/c AU$ # 411110236694,Australia,CARDSUCCESS,DDCARD PAYMENT:MESDDDC3EK40SCU4J15WD,2.0,,ch_3SI9ndLrnBTnlT7b02kI0Vx7,CPMT: 27750-DDI00126,CPMT: 27750-DDI00126-14/10/2025,
14/10/2025,44934,44934-DDI00077,Ndevor Systems Ltd : Phorest Australia,11010 Accounts Receivable : Trade Debtors,AUD,1.0,425.13,10130 Bank : CB current a/c AU$ # 411110236694,Australia,CARDSUCCESS,DDCARD PAYMENT:MESDDDUT3FB7MM82K013H,2.0,,ch_3SI9nrLrnBTnlT7b0P3UfvMA,CPMT: 44934-DDI00077,CPMT: 44934-DDI00077-14/10/2025,
14/10/2025,51134,51134-DDI00043,Ndevor Systems Ltd : Phorest Australia,11010 Accounts Receivable : Trade Debtors,AUD,1.0,338.47,10130 Bank : CB current a/c AU$ # 411110236694,Australia,CARDSUCCESS,DDCARD PAYMENT:MESDDDZSAZ9J2FI3Y77H4,2.0,,ch_3SI9nuLrnBTnlT7b1coHFlds,CPMT: 51134-DDI00043,CPMT: 51134-DDI00043-14/10/2025,
14/10/2025,51135,51135-DDI00050,Ndevor Systems Ltd : Phorest Australia,11010 Accounts Receivable : Trade Debtors,AUD,1.0,340.07,10130 Bank : CB current a/c AU$ # 411110236694,Australia,CARDSUCCESS,DDCARD PAYMENT:MESDDDE57UK6SVQ9VEH1Y,2.0,,ch_3SI9nwLrnBTnlT7b11tJHSGG,CPMT: 51135-DDI00050,CPMT: 51135-DDI00050-14/10/2025,
14/10/2025,51353,51353-DDI00056,Ndevor Systems Ltd : Phorest Australia,11010 Accounts Receivable : Trade Debtors,AUD,1.0,441.97,10130 Bank : CB current a/c AU$ # 411110236694,Australia,CARDSUCCESS,DDCARD PAYMENT:MESDDDQ5S46F548KMLVIQ,2.0,,ch_3SI9nyLrnBTnlT7b1LswerzN,CPMT: 51353-DDI00056,CPMT: 51353-DDI00056-14/10/2025,
14/10/2025,56700,56700-DDI00044,Ndevor Systems Ltd : Phorest Australia,11010 Accounts Receivable : Trade Debtors,AUD,1.0,390.08,10130 Bank : CB current a/c AU$ # 411110236694,Australia,CARDSUCCESS,DDCARD PAYMENT:MESDDD0M46K599J86IN39,2.0,,ch_3SI9o1LrnBTnlT7b1iD1HhVT,CPMT: 56700-DDI00044,CPMT: 56700-DDI00044-14/10/2025,
14/10/2025,57571,57571-DDI00040,Ndevor Systems Ltd : Phorest Australia,11010 Accounts Receivable : Trade Debtors,AUD,1.0,382.8,10130 Bank : CB current a/c AU$ # 411110236694,Australia,CARDSUCCESS,DDCARD PAYMENT:MESDDDW02TGR34948FSK2,2.0,,ch_3SI9o6LrnBTnlT7b1GMHgTdp,CPMT: 57571-DDI00040,CPMT: 57571-DDI00040-14/10/2025,
14/10/2025,58731,58731-DDI00037,Ndevor Systems Ltd : Phorest Australia,11010 Accounts Receivable : Trade Debtors,AUD,1.0,475.5,10130 Bank : CB current a/c AU$ # 411110236694,Australia,CARDSUCCESS,DDCARD PAYMENT:MESDDD6V9V4TU2VMX1N86,2.0,,ch_3SI9o9LrnBTnlT7b01PwnUkR,CPMT: 58731-DDI00037,CPMT: 58731-DDI00037-14/10/2025,
14/10/2025,62080,62080-DDI00030,Ndevor Systems Ltd : Phorest Australia,11010 Accounts Receivable : Trade Debtors,AUD,1.0,337.7,10130 Bank : CB current a/c AU$ # 411110236694,Australia,CARDSUCCESS,DDCARD PAYMENT:MESDDDU0SWTZ593547MH1,2.0,,ch_3SI9oELrnBTnlT7b1Sjawcf3,CPMT: 62080-DDI00030,CPMT: 62080-DDI00030-14/10/2025,
14/10/2025,71654,71654-DDI00024,Ndevor Systems Ltd : Phorest Australia,11010 Accounts Receivable : Trade Debtors,AUD,1.0,1430.23,10130 Bank : CB current a/c AU$ # 411110236694,Australia,CARDSUCCESS,DDCARD PAYMENT:MESDDD5W1512S0353D538,2.0,,ch_3SI9oGLrnBTnlT7b0l7LaFRP,CPMT: 71654-DDI00024,CPMT: 71654-DDI00024-14/10/2025,
14/10/2025,83821,83821-DDI00005,Ndevor Systems Ltd : Phorest Australia,11010 Accounts Receivable : Trade Debtors,AUD,1.0,434.05,10130 Bank : CB current a/c AU$ # 411110236694,Australia,CARDSUCCESS,DDCARD PAYMENT:MESDDDLBB93XTU6K1IT39,2.0,,ch_3SI9oLLrnBTnlT7b0NCB2hoH,CPMT: 83821-DDI00005,CPMT: 83821-DDI00005-14/10/2025,
14/10/2025,92706,92706-DDI00004,Ndevor Systems Ltd : Phorest Australia,11010 Accounts Receivable : Trade Debtors,AUD,1.0,378.9,10130 Bank : CB current a/c AU$ # 411110236694,Australia,CARDSUCCESS,DDCARD PAYMENT:MESDDDA0EV621W6B4846X,2.0,,ch_3SI9oNLrnBTnlT7b04gicBQl,CPMT: 92706-DDI00004,CPMT: 92706-DDI00004-14/10/2025,
14/10/2025,92712,92712-DDI00004,Ndevor Systems Ltd : Phorest Australia,11010 Accounts Receivable : Trade Debtors,AUD,1.0,696.05,10130 Bank : CB current a/c AU$ # 411110236694,Australia,CARDSUCCESS,DDCARD PAYMENT:MESDDDK45OFQK0VH7O709,2.0,,ch_3SI9oQLrnBTnlT7b0usEOAGO,CPMT: 92712-DDI00004,CPMT: 92712-DDI00004-14/10/2025,
14/10/2025,94825,94825-DDI00003,Ndevor Systems Ltd : Phorest Australia,11010 Accounts Receivable : Trade Debtors,AUD,1.0,42.9,10130 Bank : CB current a/c AU$ # 411110236694,Australia,CARDSUCCESS,DDCARD PAYMENT:MESDDD0GLYGZM70RA4ARQ,2.0,,ch_3SI9oaLrnBTnlT7b0ochdO7m,CPMT: 94825-DDI00003,CPMT: 94825-DDI00003-14/10/2025,
14/10/2025,97763,97763-DDI00003,Ndevor Systems Ltd : Phorest Australia,11010 Accounts Receivable : Trade Debtors,AUD,1.0,151.8,10130 Bank : CB current a/c AU$ # 411110236694,Australia,CARDSUCCESS,DDCARD PAYMENT:MESDDDJ6XPV3C18DRPBQE,2.0,,ch_3SI9odLrnBTnlT7b0BjEDOrx,CPMT: 97763-DDI00003,CPMT: 97763-DDI00003-14/10/2025,
14/10/2025,17581,17581-DDI00149,Ndevor Systems Ltd : Phorest Australia,11010 Accounts Receivable : Trade Debtors,AUD,1.0,369.95,10130 Bank : CB current a/c AU$ # 411110236694,Australia,CARDSUCCESS,DDCARD PAYMENT:MESDDDPIC3QL4WYI0W2H4,2.0,,ch_3SI9omLrnBTnlT7b06iCl34s,CPMT: 17581-DDI00149,CPMT: 17581-DDI00149-14/10/2025,
14/10/2025,19269,19269-DDI00138,Ndevor Systems Ltd : Phorest Australia,11010 Accounts Receivable : Trade Debtors,AUD,1.0,347.55,10130 Bank : CB current a/c AU$ # 411110236694,Australia,CARDSUCCESS,DDCARD PAYMENT:MESDDDUC64REJ61H4S1V0,2.0,,ch_3SI9psLrnBTnlT7b04Tus0US,CPMT: 19269-DDI00138,CPMT: 19269-DDI00138-14/10/2025,
14/10/2025,19274,19274-DDI00115,Ndevor Systems Ltd : Phorest Australia,11010 Accounts Receivable : Trade Debtors,AUD,1.0,499.29,10130 Bank : CB current a/c AU$ # 411110236694,Australia,CARDSUCCESS,DDCARD PAYMENT:MESDDDV047OV3489TIF51,2.0,,ch_3SI9puLrnBTnlT7b0YMT1wgy,CPMT: 19274-DDI00115,CPMT: 19274-DDI00115-14/10/2025,
14/10/2025,19386,19386-DDI00128,Ndevor Systems Ltd : Phorest Australia,11010 Accounts Receivable : Trade Debtors,AUD,1.0,348.38,10130 Bank : CB current a/c AU$ # 411110236694,Australia,CARDSUCCESS,DDCARD PAYMENT:MESDDDB2CG1J0LLGOS7T9,2.0,,ch_3SI9pwLrnBTnlT7b10mLec38,CPMT: 19386-DDI00128,CPMT: 19386-DDI00128-14/10/2025,
14/10/2025,23862,23862-DDI00138,Ndevor Systems Ltd : Phorest Australia,11010 Accounts Receivable : Trade Debtors,AUD,1.0,348.48,10130 Bank : CB current a/c AU$ # 411110236694,Australia,CARDSUCCESS,DDCARD PAYMENT:MESDDDO5I0KTU143K803L,2.0,,ch_3SI9r4LrnBTnlT7b0R4fkrvD,CPMT: 23862-DDI00138,CPMT: 23862-DDI00138-14/10/2025,
14/10/2025,23937,23937-DDI00080,Ndevor Systems Ltd : Phorest Australia,11010 Accounts Receivable : Trade Debtors,AUD,1.0,181.9,10130 Bank : CB current a/c AU$ # 411110236694,Australia,CARDSUCCESS,DDCARD PAYMENT:MESDDD9U712N1D1JNE05E,2.0,,ch_3SI9r6LrnBTnlT7b0b583jbd,CPMT: 23937-DDI00080,CPMT: 23937-DDI00080-14/10/2025,
14/10/2025,23965,23965-DDI00077,Ndevor Systems Ltd : Phorest Australia,11010 Accounts Receivable : Trade Debtors,AUD,1.0,273.31,10130 Bank : CB current a/c AU$ # 411110236694,Australia,CARDSUCCESS,DDCARD PAYMENT:MESDDDTXI43P71PY8D4MK,2.0,,ch_3SI9r8LrnBTnlT7b0Id9fnLw,CPMT: 23965-DDI00077,CPMT: 23965-DDI00077-14/10/2025,
14/10/2025,24052,24052-DDI00153,Ndevor Systems Ltd : Phorest Australia,11010 Accounts Receivable : Trade Debtors,AUD,1.0,517.37,10130 Bank : CB current a/c AU$ # 411110236694,Australia,CARDSUCCESS,DDCARD PAYMENT:MESDDDO7GT842X63YQ82G,2.0,,ch_3SI9rBLrnBTnlT7b0IhrApCF,CPMT: 24052-DDI00153,CPMT: 24052-DDI00153-14/10/2025,
14/10/2025,24053,24053-DDI00074,Ndevor Systems Ltd : Phorest Australia,11010 Accounts Receivable : Trade Debtors,AUD,1.0,185.9,10130 Bank : CB current a/c AU$ # 411110236694,Australia,CARDSUCCESS,DDCARD PAYMENT:MESDDD1L45W20YXUD6478,2.0,,ch_3SI9rDLrnBTnlT7b1AbQQxfT,CPMT: 24053-DDI00074,CPMT: 24053-DDI00074-14/10/2025,
14/10/2025,24090,24090-DDI00100,Ndevor Systems Ltd : Phorest Australia,11010 Accounts Receivable : Trade Debtors,AUD,1.0,362.03,10130 Bank : CB current a/c AU$ # 411110236694,Australia,CARDSUCCESS,DDCARD PAYMENT:MESDDDNG38L19575H0K1X,2.0,,ch_3SI9rGLrnBTnlT7b1HTv9j3R,CPMT: 24090-DDI00100,CPMT: 24090-DDI00100-14/10/2025,
14/10/2025,24102,24102-DDI00087,Ndevor Systems Ltd : Phorest Australia,11010 Accounts Receivable : Trade Debtors,AUD,1.0,333.28,10130 Bank : CB current a/c AU$ # 411110236694,Australia,CARDSUCCESS,DDCARD PAYMENT:MESDDDN88RZB3R7ZPE4PM,2.0,,ch_3SI9rILrnBTnlT7b0eaWyqJC,CPMT: 24102-DDI00087,CPMT: 24102-DDI00087-14/10/2025,
14/10/2025,24242,24242-DDI00109,Ndevor Systems Ltd : Phorest Australia,11010 Accounts Receivable : Trade Debtors,AUD,1.0,322.83,10130 Bank : CB current a/c AU$ # 411110236694,Australia,CARDSUCCESS,DDCARD PAYMENT:MESDDDWNW647ZB029WUXJ,2.0,,ch_3SI9rKLrnBTnlT7b1GEbIKuZ,CPMT: 24242-DDI00109,CPMT: 24242-DDI00109-14/10/2025,
14/10/2025,24275,24275-DDI00076,Ndevor Systems Ltd : Phorest Australia,11010 Accounts Receivable : Trade Debtors,AUD,1.0,190.52,10130 Bank : CB current a/c AU$ # 411110236694,Australia,CARDSUCCESS,DDCARD PAYMENT:MESDDDNMH3R627C7I9115,2.0,,ch_3SI9rPLrnBTnlT7b1vWCVCnt,CPMT: 24275-DDI00076,CPMT: 24275-DDI00076-14/10/2025,
14/10/2025,24382,24382-DDI00087,Ndevor Systems Ltd : Phorest Australia,11010 Accounts Receivable : Trade Debtors,AUD,1.0,190.37,10130 Bank : CB current a/c AU$ # 411110236694,Australia,CARDSUCCESS,DDCARD PAYMENT:MESDDDYR8C58U9GOE73Y3,2.0,,ch_3SI9rWLrnBTnlT7b1AqFSM8Q,CPMT: 24382-DDI00087,CPMT: 24382-DDI00087-14/10/2025,
14/10/2025,24401,24401-DDI00128,Ndevor Systems Ltd : Phorest Australia,11010 Accounts Receivable : Trade Debtors,AUD,1.0,422.25,10130 Bank : CB current a/c AU$ # 411110236694,Australia,CARDSUCCESS,DDCARD PAYMENT:MESDDDN5C134BMEQEG9H7,2.0,,ch_3SI9rYLrnBTnlT7b0H57nXNl,CPMT: 24401-DDI00128,CPMT: 24401-DDI00128-14/10/2025,
14/10/2025,24501,24501-DDI00074,Ndevor Systems Ltd : Phorest Australia,11010 Accounts Receivable : Trade Debtors,AUD,1.0,185.9,10130 Bank : CB current a/c AU$ # 411110236694,Australia,CARDSUCCESS,DDCARD PAYMENT:MESDDDF86KY3JPV5Q452U,2.0,,ch_3SI9rbLrnBTnlT7b0jCYC9YF,CPMT: 24501-DDI00074,CPMT: 24501-DDI00074-14/10/2025,
14/10/2025,24521,24521-DDI00120,Ndevor Systems Ltd : Phorest Australia,11010 Accounts Receivable : Trade Debtors,AUD,1.0,207.46,10130 Bank : CB current a/c AU$ # 411110236694,Australia,CARDSUCCESS,DDCARD PAYMENT:MESDDD226P1W0TZZGP5I5,2.0,,ch_3SI9rdLrnBTnlT7b0fwDA2wR,CPMT: 24521-DDI00120,CPMT: 24521-DDI00120-14/10/2025,
14/10/2025,24572,24572-DDI00120,Ndevor Systems Ltd : Phorest Australia,11010 Accounts Receivable : Trade Debtors,AUD,1.0,317.9,10130 Bank : CB current a/c AU$ # 411110236694,Australia,CARDSUCCESS,DDCARD PAYMENT:MESDDD52I9456CTB19S9M,2.0,,ch_3SI9rfLrnBTnlT7b1C70zDnr,CPMT: 24572-DDI00120,CPMT: 24572-DDI00120-14/10/2025,
14/10/2025,24625,24625-DDI00132,Ndevor Systems Ltd : Phorest Australia,11010 Accounts Receivable : Trade Debtors,AUD,1.0,380.27,10130 Bank : CB current a/c AU$ # 411110236694,Australia,CARDSUCCESS,DDCARD PAYMENT:MESDDDGUV53S81E27IG91,2.0,,ch_3SI9rhLrnBTnlT7b0yuD2tON,CPMT: 24625-DDI00132,CPMT: 24625-DDI00132-14/10/2025,
14/10/2025,24792,24792-DDI00078,Ndevor Systems Ltd : Phorest Australia,11010 Accounts Receivable : Trade Debtors,AUD,1.0,239.8,10130 Bank : CB current a/c AU$ # 411110236694,Australia,CARDSUCCESS,DDCARD PAYMENT:MESDDD03V5W4H2F632I23,2.0,,ch_3SI9rmLrnBTnlT7b1t2TKtwE,CPMT: 24792-DDI00078,CPMT: 24792-DDI00078-14/10/2025,
14/10/2025,24856,24856-DDI00091,Ndevor Systems Ltd : Phorest Australia,11010 Accounts Receivable : Trade Debtors,AUD,1.0,461.81,10130 Bank : CB current a/c AU$ # 411110236694,Australia,CARDSUCCESS,DDCARD PAYMENT:MESDDD408FWK891H2747K,2.0,,ch_3SI9rrLrnBTnlT7b1zuqRNNN,CPMT: 24856-DDI00091,CPMT: 24856-DDI00091-14/10/2025,
14/10/2025,24899,24899-DDI00129,Ndevor Systems Ltd : Phorest Australia,11010 Accounts Receivable : Trade Debtors,AUD,1.0,317.9,10130 Bank : CB current a/c AU$ # 411110236694,Australia,CARDSUCCESS,DDCARD PAYMENT:MESDDD537U6193U6IP697,2.0,,ch_3SI9rtLrnBTnlT7b0QSdCUAJ,CPMT: 24899-DDI00129,CPMT: 24899-DDI00129-14/10/2025,
14/10/2025,24908,24908-DDI00079,Ndevor Systems Ltd : Phorest Australia,11010 Accounts Receivable : Trade Debtors,AUD,1.0,213.0,10130 Bank : CB current a/c AU$ # 411110236694,Australia,CARDSUCCESS,DDCARD PAYMENT:MESDDD9ZZEZA8L93108VB,2.0,,ch_3SI9rwLrnBTnlT7b0iKWHdni,CPMT: 24908-DDI00079,CPMT: 24908-DDI00079-14/10/2025,
14/10/2025,23615,23615-DDI00082,Ndevor Systems Ltd : Phorest Australia,11010 Accounts Receivable : Trade Debtors,AUD,1.0,281.38,10130 Bank : CB current a/c AU$ # 411110236694,Australia,CARDSUCCESS,DDCARD PAYMENT:MESDDDF3BPKU0N442A6O9,2.0,,ch_3SI9r1LrnBTnlT7b1vCUBIdz,CPMT: 23615-DDI00082,CPMT: 23615-DDI00082-14/10/2025,
14/10/2025,23367,23367-DDI00110,Ndevor Systems Ltd : Phorest Australia,11010 Accounts Receivable : Trade Debtors,AUD,1.0,437.68,10130 Bank : CB current a/c AU$ # 411110236694,Australia,CARDSUCCESS,DDCARD PAYMENT:MESDDDV6754AU970IH078,2.0,,ch_3SI9qzLrnBTnlT7b1rjKmxMO,CPMT: 23367-DDI00110,CPMT: 23367-DDI00110-14/10/2025,
14/10/2025,23264,23264-DDI00117,Ndevor Systems Ltd : Phorest Australia,11010 Accounts Receivable : Trade Debtors,AUD,1.0,380.36,10130 Bank : CB current a/c AU$ # 411110236694,Australia,CARDSUCCESS,DDCARD PAYMENT:MESDDDW059A0MU5V1CG04,2.0,,ch_3SI9qxLrnBTnlT7b0LU9qiXa,CPMT: 23264-DDI00117,CPMT: 23264-DDI00117-14/10/2025,
14/10/2025,23137,23137-DDI00087,Ndevor Systems Ltd : Phorest Australia,11010 Accounts Receivable : Trade Debtors,AUD,1.0,97.9,10130 Bank : CB current a/c AU$ # 411110236694,Australia,CARDSUCCESS,DDCARD PAYMENT:MESDDDIWF809SN22XS47T,2.0,,ch_3SI9quLrnBTnlT7b1UFr6S6p,CPMT: 23137-DDI00087,CPMT: 23137-DDI00087-14/10/2025,
14/10/2025,19811,19811-DDI00094,Ndevor Systems Ltd : Phorest Australia,11010 Accounts Receivable : Trade Debtors,AUD,1.0,318.19,10130 Bank : CB current a/c AU$ # 411110236694,Australia,CARDSUCCESS,DDCARD PAYMENT:MESDDDLRT57273TV0906N,2.0,,ch_3SI9pzLrnBTnlT7b0sC6ZWx9,CPMT: 19811-DDI00094,CPMT: 19811-DDI00094-14/10/2025,
14/10/2025,19868,19868-DDI00138,Ndevor Systems Ltd : Phorest Australia,11010 Accounts Receivable : Trade Debtors,AUD,1.0,251.66,10130 Bank : CB current a/c AU$ # 411110236694,Australia,CARDSUCCESS,DDCARD PAYMENT:MESDDD2CNPI67XUXXYST3,2.0,,ch_3SI9q2LrnBTnlT7b1GgKsmpx,CPMT: 19868-DDI00138,CPMT: 19868-DDI00138-14/10/2025,
14/10/2025,19951,19951-DDI00138,Ndevor Systems Ltd : Phorest Australia,11010 Accounts Receivable : Trade Debtors,AUD,1.0,594.7,10130 Bank : CB current a/c AU$ # 411110236694,Australia,CARDSUCCESS,DDCARD PAYMENT:MESDDDV7K357X7061M170,2.0,,ch_3SI9q4LrnBTnlT7b0QRVvzPd,CPMT: 19951-DDI00138,CPMT: 19951-DDI00138-14/10/2025,
14/10/2025,20118,20118-DDI00085,Ndevor Systems Ltd : Phorest Australia,11010 Accounts Receivable : Trade Debtors,AUD,1.0,260.13,10130 Bank : CB current a/c AU$ # 411110236694,Australia,CARDSUCCESS,DDCARD PAYMENT:MESDDDMK7213W17239PEN,2.0,,ch_3SI9q6LrnBTnlT7b1pI74MXx,CPMT: 20118-DDI00085,CPMT: 20118-DDI00085-14/10/2025,
14/10/2025,20555,20555-DDI00123,Ndevor Systems Ltd : Phorest Australia,11010 Accounts Receivable : Trade Debtors,AUD,1.0,543.87,10130 Bank : CB current a/c AU$ # 411110236694,Australia,CARDSUCCESS,DDCARD PAYMENT:MESDDD3475O1B26Y504L2,2.0,,ch_3SI9q8LrnBTnlT7b0Tr6IAQM,CPMT: 20555-DDI00123,CPMT: 20555-DDI00123-14/10/2025,
14/10/2025,20728,20728-DDI00108,Ndevor Systems Ltd : Phorest Australia,11010 Accounts Receivable : Trade Debtors,AUD,1.0,317.9,10130 Bank : CB current a/c AU$ # 411110236694,Australia,CARDSUCCESS,DDCARD PAYMENT:MESDDDONP17J8XH4V26W3,2.0,,ch_3SI9qBLrnBTnlT7b1IRoOwVi,CPMT: 20728-DDI00108,CPMT: 20728-DDI00108-14/10/2025,
14/10/2025,20962,20962-DDI00113,Ndevor Systems Ltd : Phorest Australia,11010 Accounts Receivable : Trade Debtors,AUD,1.0,356.15,10130 Bank : CB current a/c AU$ # 411110236694,Australia,CARDSUCCESS,DDCARD PAYMENT:MESDDD003LHCU3YZRG8WH,2.0,,ch_3SI9qDLrnBTnlT7b1jSdwZy8,CPMT: 20962-DDI00113,CPMT: 20962-DDI00113-14/10/2025,
14/10/2025,21131,21131-DDI00134,Ndevor Systems Ltd : Phorest Australia,11010 Accounts Receivable : Trade Debtors,AUD,1.0,457.67,10130 Bank : CB current a/c AU$ # 411110236694,Australia,CARDSUCCESS,DDCARD PAYMENT:MESDDD84H2RYU80386190,2.0,,ch_3SI9qFLrnBTnlT7b1TEn0dbx,CPMT: 21131-DDI00134,CPMT: 21131-DDI00134-14/10/2025,
14/10/2025,21460,21460-DDI00066,Ndevor Systems Ltd : Phorest Australia,11010 Accounts Receivable : Trade Debtors,AUD,1.0,185.9,10130 Bank : CB current a/c AU$ # 411110236694,Australia,CARDSUCCESS,DDCARD PAYMENT:MESDDDB4G55VDP412ZEGZ,2.0,,ch_3SI9qILrnBTnlT7b1welEEiQ,CPMT: 21460-DDI00066,CPMT: 21460-DDI00066-14/10/2025,
14/10/2025,34057,34057-DDI00112,Ndevor Systems Ltd : Phorest Australia,11010 Accounts Receivable : Trade Debtors,AUD,1.0,417.48,10130 Bank : CB current a/c AU$ # 411110236694,Australia,CARDSUCCESS,DDCARD PAYMENT:MESDDD6B3W1E8WQJ5WQJ1,2.0,,ch_3SI9wMLrnBTnlT7b0H8XTttt,CPMT: 34057-DDI00112,CPMT: 34057-DDI00112-14/10/2025,
14/10/2025,21581,21581-DDI00136,Ndevor Systems Ltd : Phorest Australia,11010 Accounts Receivable : Trade Debtors,AUD,1.0,309.36,10130 Bank : CB current a/c AU$ # 411110236694,Australia,CARDSUCCESS,DDCARD PAYMENT:MESDDDRD27XO41D8D2L14,2.0,,ch_3SI9qPLrnBTnlT7b1Je9MkPw,CPMT: 21581-DDI00136,CPMT: 21581-DDI00136-14/10/2025,
14/10/2025,22064,22064-DDI00136,Ndevor Systems Ltd : Phorest Australia,11010 Accounts Receivable : Trade Debtors,AUD,1.0,424.22,10130 Bank : CB current a/c AU$ # 411110236694,Australia,CARDSUCCESS,DDCARD PAYMENT:MESDDDX1OJJUI35611XM6,2.0,,ch_3SI9qTLrnBTnlT7b0ptwOc6F,CPMT: 22064-DDI00136,CPMT: 22064-DDI00136-14/10/2025,
14/10/2025,22363,22363-DDI00128,Ndevor Systems Ltd : Phorest Australia,11010 Accounts Receivable : Trade Debtors,AUD,1.0,831.85,10130 Bank : CB current a/c AU$ # 411110236694,Australia,CARDSUCCESS,DDCARD PAYMENT:MESDDD1DGW49MUWOC3C7O,2.0,,ch_3SI9qbLrnBTnlT7b1QO5pwHN,CPMT: 22363-DDI00128,CPMT: 22363-DDI00128-14/10/2025,
14/10/2025,22378,22378-DDI00146,Ndevor Systems Ltd : Phorest Australia,11010 Accounts Receivable : Trade Debtors,AUD,1.0,395.88,10130 Bank : CB current a/c AU$ # 411110236694,Australia,CARDSUCCESS,DDCARD PAYMENT:MESDDDK20995GGGCKN140,2.0,,ch_3SI9qdLrnBTnlT7b0v7udl1j,CPMT: 22378-DDI00146,CPMT: 22378-DDI00146-14/10/2025,
14/10/2025,22485,22485-DDI00081,Ndevor Systems Ltd : Phorest Australia,11010 Accounts Receivable : Trade Debtors,AUD,1.0,225.02,10130 Bank : CB current a/c AU$ # 411110236694,Australia,CARDSUCCESS,DDCARD PAYMENT:MESDDDW2P2PQRS9ZQKO9K,2.0,,ch_3SI9qgLrnBTnlT7b05CiB7fU,CPMT: 22485-DDI00081,CPMT: 22485-DDI00081-14/10/2025,
14/10/2025,22544,22544-DDI00130,Ndevor Systems Ltd : Phorest Australia,11010 Accounts Receivable : Trade Debtors,AUD,1.0,356.33,10130 Bank : CB current a/c AU$ # 411110236694,Australia,CARDSUCCESS,DDCARD PAYMENT:MESDDD5O5S2R2Y933NBG3,2.0,,ch_3SI9qiLrnBTnlT7b1UD7Lzss,CPMT: 22544-DDI00130,CPMT: 22544-DDI00130-14/10/2025,
14/10/2025,22689,22689-DDI00080,Ndevor Systems Ltd : Phorest Australia,11010 Accounts Receivable : Trade Debtors,AUD,1.0,224.09,10130 Bank : CB current a/c AU$ # 411110236694,Australia,CARDSUCCESS,DDCARD PAYMENT:MESDDDM816ITLG2C90339,2.0,,ch_3SI9qkLrnBTnlT7b0eZYzQtB,CPMT: 22689-DDI00080,CPMT: 22689-DDI00080-14/10/2025,
14/10/2025,22804,22804-DDI00155,Ndevor Systems Ltd : Phorest Australia,11010 Accounts Receivable : Trade Debtors,AUD,1.0,1260.83,10130 Bank : CB current a/c AU$ # 411110236694,Australia,CARDSUCCESS,DDCARD PAYMENT:MESDDDUUPK46B00JP4079,2.0,,ch_3SI9qnLrnBTnlT7b07MJBleC,CPMT: 22804-DDI00155,CPMT: 22804-DDI00155-14/10/2025,
14/10/2025,22916,22916-DDI00116,Ndevor Systems Ltd : Phorest Australia,11010 Accounts Receivable : Trade Debtors,AUD,1.0,337.45,10130 Bank : CB current a/c AU$ # 411110236694,Australia,CARDSUCCESS,DDCARD PAYMENT:MESDDD4QTQI1E4U2EIS38,2.0,,ch_3SI9qqLrnBTnlT7b0DCuVIiW,CPMT: 22916-DDI00116,CPMT: 22916-DDI00116-14/10/2025,
14/10/2025,22990,22990-DDI00128,Ndevor Systems Ltd : Phorest Australia,11010 Accounts Receivable : Trade Debtors,AUD,1.0,457.29,10130 Bank : CB current a/c AU$ # 411110236694,Australia,CARDSUCCESS,DDCARD PAYMENT:MESDDD84PWFTAIVL91W42,2.0,,ch_3SI9qsLrnBTnlT7b0w8Wy73t,CPMT: 22990-DDI00128,CPMT: 22990-DDI00128-14/10/2025,
14/10/2025,21807,21807-DDI00134,Ndevor Systems Ltd : Phorest Australia,11010 Accounts Receivable : Trade Debtors,AUD,1.0,362.51,10130 Bank : CB current a/c AU$ # 411110236694,Australia,CARDSUCCESS,DDCARD PAYMENT:MESDDD282B1TK9F2W06LS,2.0,,ch_3SI9qRLrnBTnlT7b0yPJsG1e,CPMT: 21807-DDI00134,CPMT: 21807-DDI00134-14/10/2025,
14/10/2025,34147,34147-DDI00107,Ndevor Systems Ltd : Phorest Australia,11010 Accounts Receivable : Trade Debtors,AUD,1.0,323.27,10130 Bank : CB current a/c AU$ # 411110236694,Australia,CARDSUCCESS,DDCARD PAYMENT:MESDDDC0QSL4WP9F0WH06,2.0,,ch_3SI9wOLrnBTnlT7b09Dat0lk,CPMT: 34147-DDI00107,CPMT: 34147-DDI00107-14/10/2025,
14/10/2025,31956,31956-DDI00063,Ndevor Systems Ltd : Phorest Australia,11010 Accounts Receivable : Trade Debtors,AUD,1.0,223.78,10130 Bank : CB current a/c AU$ # 411110236694,Australia,CARDSUCCESS,DDCARD PAYMENT:MESDDD8XN5E340OK5Q64T,2.0,,ch_3SI9v0LrnBTnlT7b1ea7n9v0,CPMT: 31956-DDI00063,CPMT: 31956-DDI00063-14/10/2025,
14/10/2025,34499,34499-DDI00059,Ndevor Systems Ltd : Phorest Australia,11010 Accounts Receivable : Trade Debtors,AUD,1.0,214.08,10130 Bank : CB current a/c AU$ # 411110236694,Australia,CARDSUCCESS,DDCARD PAYMENT:MESDDD36V0Y332U8XZS36,2.0,,ch_3SI9wTLrnBTnlT7b15sA2BRE,CPMT: 34499-DDI00059,CPMT: 34499-DDI00059-14/10/2025,
14/10/2025,43875,43875-DDI00080,Ndevor Systems Ltd : Phorest Australia,11010 Accounts Receivable : Trade Debtors,AUD,1.0,317.9,10130 Bank : CB current a/c AU$ # 411110236694,Australia,CARDSUCCESS,DDCARD PAYMENT:MESDDD29T0LQ906AM53V4,2.0,,ch_3SIA1rLrnBTnlT7b1hWPOsyn,CPMT: 43875-DDI00080,CPMT: 43875-DDI00080-14/10/2025,
14/10/2025,43948,43948-DDI00081,Ndevor Systems Ltd : Phorest Australia,11010 Accounts Receivable : Trade Debtors,AUD,1.0,763.13,10130 Bank : CB current a/c AU$ # 411110236694,Australia,CARDSUCCESS,DDCARD PAYMENT:MESDDD01DCB0R7VTP2K6H,2.0,,ch_3SIA1tLrnBTnlT7b0aVnDA7Z,CPMT: 43948-DDI00081,CPMT: 43948-DDI00081-14/10/2025,
14/10/2025,43952,43952-DDI00080,Ndevor Systems Ltd : Phorest Australia,11010 Accounts Receivable : Trade Debtors,AUD,1.0,356.05,10130 Bank : CB current a/c AU$ # 411110236694,Australia,CARDSUCCESS,DDCARD PAYMENT:MESDDD91WG2Q426A04BX9,2.0,,ch_3SIA1vLrnBTnlT7b0gaUWPVd,CPMT: 43952-DDI00080,CPMT: 43952-DDI00080-14/10/2025,
14/10/2025,43953,43953-DDI00041,Ndevor Systems Ltd : Phorest Australia,11010 Accounts Receivable : Trade Debtors,AUD,1.0,97.9,10130 Bank : CB current a/c AU$ # 411110236694,Australia,CARDSUCCESS,DDCARD PAYMENT:MESDDDV1C642DMR7Y3RRV,2.0,,ch_3SIA1yLrnBTnlT7b1pOvtZ0G,CPMT: 43953-DDI00041,CPMT: 43953-DDI00041-14/10/2025,
14/10/2025,43977,43977-DDI00082,Ndevor Systems Ltd : Phorest Australia,11010 Accounts Receivable : Trade Debtors,AUD,1.0,382.14,10130 Bank : CB current a/c AU$ # 411110236694,Australia,CARDSUCCESS,DDCARD PAYMENT:MESDDDK0Z1E31090JLAA2,2.0,,ch_3SIA23LrnBTnlT7b0QGuPEpd,CPMT: 43977-DDI00082,CPMT: 43977-DDI00082-14/10/2025,
14/10/2025,43986,43986-DDI00084,Ndevor Systems Ltd : Phorest Australia,11010 Accounts Receivable : Trade Debtors,AUD,1.0,317.9,10130 Bank : CB current a/c AU$ # 411110236694,Australia,CARDSUCCESS,DDCARD PAYMENT:MESDDDA6MFMBE1Z3P0F5H,2.0,,ch_3SIA26LrnBTnlT7b1CDK62zI,CPMT: 43986-DDI00084,CPMT: 43986-DDI00084-14/10/2025,
14/10/2025,44079,44079-DDI00080,Ndevor Systems Ltd : Phorest Australia,11010 Accounts Receivable : Trade Debtors,AUD,1.0,458.62,10130 Bank : CB current a/c AU$ # 411110236694,Australia,CARDSUCCESS,DDCARD PAYMENT:MESDDD02339J8YUVP2Q13,2.0,,ch_3SIA2BLrnBTnlT7b1AtKQr4R,CPMT: 44079-DDI00080,CPMT: 44079-DDI00080-14/10/2025,
14/10/2025,44090,44090-DDI00083,Ndevor Systems Ltd : Phorest Australia,11010 Accounts Receivable : Trade Debtors,AUD,1.0,446.82,10130 Bank : CB current a/c AU$ # 411110236694,Australia,CARDSUCCESS,DDCARD PAYMENT:MESDDDZCF007L29WUX65B,2.0,,ch_3SIA2DLrnBTnlT7b1se71lK6,CPMT: 44090-DDI00083,CPMT: 44090-DDI00083-14/10/2025,
14/10/2025,34315,34315-DDI00110,Ndevor Systems Ltd : Phorest Australia,11010 Accounts Receivable : Trade Debtors,AUD,1.0,246.11,10130 Bank : CB current a/c AU$ # 411110236694,Australia,CARDSUCCESS,DDCARD PAYMENT:MESDDDMIRB0AI6XS35ELF,2.0,,ch_3SI9wQLrnBTnlT7b0efspuhl,CPMT: 34315-DDI00110,CPMT: 34315-DDI00110-14/10/2025,
14/10/2025,44096,44096-DDI00083,Ndevor Systems Ltd : Phorest Australia,11010 Accounts Receivable : Trade Debtors,AUD,1.0,317.9,10130 Bank : CB current a/c AU$ # 411110236694,Australia,CARDSUCCESS,DDCARD PAYMENT:MESDDD396VH3L654349G3,2.0,,ch_3SIA2ILrnBTnlT7b1x9cPxvS,CPMT: 44096-DDI00083,CPMT: 44096-DDI00083-14/10/2025,
14/10/2025,44162,44162-DDI00082,Ndevor Systems Ltd : Phorest Australia,11010 Accounts Receivable : Trade Debtors,AUD,1.0,163.94,10130 Bank : CB current a/c AU$ # 411110236694,Australia,CARDSUCCESS,DDCARD PAYMENT:MESDDDEZPD3F1Y62A9E68,2.0,,ch_3SIA2KLrnBTnlT7b0f7TXJ2C,CPMT: 44162-DDI00082,CPMT: 44162-DDI00082-14/10/2025,
14/10/2025,44222,44222-DDI00045,Ndevor Systems Ltd : Phorest Australia,11010 Accounts Receivable : Trade Debtors,AUD,1.0,317.9,10130 Bank : CB current a/c AU$ # 411110236694,Australia,CARDSUCCESS,DDCARD PAYMENT:MESDDD12356JDHQ22TBM1,2.0,,ch_3SIA2MLrnBTnlT7b0fBYY71H,CPMT: 44222-DDI00045,CPMT: 44222-DDI00045-14/10/2025,
14/10/2025,44264,44264-DDI00080,Ndevor Systems Ltd : Phorest Australia,11010 Accounts Receivable : Trade Debtors,AUD,1.0,393.64,10130 Bank : CB current a/c AU$ # 411110236694,Australia,CARDSUCCESS,DDCARD PAYMENT:MESDDD040962Y13J9V16I,2.0,,ch_3SIA2OLrnBTnlT7b196q8NcJ,CPMT: 44264-DDI00080,CPMT: 44264-DDI00080-14/10/2025,
14/10/2025,44268,44268-DDI00079,Ndevor Systems Ltd : Phorest Australia,11010 Accounts Receivable : Trade Debtors,AUD,1.0,360.54,10130 Bank : CB current a/c AU$ # 411110236694,Australia,CARDSUCCESS,DDCARD PAYMENT:MESDDDQ71KT91UX0JWWQR,2.0,,ch_3SIA2RLrnBTnlT7b0P99Pbm7,CPMT: 44268-DDI00079,CPMT: 44268-DDI00079-14/10/2025,
14/10/2025,44298,44298-DDI00079,Ndevor Systems Ltd : Phorest Australia,11010 Accounts Receivable : Trade Debtors,AUD,1.0,1025.23,10130 Bank : CB current a/c AU$ # 411110236694,Australia,CARDSUCCESS,DDCARD PAYMENT:MESDDD5YA9535RHB0GQ90,2.0,,ch_3SIA2TLrnBTnlT7b1HRD1tUR,CPMT: 44298-DDI00079,CPMT: 44298-DDI00079-14/10/2025,
14/10/2025,44351,44351-DDI00078,Ndevor Systems Ltd : Phorest Australia,11010 Accounts Receivable : Trade Debtors,AUD,1.0,97.9,10130 Bank : CB current a/c AU$ # 411110236694,Australia,CARDSUCCESS,DDCARD PAYMENT:MESDDD0839GRQN439EP46,2.0,,ch_3SIA2VLrnBTnlT7b19goeKuz,CPMT: 44351-DDI00078,CPMT: 44351-DDI00078-14/10/2025,
14/10/2025,44353,44353-DDI00080,Ndevor Systems Ltd : Phorest Australia,11010 Accounts Receivable : Trade Debtors,AUD,1.0,350.25,10130 Bank : CB current a/c AU$ # 411110236694,Australia,CARDSUCCESS,DDCARD PAYMENT:MESDDD9I78T7TE5805ISN,2.0,,ch_3SIA2YLrnBTnlT7b0qo8wKx5,CPMT: 44353-DDI00080,CPMT: 44353-DDI00080-14/10/2025,
14/10/2025,44392,44392-DDI00075,Ndevor Systems Ltd : Phorest Australia,11010 Accounts Receivable : Trade Debtors,AUD,1.0,342.4,10130 Bank : CB current a/c AU$ # 411110236694,Australia,CARDSUCCESS,DDCARD PAYMENT:MESDDDZ17E81GR37QNB64,2.0,,ch_3SIA2aLrnBTnlT7b1rdESnq8,CPMT: 44392-DDI00075,CPMT: 44392-DDI00075-14/10/2025,
14/10/2025,44412,44412-DDI00081,Ndevor Systems Ltd : Phorest Australia,11010 Accounts Receivable : Trade Debtors,AUD,1.0,449.5,10130 Bank : CB current a/c AU$ # 411110236694,Australia,CARDSUCCESS,DDCARD PAYMENT:MESDDD9CSR17441GJ06P9,2.0,,ch_3SIA2cLrnBTnlT7b0TxudCLC,CPMT: 44412-DDI00081,CPMT: 44412-DDI00081-14/10/2025,
14/10/2025,43873,43873-DDI00081,Ndevor Systems Ltd : Phorest Australia,11010 Accounts Receivable : Trade Debtors,AUD,1.0,317.9,10130 Bank : CB current a/c AU$ # 411110236694,Australia,CARDSUCCESS,DDCARD PAYMENT:MESDDDPF75278FETE004U,2.0,,ch_3SIA1pLrnBTnlT7b1LBHJzkt,CPMT: 43873-DDI00081,CPMT: 43873-DDI00081-14/10/2025,
14/10/2025,44416,44416-DDI00079,Ndevor Systems Ltd : Phorest Australia,11010 Accounts Receivable : Trade Debtors,AUD,1.0,859.53,10130 Bank : CB current a/c AU$ # 411110236694,Australia,CARDSUCCESS,DDCARD PAYMENT:MESDDD035423BRC0FE994,2.0,,ch_3SIA2fLrnBTnlT7b0RAAmO44,CPMT: 44416-DDI00079,CPMT: 44416-DDI00079-14/10/2025,
14/10/2025,43779,43779-DDI00080,Ndevor Systems Ltd : Phorest Australia,11010 Accounts Receivable : Trade Debtors,AUD,1.0,416.9,10130 Bank : CB current a/c AU$ # 411110236694,Australia,CARDSUCCESS,DDCARD PAYMENT:MESDDD2XC705KI7H9AU7Z,2.0,,ch_3SIA1mLrnBTnlT7b1frC6ptM,CPMT: 43779-DDI00080,CPMT: 43779-DDI00080-14/10/2025,
14/10/2025,43670,43670-DDI00052,Ndevor Systems Ltd : Phorest Australia,11010 Accounts Receivable : Trade Debtors,AUD,1.0,393.8,10130 Bank : CB current a/c AU$ # 411110236694,Australia,CARDSUCCESS,DDCARD PAYMENT:MESDDD926F4Y59U07716G,2.0,,ch_3SIA1iLrnBTnlT7b11rBZHPu,CPMT: 43670-DDI00052,CPMT: 43670-DDI00052-14/10/2025,
14/10/2025,42016,42016-DDI00063,Ndevor Systems Ltd : Phorest Australia,11010 Accounts Receivable : Trade Debtors,AUD,1.0,228.87,10130 Bank : CB current a/c AU$ # 411110236694,Australia,CARDSUCCESS,DDCARD PAYMENT:MESDDDEKC67EQ9B3187LM,2.0,,ch_3SIA0vLrnBTnlT7b1aBFQzEY,CPMT: 42016-DDI00063,CPMT: 42016-DDI00063-14/10/2025,
14/10/2025,42069,42069-DDI00045,Ndevor Systems Ltd : Phorest Australia,11010 Accounts Receivable : Trade Debtors,AUD,1.0,353.9,10130 Bank : CB current a/c AU$ # 411110236694,Australia,CARDSUCCESS,DDCARD PAYMENT:MESDDDF654077O504V692,2.0,,ch_3SIA0yLrnBTnlT7b0nBgmV76,CPMT: 42069-DDI00045,CPMT: 42069-DDI00045-14/10/2025,
14/10/2025,42207,42207-DDI00087,Ndevor Systems Ltd : Phorest Australia,11010 Accounts Receivable : Trade Debtors,AUD,1.0,455.28,10130 Bank : CB current a/c AU$ # 411110236694,Australia,CARDSUCCESS,DDCARD PAYMENT:MESDDDM7KFU57R8HLB87S,2.0,,ch_3SIA13LrnBTnlT7b0AUs5DPf,CPMT: 42207-DDI00087,CPMT: 42207-DDI00087-14/10/2025,
14/10/2025,42289,42289-DDI00088,Ndevor Systems Ltd : Phorest Australia,11010 Accounts Receivable : Trade Debtors,AUD,1.0,479.51,10130 Bank : CB current a/c AU$ # 411110236694,Australia,CARDSUCCESS,DDCARD PAYMENT:MESDDD2RDNEQUHQCMMA2V,2.0,,ch_3SIA15LrnBTnlT7b0FYiHlrN,CPMT: 42289-DDI00088,CPMT: 42289-DDI00088-14/10/2025,
14/10/2025,42331,42331-DDI00085,Ndevor Systems Ltd : Phorest Australia,11010 Accounts Receivable : Trade Debtors,AUD,1.0,566.5,10130 Bank : CB current a/c AU$ # 411110236694,Australia,CARDSUCCESS,DDCARD PAYMENT:MESDDDX74LY082H0OFP26,2.0,,ch_3SIA17LrnBTnlT7b0BMDtFDg,CPMT: 42331-DDI00085,CPMT: 42331-DDI00085-14/10/2025,
14/10/2025,42382,42382-DDI00086,Ndevor Systems Ltd : Phorest Australia,11010 Accounts Receivable : Trade Debtors,AUD,1.0,447.23,10130 Bank : CB current a/c AU$ # 411110236694,Australia,CARDSUCCESS,DDCARD PAYMENT:MESDDD808AP8MSR6WKZ25,2.0,,ch_3SIA1ALrnBTnlT7b1t9MCfQ5,CPMT: 42382-DDI00086,CPMT: 42382-DDI00086-14/10/2025,
14/10/2025,42527,42527-DDI00087,Ndevor Systems Ltd : Phorest Australia,11010 Accounts Receivable : Trade Debtors,AUD,1.0,437.7,10130 Bank : CB current a/c AU$ # 411110236694,Australia,CARDSUCCESS,DDCARD PAYMENT:MESDDD5DM0LC4TV4E70T3,2.0,,ch_3SIA1DLrnBTnlT7b0DfD0hjt,CPMT: 42527-DDI00087,CPMT: 42527-DDI00087-14/10/2025,
14/10/2025,42586,42586-DDI00086,Ndevor Systems Ltd : Phorest Australia,11010 Accounts Receivable : Trade Debtors,AUD,1.0,380.66,10130 Bank : CB current a/c AU$ # 411110236694,Australia,CARDSUCCESS,DDCARD PAYMENT:MESDDD528D3HEUT66114E,2.0,,ch_3SIA1FLrnBTnlT7b1SfMsTul,CPMT: 42586-DDI00086,CPMT: 42586-DDI00086-14/10/2025,
14/10/2025,42702,42702-DDI00081,Ndevor Systems Ltd : Phorest Australia,11010 Accounts Receivable : Trade Debtors,AUD,1.0,436.74,10130 Bank : CB current a/c AU$ # 411110236694,Australia,CARDSUCCESS,DDCARD PAYMENT:MESDDDU97PX27OUU60JSW,2.0,,ch_3SIA1HLrnBTnlT7b13U6j2lw,CPMT: 42702-DDI00081,CPMT: 42702-DDI00081-14/10/2025,
14/10/2025,42703,42703-DDI00084,Ndevor Systems Ltd : Phorest Australia,11010 Accounts Receivable : Trade Debtors,AUD,1.0,366.33,10130 Bank : CB current a/c AU$ # 411110236694,Australia,CARDSUCCESS,DDCARD PAYMENT:MESDDDPDK3EXL86L0T5VK,2.0,,ch_3SIA1KLrnBTnlT7b1UGqxD2Y,CPMT: 42703-DDI00084,CPMT: 42703-DDI00084-14/10/2025,
14/10/2025,42711,42711-DDI00084,Ndevor Systems Ltd : Phorest Australia,11010 Accounts Receivable : Trade Debtors,AUD,1.0,381.29,10130 Bank : CB current a/c AU$ # 411110236694,Australia,CARDSUCCESS,DDCARD PAYMENT:MESDDDJW066P68KL2SUZF,2.0,,ch_3SIA1MLrnBTnlT7b1R7veaEQ,CPMT: 42711-DDI00084,CPMT: 42711-DDI00084-14/10/2025,
14/10/2025,43218,43218-DDI00078,Ndevor Systems Ltd : Phorest Australia,11010 Accounts Receivable : Trade Debtors,AUD,1.0,334.4,10130 Bank : CB current a/c AU$ # 411110236694,Australia,CARDSUCCESS,DDCARD PAYMENT:MESDDD058KN3001Q1C2N6,2.0,,ch_3SIA1PLrnBTnlT7b1cc0JD42,CPMT: 43218-DDI00078,CPMT: 43218-DDI00078-14/10/2025,
14/10/2025,43235,43235-DDI00083,Ndevor Systems Ltd : Phorest Australia,11010 Accounts Receivable : Trade Debtors,AUD,1.0,125.4,10130 Bank : CB current a/c AU$ # 411110236694,Australia,CARDSUCCESS,DDCARD PAYMENT:MESDDDW8YIX056P7Z354X,2.0,,ch_3SIA1RLrnBTnlT7b0qy23hvz,CPMT: 43235-DDI00083,CPMT: 43235-DDI00083-14/10/2025,
14/10/2025,43301,43301-DDI00084,Ndevor Systems Ltd : Phorest Australia,11010 Accounts Receivable : Trade Debtors,AUD,1.0,341.36,10130 Bank : CB current a/c AU$ # 411110236694,Australia,CARDSUCCESS,DDCARD PAYMENT:MESDDD6M227O0W3106P6U,2.0,,ch_3SIA1TLrnBTnlT7b0sFHtKgv,CPMT: 43301-DDI00084,CPMT: 43301-DDI00084-14/10/2025,
14/10/2025,43363,43363-DDI00082,Ndevor Systems Ltd : Phorest Australia,11010 Accounts Receivable : Trade Debtors,AUD,1.0,325.29,10130 Bank : CB current a/c AU$ # 411110236694,Australia,CARDSUCCESS,DDCARD PAYMENT:MESDDD4U1R6U52X0KGIX0,2.0,,ch_3SIA1WLrnBTnlT7b1mD1dKMA,CPMT: 43363-DDI00082,CPMT: 43363-DDI00082-14/10/2025,
14/10/2025,43374,43374-DDI00061,Ndevor Systems Ltd : Phorest Australia,11010 Accounts Receivable : Trade Debtors,AUD,1.0,97.9,10130 Bank : CB current a/c AU$ # 411110236694,Australia,CARDSUCCESS,DDCARD PAYMENT:MESDDDWPP74295W0ID944,2.0,,ch_3SIA1YLrnBTnlT7b1ssRhAuO,CPMT: 43374-DDI00061,CPMT: 43374-DDI00061-14/10/2025,
14/10/2025,43414,43414-DDI00045,Ndevor Systems Ltd : Phorest Australia,11010 Accounts Receivable : Trade Debtors,AUD,1.0,97.9,10130 Bank : CB current a/c AU$ # 411110236694,Australia,CARDSUCCESS,DDCARD PAYMENT:MESDDDYDH082R5IV53752,2.0,,ch_3SIA1aLrnBTnlT7b1cDT92kj,CPMT: 43414-DDI00045,CPMT: 43414-DDI00045-14/10/2025,
14/10/2025,43603,43603-DDI00074,Ndevor Systems Ltd : Phorest Australia,11010 Accounts Receivable : Trade Debtors,AUD,1.0,337.45,10130 Bank : CB current a/c AU$ # 411110236694,Australia,CARDSUCCESS,DDCARD PAYMENT:MESDDDT27PNYWOQ6Q07OD,2.0,,ch_3SIA1dLrnBTnlT7b0bYdYFGi,CPMT: 43603-DDI00074,CPMT: 43603-DDI00074-14/10/2025,
14/10/2025,43634,43634-DDI00081,Ndevor Systems Ltd : Phorest Australia,11010 Accounts Receivable : Trade Debtors,AUD,1.0,395.13,10130 Bank : CB current a/c AU$ # 411110236694,Australia,CARDSUCCESS,DDCARD PAYMENT:MESDDDAO99XH638B5U0BI,2.0,,ch_3SIA1fLrnBTnlT7b1bO429w8,CPMT: 43634-DDI00081,CPMT: 43634-DDI00081-14/10/2025,
14/10/2025,43726,43726-DDI00042,Ndevor Systems Ltd : Phorest Australia,11010 Accounts Receivable : Trade Debtors,AUD,1.0,82.5,10130 Bank : CB current a/c AU$ # 411110236694,Australia,CARDSUCCESS,DDCARD PAYMENT:MESDDDKX9206PZQ6B542A,2.0,,ch_3SIA1kLrnBTnlT7b0shDpc4e,CPMT: 43726-DDI00042,CPMT: 43726-DDI00042-14/10/2025,
14/10/2025,41997,41997-DDI00080,Ndevor Systems Ltd : Phorest Australia,11010 Accounts Receivable : Trade Debtors,AUD,1.0,384.01,10130 Bank : CB current a/c AU$ # 411110236694,Australia,CARDSUCCESS,DDCARD PAYMENT:MESDDD2OQ2XJCPGZ8A388,2.0,,ch_3SIA0tLrnBTnlT7b0JTaCj6k,CPMT: 41997-DDI00080,CPMT: 41997-DDI00080-14/10/2025,
14/10/2025,44485,44485-DDI00077,Ndevor Systems Ltd : Phorest Australia,11010 Accounts Receivable : Trade Debtors,AUD,1.0,343.62,10130 Bank : CB current a/c AU$ # 411110236694,Australia,CARDSUCCESS,DDCARD PAYMENT:MESDDDL71TS7ZH9L89M6R,2.0,,ch_3SIA2hLrnBTnlT7b01CAv4AE,CPMT: 44485-DDI00077,CPMT: 44485-DDI00077-14/10/2025,
14/10/2025,44524,44524-DDI00076,Ndevor Systems Ltd : Phorest Australia,11010 Accounts Receivable : Trade Debtors,AUD,1.0,125.4,10130 Bank : CB current a/c AU$ # 411110236694,Australia,CARDSUCCESS,DDCARD PAYMENT:MESDDD638F2370SXEAN5S,2.0,,ch_3SIA2mLrnBTnlT7b1GHa8NsB,CPMT: 44524-DDI00076,CPMT: 44524-DDI00076-14/10/2025,
14/10/2025,45589,45589-DDI00077,Ndevor Systems Ltd : Phorest Australia,11010 Accounts Receivable : Trade Debtors,AUD,1.0,420.77,10130 Bank : CB current a/c AU$ # 411110236694,Australia,CARDSUCCESS,DDCARD PAYMENT:MESDDD3362QC0DRWFA3QV,2.0,,ch_3SIA3rLrnBTnlT7b19XgQ9gu,CPMT: 45589-DDI00077,CPMT: 45589-DDI00077-14/10/2025,
14/10/2025,45632,45632-DDI00073,Ndevor Systems Ltd : Phorest Australia,11010 Accounts Receivable : Trade Debtors,AUD,1.0,317.9,10130 Bank : CB current a/c AU$ # 411110236694,Australia,CARDSUCCESS,DDCARD PAYMENT:MESDDD77V70P8F701K3F2,2.0,,ch_3SIA3tLrnBTnlT7b0R3P1pau,CPMT: 45632-DDI00073,CPMT: 45632-DDI00073-14/10/2025,
14/10/2025,45761,45761-DDI00074,Ndevor Systems Ltd : Phorest Australia,11010 Accounts Receivable : Trade Debtors,AUD,1.0,382.42,10130 Bank : CB current a/c AU$ # 411110236694,Australia,CARDSUCCESS,DDCARD PAYMENT:MESDDD5287C2Q0306685O,2.0,,ch_3SIA3vLrnBTnlT7b1KP6iXFV,CPMT: 45761-DDI00074,CPMT: 45761-DDI00074-14/10/2025,
14/10/2025,45790,45790-DDI00074,Ndevor Systems Ltd : Phorest Australia,11010 Accounts Receivable : Trade Debtors,AUD,1.0,547.69,10130 Bank : CB current a/c AU$ # 411110236694,Australia,CARDSUCCESS,DDCARD PAYMENT:MESDDDQK3TT6ROP871IGD,2.0,,ch_3SIA40LrnBTnlT7b0pFb5RRa,CPMT: 45790-DDI00074,CPMT: 45790-DDI00074-14/10/2025,
14/10/2025,45914,45914-DDI00037,Ndevor Systems Ltd : Phorest Australia,11010 Accounts Receivable : Trade Debtors,AUD,1.0,234.72,10130 Bank : CB current a/c AU$ # 411110236694,Australia,CARDSUCCESS,DDCARD PAYMENT:MESDDD37NFRN949X9S434,2.0,,ch_3SIA46LrnBTnlT7b173WCGlG,CPMT: 45914-DDI00037,CPMT: 45914-DDI00037-14/10/2025,
14/10/2025,45941,45941-DDI00073,Ndevor Systems Ltd : Phorest Australia,11010 Accounts Receivable : Trade Debtors,AUD,1.0,317.9,10130 Bank : CB current a/c AU$ # 411110236694,Australia,CARDSUCCESS,DDCARD PAYMENT:MESDDDW46OW5G073784T5,2.0,,ch_3SIA48LrnBTnlT7b0ttBTEkP,CPMT: 45941-DDI00073,CPMT: 45941-DDI00073-14/10/2025,
14/10/2025,46049,46049-DDI00075,Ndevor Systems Ltd : Phorest Australia,11010 Accounts Receivable : Trade Debtors,AUD,1.0,317.9,10130 Bank : CB current a/c AU$ # 411110236694,Australia,CARDSUCCESS,DDCARD PAYMENT:MESDDD8SI4J59TD5938O3,2.0,,ch_3SIA4BLrnBTnlT7b0M5LhEl6,CPMT: 46049-DDI00075,CPMT: 46049-DDI00075-14/10/2025,
14/10/2025,46155,46155-DDI00073,Ndevor Systems Ltd : Phorest Australia,11010 Accounts Receivable : Trade Debtors,AUD,1.0,393.8,10130 Bank : CB current a/c AU$ # 411110236694,Australia,CARDSUCCESS,DDCARD PAYMENT:MESDDDUM5D68HWLK7H4D5,2.0,,ch_3SIA4DLrnBTnlT7b00lwE9Sb,CPMT: 46155-DDI00073,CPMT: 46155-DDI00073-14/10/2025,
14/10/2025,46181,46181-DDI00072,Ndevor Systems Ltd : Phorest Australia,11010 Accounts Receivable : Trade Debtors,AUD,1.0,423.37,10130 Bank : CB current a/c AU$ # 411110236694,Australia,CARDSUCCESS,DDCARD PAYMENT:MESDDD8G2MY7CRLK7LPBX,2.0,,ch_3SIA4FLrnBTnlT7b0KNgbNK7,CPMT: 46181-DDI00072,CPMT: 46181-DDI00072-14/10/2025,
14/10/2025,46269,46269-DDI00040,Ndevor Systems Ltd : Phorest Australia,11010 Accounts Receivable : Trade Debtors,AUD,1.0,97.9,10130 Bank : CB current a/c AU$ # 411110236694,Australia,CARDSUCCESS,DDCARD PAYMENT:MESDDD2XRU85L31G686BZ,2.0,,ch_3SIA4KLrnBTnlT7b0ppoVZv9,CPMT: 46269-DDI00040,CPMT: 46269-DDI00040-14/10/2025,
14/10/2025,46304,46304-DDI00044,Ndevor Systems Ltd : Phorest Australia,11010 Accounts Receivable : Trade Debtors,AUD,1.0,365.31,10130 Bank : CB current a/c AU$ # 411110236694,Australia,CARDSUCCESS,DDCARD PAYMENT:MESDDDJ2J578YO8A7T61G,2.0,,ch_3SIA4NLrnBTnlT7b0oy5Umlq,CPMT: 46304-DDI00044,CPMT: 46304-DDI00044-14/10/2025,
14/10/2025,46305,46305-DDI00072,Ndevor Systems Ltd : Phorest Australia,11010 Accounts Receivable : Trade Debtors,AUD,1.0,653.33,10130 Bank : CB current a/c AU$ # 411110236694,Australia,CARDSUCCESS,DDCARD PAYMENT:MESDDDXC5C19B3K66OD7Q,2.0,,ch_3SIA4QLrnBTnlT7b1IFQjacV,CPMT: 46305-DDI00072,CPMT: 46305-DDI00072-14/10/2025,
14/10/2025,46330,46330-DDI00039,Ndevor Systems Ltd : Phorest Australia,11010 Accounts Receivable : Trade Debtors,AUD,1.0,275.76,10130 Bank : CB current a/c AU$ # 411110236694,Australia,CARDSUCCESS,DDCARD PAYMENT:MESDDD4M6265T0B3LY143,2.0,,ch_3SIA4SLrnBTnlT7b1tsKnV50,CPMT: 46330-DDI00039,CPMT: 46330-DDI00039-14/10/2025,
14/10/2025,46374,46374-DDI00071,Ndevor Systems Ltd : Phorest Australia,11010 Accounts Receivable : Trade Debtors,AUD,1.0,348.48,10130 Bank : CB current a/c AU$ # 411110236694,Australia,CARDSUCCESS,DDCARD PAYMENT:MESDDD09DWP34SO4217K1,2.0,,ch_3SIA4ULrnBTnlT7b0lOObZbu,CPMT: 46374-DDI00071,CPMT: 46374-DDI00071-14/10/2025,
14/10/2025,46527,46527-DDI00060,Ndevor Systems Ltd : Phorest Australia,11010 Accounts Receivable : Trade Debtors,AUD,1.0,994.19,10130 Bank : CB current a/c AU$ # 411110236694,Australia,CARDSUCCESS,DDCARD PAYMENT:MESDDDI0V3OU142E3EXY2,2.0,,ch_3SIA4cLrnBTnlT7b0SeH4ux7,CPMT: 46527-DDI00060,CPMT: 46527-DDI00060-14/10/2025,
14/10/2025,46555,46555-DDI00067,Ndevor Systems Ltd : Phorest Australia,11010 Accounts Receivable : Trade Debtors,AUD,1.0,208.85,10130 Bank : CB current a/c AU$ # 411110236694,Australia,CARDSUCCESS,DDCARD PAYMENT:MESDDDHS163101IQ43664,2.0,,ch_3SIA4eLrnBTnlT7b0Y2NN8OA,CPMT: 46555-DDI00067,CPMT: 46555-DDI00067-14/10/2025,
14/10/2025,46603,46603-DDI00064,Ndevor Systems Ltd : Phorest Australia,11010 Accounts Receivable : Trade Debtors,AUD,1.0,402.42,10130 Bank : CB current a/c AU$ # 411110236694,Australia,CARDSUCCESS,DDCARD PAYMENT:MESDDD3QU4E38DBUIU5PR,2.0,,ch_3SIA4gLrnBTnlT7b15IlHiyK,CPMT: 46603-DDI00064,CPMT: 46603-DDI00064-14/10/2025,
14/10/2025,46669,46669-DDI00075,Ndevor Systems Ltd : Phorest Australia,11010 Accounts Receivable : Trade Debtors,AUD,1.0,331.28,10130 Bank : CB current a/c AU$ # 411110236694,Australia,CARDSUCCESS,DDCARD PAYMENT:MESDDDPS7SSE8WRB302U4,2.0,,ch_3SIA4jLrnBTnlT7b1lssx7ah,CPMT: 46669-DDI00075,CPMT: 46669-DDI00075-14/10/2025,
14/10/2025,46674,46674-DDI00035,Ndevor Systems Ltd : Phorest Australia,11010 Accounts Receivable : Trade Debtors,AUD,1.0,83.88,10130 Bank : CB current a/c AU$ # 411110236694,Australia,CARDSUCCESS,DDCARD PAYMENT:MESDDDMNJ64Z4U22G5N4T,2.0,,ch_3SIA4mLrnBTnlT7b0zHZnOrx,CPMT: 46674-DDI00035,CPMT: 46674-DDI00035-14/10/2025,
14/10/2025,45551,45551-DDI00070,Ndevor Systems Ltd : Phorest Australia,11010 Accounts Receivable : Trade Debtors,AUD,1.0,442.52,10130 Bank : CB current a/c AU$ # 411110236694,Australia,CARDSUCCESS,DDCARD PAYMENT:MESDDD7431IEK2TCL7174,2.0,,ch_3SIA3oLrnBTnlT7b0358gWpT,CPMT: 45551-DDI00070,CPMT: 45551-DDI00070-14/10/2025,
14/10/2025,44486,44486-DDI00080,Ndevor Systems Ltd : Phorest Australia,11010 Accounts Receivable : Trade Debtors,AUD,1.0,240.66,10130 Bank : CB current a/c AU$ # 411110236694,Australia,CARDSUCCESS,DDCARD PAYMENT:MESDDDVF709563FE8DVI0,2.0,,ch_3SIA2jLrnBTnlT7b0PJxWcqa,CPMT: 44486-DDI00080,CPMT: 44486-DDI00080-14/10/2025,
14/10/2025,45497,45497-DDI00077,Ndevor Systems Ltd : Phorest Australia,11010 Accounts Receivable : Trade Debtors,AUD,1.0,516.52,10130 Bank : CB current a/c AU$ # 411110236694,Australia,CARDSUCCESS,DDCARD PAYMENT:MESDDD1Z17986O59A4MV0,2.0,,ch_3SIA3mLrnBTnlT7b0RoDfjCR,CPMT: 45497-DDI00077,CPMT: 45497-DDI00077-14/10/2025,
14/10/2025,45352,45352-DDI00072,Ndevor Systems Ltd : Phorest Australia,11010 Accounts Receivable : Trade Debtors,AUD,1.0,264.29,10130 Bank : CB current a/c AU$ # 411110236694,Australia,CARDSUCCESS,DDCARD PAYMENT:MESDDDO534ZD839021YE9,2.0,,ch_3SIA3gLrnBTnlT7b1BOy3FR7,CPMT: 45352-DDI00072,CPMT: 45352-DDI00072-14/10/2025,
14/10/2025,44616,44616-DDI00080,Ndevor Systems Ltd : Phorest Australia,11010 Accounts Receivable : Trade Debtors,AUD,1.0,615.62,10130 Bank : CB current a/c AU$ # 411110236694,Australia,CARDSUCCESS,DDCARD PAYMENT:MESDDD68MC282ZS9T731P,2.0,,ch_3SIA2oLrnBTnlT7b0M1KUFAY,CPMT: 44616-DDI00080,CPMT: 44616-DDI00080-14/10/2025,
14/10/2025,44617,44617-DDI00078,Ndevor Systems Ltd : Phorest Australia,11010 Accounts Receivable : Trade Debtors,AUD,1.0,317.9,10130 Bank : CB current a/c AU$ # 411110236694,Australia,CARDSUCCESS,DDCARD PAYMENT:MESDDD17L8M1256NN87FJ,2.0,,ch_3SIA2qLrnBTnlT7b0xkrRnoo,CPMT: 44617-DDI00078,CPMT: 44617-DDI00078-14/10/2025,
14/10/2025,44656,44656-DDI00075,Ndevor Systems Ltd : Phorest Australia,11010 Accounts Receivable : Trade Debtors,AUD,1.0,352.78,10130 Bank : CB current a/c AU$ # 411110236694,Australia,CARDSUCCESS,DDCARD PAYMENT:MESDDDQ6VC9U04S8EBSNS,2.0,,ch_3SIA2tLrnBTnlT7b1lMfIY15,CPMT: 44656-DDI00075,CPMT: 44656-DDI00075-14/10/2025,
14/10/2025,44764,44764-DDI00078,Ndevor Systems Ltd : Phorest Australia,11010 Accounts Receivable : Trade Debtors,AUD,1.0,494.27,10130 Bank : CB current a/c AU$ # 411110236694,Australia,CARDSUCCESS,DDCARD PAYMENT:MESDDDS3E75TM4B9JQLH8,2.0,,ch_3SIA2vLrnBTnlT7b1UDqDzjp,CPMT: 44764-DDI00078,CPMT: 44764-DDI00078-14/10/2025,
14/10/2025,44774,44774-DDI00078,Ndevor Systems Ltd : Phorest Australia,11010 Accounts Receivable : Trade Debtors,AUD,1.0,390.27,10130 Bank : CB current a/c AU$ # 411110236694,Australia,CARDSUCCESS,DDCARD PAYMENT:MESDDD07NP6R5P1ZCCV2K,2.0,,ch_3SIA2xLrnBTnlT7b1UzWXTgX,CPMT: 44774-DDI00078,CPMT: 44774-DDI00078-14/10/2025,
14/10/2025,44801,44801-DDI00077,Ndevor Systems Ltd : Phorest Australia,11010 Accounts Receivable : Trade Debtors,AUD,1.0,422.35,10130 Bank : CB current a/c AU$ # 411110236694,Australia,CARDSUCCESS,DDCARD PAYMENT:MESDDDUN70Z5ABJ6Q48ZB,2.0,,ch_3SIA30LrnBTnlT7b1I170ChG,CPMT: 44801-DDI00077,CPMT: 44801-DDI00077-14/10/2025,
14/10/2025,44821,44821-DDI00077,Ndevor Systems Ltd : Phorest Australia,11010 Accounts Receivable : Trade Debtors,AUD,1.0,482.82,10130 Bank : CB current a/c AU$ # 411110236694,Australia,CARDSUCCESS,DDCARD PAYMENT:MESDDD8E9OSB0VX917F50,2.0,,ch_3SIA32LrnBTnlT7b0tFqpvs6,CPMT: 44821-DDI00077,CPMT: 44821-DDI00077-14/10/2025,
14/10/2025,44824,44824-DDI00077,Ndevor Systems Ltd : Phorest Australia,11010 Accounts Receivable : Trade Debtors,AUD,1.0,922.38,10130 Bank : CB current a/c AU$ # 411110236694,Australia,CARDSUCCESS,DDCARD PAYMENT:MESDDDYSV0J23D0YII53Q,2.0,,ch_3SIA35LrnBTnlT7b1ioPhkLq,CPMT: 44824-DDI00077,CPMT: 44824-DDI00077-14/10/2025,
14/10/2025,44839,44839-DDI00040,Ndevor Systems Ltd : Phorest Australia,11010 Accounts Receivable : Trade Debtors,AUD,1.0,97.9,10130 Bank : CB current a/c AU$ # 411110236694,Australia,CARDSUCCESS,DDCARD PAYMENT:MESDDD1P6MU5429S819XU,2.0,,ch_3SIA38LrnBTnlT7b14BrOiae,CPMT: 44839-DDI00040,CPMT: 44839-DDI00040-14/10/2025,
14/10/2025,44892,44892-DDI00077,Ndevor Systems Ltd : Phorest Australia,11010 Accounts Receivable : Trade Debtors,AUD,1.0,314.12,10130 Bank : CB current a/c AU$ # 411110236694,Australia,CARDSUCCESS,DDCARD PAYMENT:MESDDD78F0V5MY9O0M242,2.0,,ch_3SIA3ALrnBTnlT7b1MmrBHo9,CPMT: 44892-DDI00077,CPMT: 44892-DDI00077-14/10/2025,
14/10/2025,44912,44912-DDI00072,Ndevor Systems Ltd : Phorest Australia,11010 Accounts Receivable : Trade Debtors,AUD,1.0,386.44,10130 Bank : CB current a/c AU$ # 411110236694,Australia,CARDSUCCESS,DDCARD PAYMENT:MESDDDQ7373M4O4K73166,2.0,,ch_3SIA3KLrnBTnlT7b17lIpqyE,CPMT: 44912-DDI00072,CPMT: 44912-DDI00072-14/10/2025,
14/10/2025,44921,44921-DDI00079,Ndevor Systems Ltd : Phorest Australia,11010 Accounts Receivable : Trade Debtors,AUD,1.0,187.89,10130 Bank : CB current a/c AU$ # 411110236694,Australia,CARDSUCCESS,DDCARD PAYMENT:MESDDD0H9NC6120IPUL63,2.0,,ch_3SIA3NLrnBTnlT7b1J6B33Fb,CPMT: 44921-DDI00079,CPMT: 44921-DDI00079-14/10/2025,
14/10/2025,45023,45023-DDI00076,Ndevor Systems Ltd : Phorest Australia,11010 Accounts Receivable : Trade Debtors,AUD,1.0,428.52,10130 Bank : CB current a/c AU$ # 411110236694,Australia,CARDSUCCESS,DDCARD PAYMENT:MESDDD73HREY17N7H1Q65,2.0,,ch_3SIA3PLrnBTnlT7b1KYvRGVP,CPMT: 45023-DDI00076,CPMT: 45023-DDI00076-14/10/2025,
14/10/2025,45071,45071-DDI00078,Ndevor Systems Ltd : Phorest Australia,11010 Accounts Receivable : Trade Debtors,AUD,1.0,640.57,10130 Bank : CB current a/c AU$ # 411110236694,Australia,CARDSUCCESS,DDCARD PAYMENT:MESDDD330503STV57024K,2.0,,ch_3SIA3SLrnBTnlT7b1wQqFUI7,CPMT: 45071-DDI00078,CPMT: 45071-DDI00078-14/10/2025,
14/10/2025,45149,45149-DDI00039,Ndevor Systems Ltd : Phorest Australia,11010 Accounts Receivable : Trade Debtors,AUD,1.0,97.9,10130 Bank : CB current a/c AU$ # 411110236694,Australia,CARDSUCCESS,DDCARD PAYMENT:MESDDDP4XEP690ULN20YS,2.0,,ch_3SIA3ULrnBTnlT7b0Lxa7z6p,CPMT: 45149-DDI00039,CPMT: 45149-DDI00039-14/10/2025,
14/10/2025,45207,45207-DDI00052,Ndevor Systems Ltd : Phorest Australia,11010 Accounts Receivable : Trade Debtors,AUD,1.0,536.43,10130 Bank : CB current a/c AU$ # 411110236694,Australia,CARDSUCCESS,DDCARD PAYMENT:MESDDDM032XCJTK3O6N49,2.0,,ch_3SIA3WLrnBTnlT7b0oOOpYHG,CPMT: 45207-DDI00052,CPMT: 45207-DDI00052-14/10/2025,
14/10/2025,45208,45208-DDI00077,Ndevor Systems Ltd : Phorest Australia,11010 Accounts Receivable : Trade Debtors,AUD,1.0,386.34,10130 Bank : CB current a/c AU$ # 411110236694,Australia,CARDSUCCESS,DDCARD PAYMENT:MESDDD003272N6U10Q27G,2.0,,ch_3SIA3ZLrnBTnlT7b1BiEra4Y,CPMT: 45208-DDI00077,CPMT: 45208-DDI00077-14/10/2025,
14/10/2025,45209,45209-DDI00067,Ndevor Systems Ltd : Phorest Australia,11010 Accounts Receivable : Trade Debtors,AUD,1.0,389.52,10130 Bank : CB current a/c AU$ # 411110236694,Australia,CARDSUCCESS,DDCARD PAYMENT:MESDDD65K092WV9H5NFJF,2.0,,ch_3SIA3bLrnBTnlT7b1KtMqdfg,CPMT: 45209-DDI00067,CPMT: 45209-DDI00067-14/10/2025,
14/10/2025,45267,45267-DDI00076,Ndevor Systems Ltd : Phorest Australia,11010 Accounts Receivable : Trade Debtors,AUD,1.0,454.14,10130 Bank : CB current a/c AU$ # 411110236694,Australia,CARDSUCCESS,DDCARD PAYMENT:MESDDD4M84YC9652SF5OE,2.0,,ch_3SIA3eLrnBTnlT7b0WH7dgSF,CPMT: 45267-DDI00076,CPMT: 45267-DDI00076-14/10/2025,
14/10/2025,45467,45467-DDI00076,Ndevor Systems Ltd : Phorest Australia,11010 Accounts Receivable : Trade Debtors,AUD,1.0,125.4,10130 Bank : CB current a/c AU$ # 411110236694,Australia,CARDSUCCESS,DDCARD PAYMENT:MESDDD8306Z7ODVQP0I1Q,2.0,,ch_3SIA3jLrnBTnlT7b1mY2914s,CPMT: 45467-DDI00076,CPMT: 45467-DDI00076-14/10/2025,
14/10/2025,41994,41994-DDI00087,Ndevor Systems Ltd : Phorest Australia,11010 Accounts Receivable : Trade Debtors,AUD,1.0,97.9,10130 Bank : CB current a/c AU$ # 411110236694,Australia,CARDSUCCESS,DDCARD PAYMENT:MESDDD5A9O4002UN2NUIE,2.0,,ch_3SIA0qLrnBTnlT7b0XXbPi0F,CPMT: 41994-DDI00087,CPMT: 41994-DDI00087-14/10/2025,
14/10/2025,44093,44093-DDI00066,Ndevor Systems Ltd : Phorest Australia,11010 Accounts Receivable : Trade Debtors,AUD,1.0,353.8,10130 Bank : CB current a/c AU$ # 411110236694,Australia,CARDSUCCESS,DDCARD PAYMENT:MESDDDM81N3Q5873OC7M6,2.0,,ch_3SIA2FLrnBTnlT7b0fcXVqpd,CPMT: 44093-DDI00066,CPMT: 44093-DDI00066-14/10/2025,
14/10/2025,41813,41813-DDI00046,Ndevor Systems Ltd : Phorest Australia,11010 Accounts Receivable : Trade Debtors,AUD,1.0,339.9,10130 Bank : CB current a/c AU$ # 411110236694,Australia,CARDSUCCESS,DDCARD PAYMENT:MESDDD27AD385044LU29R,2.0,,ch_3SIA0lLrnBTnlT7b0myGa4kd,CPMT: 41813-DDI00046,CPMT: 41813-DDI00046-14/10/2025,
14/10/2025,37268,37268-DDI00105,Ndevor Systems Ltd : Phorest Australia,11010 Accounts Receivable : Trade Debtors,AUD,1.0,393.8,10130 Bank : CB current a/c AU$ # 411110236694,Australia,CARDSUCCESS,DDCARD PAYMENT:MESDDDU4MWYP45SG1DFU2,2.0,,ch_3SI9xiLrnBTnlT7b0rCmVBBr,CPMT: 37268-DDI00105,CPMT: 37268-DDI00105-14/10/2025,
14/10/2025,37269,37269-DDI00095,Ndevor Systems Ltd : Phorest Australia,11010 Accounts Receivable : Trade Debtors,AUD,1.0,365.77,10130 Bank : CB current a/c AU$ # 411110236694,Australia,CARDSUCCESS,DDCARD PAYMENT:MESDDDB1NJ51I8QWB5SFG,2.0,,ch_3SI9xlLrnBTnlT7b0EuVfut8,CPMT: 37269-DDI00095,CPMT: 37269-DDI00095-14/10/2025,
14/10/2025,37290,37290-DDI00077,Ndevor Systems Ltd : Phorest Australia,11010 Accounts Receivable : Trade Debtors,AUD,1.0,411.13,10130 Bank : CB current a/c AU$ # 411110236694,Australia,CARDSUCCESS,DDCARD PAYMENT:MESDDD88VUU2M840I2O71,2.0,,ch_3SI9xnLrnBTnlT7b0tsjKnMm,CPMT: 37290-DDI00077,CPMT: 37290-DDI00077-14/10/2025,
14/10/2025,37381,37381-DDI00085,Ndevor Systems Ltd : Phorest Australia,11010 Accounts Receivable : Trade Debtors,AUD,1.0,250.73,10130 Bank : CB current a/c AU$ # 411110236694,Australia,CARDSUCCESS,DDCARD PAYMENT:MESDDD0Y1AB50DB6639LF,2.0,,ch_3SI9xqLrnBTnlT7b1KOYgsmg,CPMT: 37381-DDI00085,CPMT: 37381-DDI00085-14/10/2025,
14/10/2025,37407,37407-DDI00105,Ndevor Systems Ltd : Phorest Australia,11010 Accounts Receivable : Trade Debtors,AUD,1.0,305.4,10130 Bank : CB current a/c AU$ # 411110236694,Australia,CARDSUCCESS,DDCARD PAYMENT:MESDDD0WV9YB1651P4U77,2.0,,ch_3SI9xsLrnBTnlT7b17OCbKJj,CPMT: 37407-DDI00105,CPMT: 37407-DDI00105-14/10/2025,
14/10/2025,37593,37593-DDI00105,Ndevor Systems Ltd : Phorest Australia,11010 Accounts Receivable : Trade Debtors,AUD,1.0,448.99,10130 Bank : CB current a/c AU$ # 411110236694,Australia,CARDSUCCESS,DDCARD PAYMENT:MESDDD2W8HFT238J75988,2.0,,ch_3SI9xxLrnBTnlT7b05ut9Uci,CPMT: 37593-DDI00105,CPMT: 37593-DDI00105-14/10/2025,
14/10/2025,37595,37595-DDI00075,Ndevor Systems Ltd : Phorest Australia,11010 Accounts Receivable : Trade Debtors,AUD,1.0,535.57,10130 Bank : CB current a/c AU$ # 411110236694,Australia,CARDSUCCESS,DDCARD PAYMENT:MESDDDFOB935NX5DDOH33,2.0,,ch_3SI9xzLrnBTnlT7b1m5y0zYS,CPMT: 37595-DDI00075,CPMT: 37595-DDI00075-14/10/2025,
14/10/2025,37613,37613-DDI00105,Ndevor Systems Ltd : Phorest Australia,11010 Accounts Receivable : Trade Debtors,AUD,1.0,457.85,10130 Bank : CB current a/c AU$ # 411110236694,Australia,CARDSUCCESS,DDCARD PAYMENT:MESDDDGR5ED5U01POR883,2.0,,ch_3SI9y2LrnBTnlT7b0JTT3GNt,CPMT: 37613-DDI00105,CPMT: 37613-DDI00105-14/10/2025,
14/10/2025,37615,37615-DDI00108,Ndevor Systems Ltd : Phorest Australia,11010 Accounts Receivable : Trade Debtors,AUD,1.0,430.46,10130 Bank : CB current a/c AU$ # 411110236694,Australia,CARDSUCCESS,DDCARD PAYMENT:MESDDD76SSXOLH5I7ZFET,2.0,,ch_3SI9y4LrnBTnlT7b1NsYCZm8,CPMT: 37615-DDI00108,CPMT: 37615-DDI00108-14/10/2025,
14/10/2025,37698,37698-DDI00053,Ndevor Systems Ltd : Phorest Australia,11010 Accounts Receivable : Trade Debtors,AUD,1.0,202.38,10130 Bank : CB current a/c AU$ # 411110236694,Australia,CARDSUCCESS,DDCARD PAYMENT:MESDDDN0831F94O09V80Z,2.0,,ch_3SI9y6LrnBTnlT7b1WjXnbyr,CPMT: 37698-DDI00053,CPMT: 37698-DDI00053-14/10/2025,
14/10/2025,38094,38094-DDI00101,Ndevor Systems Ltd : Phorest Australia,11010 Accounts Receivable : Trade Debtors,AUD,1.0,97.9,10130 Bank : CB current a/c AU$ # 411110236694,Australia,CARDSUCCESS,DDCARD PAYMENT:MESDDD152B57H9J23SMQ9,2.0,,ch_3SI9y9LrnBTnlT7b0PpB3F4v,CPMT: 38094-DDI00101,CPMT: 38094-DDI00101-14/10/2025,
14/10/2025,38097,38097-DDI00100,Ndevor Systems Ltd : Phorest Australia,11010 Accounts Receivable : Trade Debtors,AUD,1.0,339.9,10130 Bank : CB current a/c AU$ # 411110236694,Australia,CARDSUCCESS,DDCARD PAYMENT:MESDDD8418WAT93091IO2,2.0,,ch_3SI9yBLrnBTnlT7b0tBlT5Oj,CPMT: 38097-DDI00100,CPMT: 38097-DDI00100-14/10/2025,
14/10/2025,38440,38440-DDI00074,Ndevor Systems Ltd : Phorest Australia,11010 Accounts Receivable : Trade Debtors,AUD,1.0,383.9,10130 Bank : CB current a/c AU$ # 411110236694,Australia,CARDSUCCESS,DDCARD PAYMENT:MESDDDSUQD4J8VJKQ56E1,2.0,,ch_3SI9yILrnBTnlT7b0JBZ8yyg,CPMT: 38440-DDI00074,CPMT: 38440-DDI00074-14/10/2025,
14/10/2025,38444,38444-DDI00074,Ndevor Systems Ltd : Phorest Australia,11010 Accounts Receivable : Trade Debtors,AUD,1.0,383.9,10130 Bank : CB current a/c AU$ # 411110236694,Australia,CARDSUCCESS,DDCARD PAYMENT:MESDDDXBNBNROCU1ZXV7P,2.0,,ch_3SI9yKLrnBTnlT7b1ZQXKGCe,CPMT: 38444-DDI00074,CPMT: 38444-DDI00074-14/10/2025,
14/10/2025,38447,38447-DDI00076,Ndevor Systems Ltd : Phorest Australia,11010 Accounts Receivable : Trade Debtors,AUD,1.0,498.44,10130 Bank : CB current a/c AU$ # 411110236694,Australia,CARDSUCCESS,DDCARD PAYMENT:MESDDDO79H4Y0O67765A3,2.0,,ch_3SI9yMLrnBTnlT7b0hTIoeCK,CPMT: 38447-DDI00076,CPMT: 38447-DDI00076-14/10/2025,
14/10/2025,38531,38531-DDI00074,Ndevor Systems Ltd : Phorest Australia,11010 Accounts Receivable : Trade Debtors,AUD,1.0,383.9,10130 Bank : CB current a/c AU$ # 411110236694,Australia,CARDSUCCESS,DDCARD PAYMENT:MESDDDCO10UV1152WT817,2.0,,ch_3SI9yaLrnBTnlT7b1GQHUc8D,CPMT: 38531-DDI00074,CPMT: 38531-DDI00074-14/10/2025,
14/10/2025,38582,38582-DDI00100,Ndevor Systems Ltd : Phorest Australia,11010 Accounts Receivable : Trade Debtors,AUD,1.0,356.24,10130 Bank : CB current a/c AU$ # 411110236694,Australia,CARDSUCCESS,DDCARD PAYMENT:MESDDD6C2N90AY2584QLT,2.0,,ch_3SI9ycLrnBTnlT7b10oMuZot,CPMT: 38582-DDI00100,CPMT: 38582-DDI00100-14/10/2025,
14/10/2025,38704,38704-DDI00079,Ndevor Systems Ltd : Phorest Australia,11010 Accounts Receivable : Trade Debtors,AUD,1.0,546.29,10130 Bank : CB current a/c AU$ # 411110236694,Australia,CARDSUCCESS,DDCARD PAYMENT:MESDDD6117DT169138AA9,2.0,,ch_3SI9yfLrnBTnlT7b0bKFklBh,CPMT: 38704-DDI00079,CPMT: 38704-DDI00079-14/10/2025,
14/10/2025,38889,38889-DDI00092,Ndevor Systems Ltd : Phorest Australia,11010 Accounts Receivable : Trade Debtors,AUD,1.0,353.62,10130 Bank : CB current a/c AU$ # 411110236694,Australia,CARDSUCCESS,DDCARD PAYMENT:MESDDD2IAH76WY881D352,2.0,,ch_3SI9yhLrnBTnlT7b0Tp7dIHF,CPMT: 38889-DDI00092,CPMT: 38889-DDI00092-14/10/2025,
14/10/2025,37082,37082-DDI00109,Ndevor Systems Ltd : Phorest Australia,11010 Accounts Receivable : Trade Debtors,AUD,1.0,370.26,10130 Bank : CB current a/c AU$ # 411110236694,Australia,CARDSUCCESS,DDCARD PAYMENT:MESDDDR1U1629628K32L7,2.0,,ch_3SI9xgLrnBTnlT7b0tcs4Dja,CPMT: 37082-DDI00109,CPMT: 37082-DDI00109-14/10/2025,
14/10/2025,38916,38916-DDI00099,Ndevor Systems Ltd : Phorest Australia,11010 Accounts Receivable : Trade Debtors,AUD,1.0,216.39,10130 Bank : CB current a/c AU$ # 411110236694,Australia,CARDSUCCESS,DDCARD PAYMENT:MESDDDRV7YVKSS2ZU1U7K,2.0,,ch_3SI9ykLrnBTnlT7b1ZNnhbSs,CPMT: 38916-DDI00099,CPMT: 38916-DDI00099-14/10/2025,
14/10/2025,36969,36969-DDI00104,Ndevor Systems Ltd : Phorest Australia,11010 Accounts Receivable : Trade Debtors,AUD,1.0,382.7,10130 Bank : CB current a/c AU$ # 411110236694,Australia,CARDSUCCESS,DDCARD PAYMENT:MESDDD42DQO3LX3Q8SI9S,2.0,,ch_3SI9xeLrnBTnlT7b0UZlNIpE,CPMT: 36969-DDI00104,CPMT: 36969-DDI00104-14/10/2025,
14/10/2025,36309,36309-DDI00088,Ndevor Systems Ltd : Phorest Australia,11010 Accounts Receivable : Trade Debtors,AUD,1.0,266.57,10130 Bank : CB current a/c AU$ # 411110236694,Australia,CARDSUCCESS,DDCARD PAYMENT:MESDDDOKL1W4VF6456554,2.0,,ch_3SI9xPLrnBTnlT7b0OTsRGIY,CPMT: 36309-DDI00088,CPMT: 36309-DDI00088-14/10/2025,
14/10/2025,34572,34572-DDI00078,Ndevor Systems Ltd : Phorest Australia,11010 Accounts Receivable : Trade Debtors,AUD,1.0,339.9,10130 Bank : CB current a/c AU$ # 411110236694,Australia,CARDSUCCESS,DDCARD PAYMENT:MESDDD4W3D846J72QW7SJ,2.0,,ch_3SI9wVLrnBTnlT7b0eCjnsoK,CPMT: 34572-DDI00078,CPMT: 34572-DDI00078-14/10/2025,
14/10/2025,34617,34617-DDI00107,Ndevor Systems Ltd : Phorest Australia,11010 Accounts Receivable : Trade Debtors,AUD,1.0,423.18,10130 Bank : CB current a/c AU$ # 411110236694,Australia,CARDSUCCESS,DDCARD PAYMENT:MESDDDK1LGUU96F681259,2.0,,ch_3SI9wXLrnBTnlT7b1mpi6f4B,CPMT: 34617-DDI00107,CPMT: 34617-DDI00107-14/10/2025,
14/10/2025,34721,34721-DDI00114,Ndevor Systems Ltd : Phorest Australia,11010 Accounts Receivable : Trade Debtors,AUD,1.0,212.54,10130 Bank : CB current a/c AU$ # 411110236694,Australia,CARDSUCCESS,DDCARD PAYMENT:MESDDDBOUHOF23UGK4FYU,2.0,,ch_3SI9wZLrnBTnlT7b11gAEw1e,CPMT: 34721-DDI00114,CPMT: 34721-DDI00114-14/10/2025,
14/10/2025,34922,34922-DDI00113,Ndevor Systems Ltd : Phorest Australia,11010 Accounts Receivable : Trade Debtors,AUD,1.0,478.16,10130 Bank : CB current a/c AU$ # 411110236694,Australia,CARDSUCCESS,DDCARD PAYMENT:MESDDD34N8020GMRJ9EE9,2.0,,ch_3SI9weLrnBTnlT7b15u0Gm2S,CPMT: 34922-DDI00113,CPMT: 34922-DDI00113-14/10/2025,
14/10/2025,34938,34938-DDI00105,Ndevor Systems Ltd : Phorest Australia,11010 Accounts Receivable : Trade Debtors,AUD,1.0,390.46,10130 Bank : CB current a/c AU$ # 411110236694,Australia,CARDSUCCESS,DDCARD PAYMENT:MESDDDR861W54N6TK9NG6,2.0,,ch_3SI9whLrnBTnlT7b0kp1vEtM,CPMT: 34938-DDI00105,CPMT: 34938-DDI00105-14/10/2025,
14/10/2025,34940,34940-DDI00098,Ndevor Systems Ltd : Phorest Australia,11010 Accounts Receivable : Trade Debtors,AUD,1.0,234.72,10130 Bank : CB current a/c AU$ # 411110236694,Australia,CARDSUCCESS,DDCARD PAYMENT:MESDDDKQ6T178IEL6941U,2.0,,ch_3SI9wjLrnBTnlT7b1duoQox2,CPMT: 34940-DDI00098,CPMT: 34940-DDI00098-14/10/2025,
14/10/2025,35185,35185-DDI00099,Ndevor Systems Ltd : Phorest Australia,11010 Accounts Receivable : Trade Debtors,AUD,1.0,341.0,10130 Bank : CB current a/c AU$ # 411110236694,Australia,CARDSUCCESS,DDCARD PAYMENT:MESDDDV7B0W2ZV7Y5718C,2.0,,ch_3SI9wlLrnBTnlT7b09lzX87W,CPMT: 35185-DDI00099,CPMT: 35185-DDI00099-14/10/2025,
14/10/2025,35186,35186-DDI00056,Ndevor Systems Ltd : Phorest Australia,11010 Accounts Receivable : Trade Debtors,AUD,1.0,185.9,10130 Bank : CB current a/c AU$ # 411110236694,Australia,CARDSUCCESS,DDCARD PAYMENT:MESDDDEH8Z29XOSFL18L8,2.0,,ch_3SI9woLrnBTnlT7b0xLCw7zC,CPMT: 35186-DDI00056,CPMT: 35186-DDI00056-14/10/2025,
14/10/2025,35450,35450-DDI00057,Ndevor Systems Ltd : Phorest Australia,11010 Accounts Receivable : Trade Debtors,AUD,1.0,346.42,10130 Bank : CB current a/c AU$ # 411110236694,Australia,CARDSUCCESS,DDCARD PAYMENT:MESDDDUZ0XK7K23XYDYJN,2.0,,ch_3SI9wqLrnBTnlT7b1PkEaIPG,CPMT: 35450-DDI00057,CPMT: 35450-DDI00057-14/10/2025,
14/10/2025,35517,35517-DDI00073,Ndevor Systems Ltd : Phorest Australia,11010 Accounts Receivable : Trade Debtors,AUD,1.0,383.9,10130 Bank : CB current a/c AU$ # 411110236694,Australia,CARDSUCCESS,DDCARD PAYMENT:MESDDDH0WFUT8L145BY7W,2.0,,ch_3SI9wvLrnBTnlT7b1htSqoXz,CPMT: 35517-DDI00073,CPMT: 35517-DDI00073-14/10/2025,
14/10/2025,37699,37699-DDI00053,Ndevor Systems Ltd : Phorest Australia,11010 Accounts Receivable : Trade Debtors,AUD,1.0,192.68,10130 Bank : CB current a/c AU$ # 411110236694,Australia,CARDSUCCESS,DDCARD PAYMENT:MESDDD011L72BU336OI61,2.0,,ch_3SI9wyLrnBTnlT7b11h6dsYI,CPMT: 37699-DDI00053,CPMT: 37699-DDI00053-14/10/2025,
14/10/2025,41817,41817-DDI00089,Ndevor Systems Ltd : Phorest Australia,11010 Accounts Receivable : Trade Debtors,AUD,1.0,409.53,10130 Bank : CB current a/c AU$ # 411110236694,Australia,CARDSUCCESS,DDCARD PAYMENT:MESDDDLRN088FD637T2WB,2.0,,ch_3SIA0oLrnBTnlT7b0GLtA7zY,CPMT: 41817-DDI00089,CPMT: 41817-DDI00089-14/10/2025,
14/10/2025,37852,37852-DDI00099,Ndevor Systems Ltd : Phorest Australia,11010 Accounts Receivable : Trade Debtors,AUD,1.0,362.08,10130 Bank : CB current a/c AU$ # 411110236694,Australia,CARDSUCCESS,DDCARD PAYMENT:MESDDD5ID7IAQJ095O1UV,2.0,,ch_3SI9x6LrnBTnlT7b1YZ5Zr5V,CPMT: 37852-DDI00099,CPMT: 37852-DDI00099-14/10/2025,
14/10/2025,37966,37966-DDI00102,Ndevor Systems Ltd : Phorest Australia,11010 Accounts Receivable : Trade Debtors,AUD,1.0,254.83,10130 Bank : CB current a/c AU$ # 411110236694,Australia,CARDSUCCESS,DDCARD PAYMENT:MESDDD6AIJ9ZU4O9SZLHJ,2.0,,ch_3SI9x8LrnBTnlT7b0eHJEHxr,CPMT: 37966-DDI00102,CPMT: 37966-DDI00102-14/10/2025,
14/10/2025,38089,38089-DDI00101,Ndevor Systems Ltd : Phorest Australia,11010 Accounts Receivable : Trade Debtors,AUD,1.0,494.9,10130 Bank : CB current a/c AU$ # 411110236694,Australia,CARDSUCCESS,DDCARD PAYMENT:MESDDD6CTQ962FAE8G6AG,2.0,,ch_3SI9xALrnBTnlT7b0AovkSpx,CPMT: 38089-DDI00101,CPMT: 38089-DDI00101-14/10/2025,
14/10/2025,35873,35873-DDI00055,Ndevor Systems Ltd : Phorest Australia,11010 Accounts Receivable : Trade Debtors,AUD,1.0,375.12,10130 Bank : CB current a/c AU$ # 411110236694,Australia,CARDSUCCESS,DDCARD PAYMENT:MESDDDFANR4NJUF192C45,2.0,,ch_3SI9xFLrnBTnlT7b0okRJ4Em,CPMT: 35873-DDI00055,CPMT: 35873-DDI00055-14/10/2025,
14/10/2025,35975,35975-DDI00055,Ndevor Systems Ltd : Phorest Australia,11010 Accounts Receivable : Trade Debtors,AUD,1.0,195.14,10130 Bank : CB current a/c AU$ # 411110236694,Australia,CARDSUCCESS,DDCARD PAYMENT:MESDDDMU087S9AM8HG3U2,2.0,,ch_3SI9xILrnBTnlT7b0qlEHeFd,CPMT: 35975-DDI00055,CPMT: 35975-DDI00055-14/10/2025,
14/10/2025,36117,36117-DDI00109,Ndevor Systems Ltd : Phorest Australia,11010 Accounts Receivable : Trade Debtors,AUD,1.0,545.85,10130 Bank : CB current a/c AU$ # 411110236694,Australia,CARDSUCCESS,DDCARD PAYMENT:MESDDDIWWE036LJFA927C,2.0,,ch_3SI9xKLrnBTnlT7b0761Z9FD,CPMT: 36117-DDI00109,CPMT: 36117-DDI00109-14/10/2025,
14/10/2025,36180,36180-DDI00111,Ndevor Systems Ltd : Phorest Australia,11010 Accounts Receivable : Trade Debtors,AUD,1.0,430.87,10130 Bank : CB current a/c AU$ # 411110236694,Australia,CARDSUCCESS,DDCARD PAYMENT:MESDDD0FW3S62N3VC3E49,2.0,,ch_3SI9xNLrnBTnlT7b0aE8WskF,CPMT: 36180-DDI00111,CPMT: 36180-DDI00111-14/10/2025,
14/10/2025,36968,36968-DDI00056,Ndevor Systems Ltd : Phorest Australia,11010 Accounts Receivable : Trade Debtors,AUD,1.0,429.64,10130 Bank : CB current a/c AU$ # 411110236694,Australia,CARDSUCCESS,DDCARD PAYMENT:MESDDD5EWZG888PCJ0941,2.0,,ch_3SI9xbLrnBTnlT7b1LDTNV9Y,CPMT: 36968-DDI00056,CPMT: 36968-DDI00056-14/10/2025,
14/10/2025,39096,39096-DDI00098,Ndevor Systems Ltd : Phorest Australia,11010 Accounts Receivable : Trade Debtors,AUD,1.0,317.9,10130 Bank : CB current a/c AU$ # 411110236694,Australia,CARDSUCCESS,DDCARD PAYMENT:MESDDD2QSKZKTUZXMWJ45,2.0,,ch_3SI9ymLrnBTnlT7b0swgRq83,CPMT: 39096-DDI00098,CPMT: 39096-DDI00098-14/10/2025,
14/10/2025,37829,37829-DDI00100,Ndevor Systems Ltd : Phorest Australia,11010 Accounts Receivable : Trade Debtors,AUD,1.0,224.55,10130 Bank : CB current a/c AU$ # 411110236694,Australia,CARDSUCCESS,DDCARD PAYMENT:MESDDD2D4VG2TBR2877ZV,2.0,,ch_3SI9x3LrnBTnlT7b1HpTha67,CPMT: 37829-DDI00100,CPMT: 37829-DDI00100-14/10/2025,
14/10/2025,39124,39124-DDI00098,Ndevor Systems Ltd : Phorest Australia,11010 Accounts Receivable : Trade Debtors,AUD,1.0,211.0,10130 Bank : CB current a/c AU$ # 411110236694,Australia,CARDSUCCESS,DDCARD PAYMENT:MESDDD9886D43JY5OMV7R,2.0,,ch_3SI9yrLrnBTnlT7b0ewDINpD,CPMT: 39124-DDI00098,CPMT: 39124-DDI00098-14/10/2025,
14/10/2025,40499,40499-DDI00097,Ndevor Systems Ltd : Phorest Australia,11010 Accounts Receivable : Trade Debtors,AUD,1.0,434.78,10130 Bank : CB current a/c AU$ # 411110236694,Australia,CARDSUCCESS,DDCARD PAYMENT:MESDDD9G11JFU094SXBCV,2.0,,ch_3SI9zvLrnBTnlT7b08zxPOnX,CPMT: 40499-DDI00097,CPMT: 40499-DDI00097-14/10/2025,
14/10/2025,40634,40634-DDI00091,Ndevor Systems Ltd : Phorest Australia,11010 Accounts Receivable : Trade Debtors,AUD,1.0,402.8,10130 Bank : CB current a/c AU$ # 411110236694,Australia,CARDSUCCESS,DDCARD PAYMENT:MESDDD7PPB52S1101N5QI,2.0,,ch_3SI9zxLrnBTnlT7b1zS7M8Sz,CPMT: 40634-DDI00091,CPMT: 40634-DDI00091-14/10/2025,
14/10/2025,40644,40644-DDI00090,Ndevor Systems Ltd : Phorest Australia,11010 Accounts Receivable : Trade Debtors,AUD,1.0,353.06,10130 Bank : CB current a/c AU$ # 411110236694,Australia,CARDSUCCESS,DDCARD PAYMENT:MESDDD03E67A5H1EGMVI4,2.0,,ch_3SI9zzLrnBTnlT7b0XuM1ifW,CPMT: 40644-DDI00090,CPMT: 40644-DDI00090-14/10/2025,
14/10/2025,40765,40765-DDI00091,Ndevor Systems Ltd : Phorest Australia,11010 Accounts Receivable : Trade Debtors,AUD,1.0,481.25,10130 Bank : CB current a/c AU$ # 411110236694,Australia,CARDSUCCESS,DDCARD PAYMENT:MESDDDQRE53YQXT4K9VQ1,2.0,,ch_3SIA07LrnBTnlT7b1MEQQx0E,CPMT: 40765-DDI00091,CPMT: 40765-DDI00091-14/10/2025,
14/10/2025,40820,40820-DDI00090,Ndevor Systems Ltd : Phorest Australia,11010 Accounts Receivable : Trade Debtors,AUD,1.0,408.13,10130 Bank : CB current a/c AU$ # 411110236694,Australia,CARDSUCCESS,DDCARD PAYMENT:MESDDDGA2G3VU7D3G5786,2.0,,ch_3SIA09LrnBTnlT7b1oWzS6ZF,CPMT: 40820-DDI00090,CPMT: 40820-DDI00090-14/10/2025,
14/10/2025,40823,40823-DDI00090,Ndevor Systems Ltd : Phorest Australia,11010 Accounts Receivable : Trade Debtors,AUD,1.0,442.44,10130 Bank : CB current a/c AU$ # 411110236694,Australia,CARDSUCCESS,DDCARD PAYMENT:MESDDD1I3X40MR577UVG1,2.0,,ch_3SIA0CLrnBTnlT7b1WxyspUL,CPMT: 40823-DDI00090,CPMT: 40823-DDI00090-14/10/2025,
14/10/2025,40828,40828-DDI00090,Ndevor Systems Ltd : Phorest Australia,11010 Accounts Receivable : Trade Debtors,AUD,1.0,524.82,10130 Bank : CB current a/c AU$ # 411110236694,Australia,CARDSUCCESS,DDCARD PAYMENT:MESDDDA616QY387NU7NII,2.0,,ch_3SIA0ELrnBTnlT7b0xEi9stC,CPMT: 40828-DDI00090,CPMT: 40828-DDI00090-14/10/2025,
14/10/2025,40920,40920-DDI00089,Ndevor Systems Ltd : Phorest Australia,11010 Accounts Receivable : Trade Debtors,AUD,1.0,627.67,10130 Bank : CB current a/c AU$ # 411110236694,Australia,CARDSUCCESS,DDCARD PAYMENT:MESDDDMK8GKPZKX6N7V02,2.0,,ch_3SIA0HLrnBTnlT7b1IfdZAJH,CPMT: 40920-DDI00089,CPMT: 40920-DDI00089-14/10/2025,
14/10/2025,41010,41010-DDI00092,Ndevor Systems Ltd : Phorest Australia,11010 Accounts Receivable : Trade Debtors,AUD,1.0,375.03,10130 Bank : CB current a/c AU$ # 411110236694,Australia,CARDSUCCESS,DDCARD PAYMENT:MESDDD7929CN5871Y035C,2.0,,ch_3SIA0LLrnBTnlT7b1og8bWoP,CPMT: 41010-DDI00092,CPMT: 41010-DDI00092-14/10/2025,
14/10/2025,41129,41129-DDI00075,Ndevor Systems Ltd : Phorest Australia,11010 Accounts Receivable : Trade Debtors,AUD,1.0,390.46,10130 Bank : CB current a/c AU$ # 411110236694,Australia,CARDSUCCESS,DDCARD PAYMENT:MESDDDZDQ3O9A0GR4P34V,2.0,,ch_3SIA0OLrnBTnlT7b0ScG5peu,CPMT: 41129-DDI00075,CPMT: 41129-DDI00075-14/10/2025,
14/10/2025,41243,41243-DDI00090,Ndevor Systems Ltd : Phorest Australia,11010 Accounts Receivable : Trade Debtors,AUD,1.0,1009.53,10130 Bank : CB current a/c AU$ # 411110236694,Australia,CARDSUCCESS,DDCARD PAYMENT:MESDDDG9644T7UZ7C4U7G,2.0,,ch_3SIA0QLrnBTnlT7b1qADk22r,CPMT: 41243-DDI00090,CPMT: 41243-DDI00090-14/10/2025,
14/10/2025,41286,41286-DDI00089,Ndevor Systems Ltd : Phorest Australia,11010 Accounts Receivable : Trade Debtors,AUD,1.0,207.0,10130 Bank : CB current a/c AU$ # 411110236694,Australia,CARDSUCCESS,DDCARD PAYMENT:MESDDDLA8OR6ZL8662BJS,2.0,,ch_3SIA0TLrnBTnlT7b02Ek2Ips,CPMT: 41286-DDI00089,CPMT: 41286-DDI00089-14/10/2025,
14/10/2025,41435,41435-DDI00076,Ndevor Systems Ltd : Phorest Australia,11010 Accounts Receivable : Trade Debtors,AUD,1.0,97.9,10130 Bank : CB current a/c AU$ # 411110236694,Australia,CARDSUCCESS,DDCARD PAYMENT:MESDDDEAM4SY37I39T11D,2.0,,ch_3SIA0XLrnBTnlT7b04oHZjiQ,CPMT: 41435-DDI00076,CPMT: 41435-DDI00076-14/10/2025,
14/10/2025,41441,41441-DDI00047,Ndevor Systems Ltd : Phorest Australia,11010 Accounts Receivable : Trade Debtors,AUD,1.0,413.64,10130 Bank : CB current a/c AU$ # 411110236694,Australia,CARDSUCCESS,DDCARD PAYMENT:MESDDDXY015GULBCFX5D4,2.0,,ch_3SIA0aLrnBTnlT7b1hT6q2vW,CPMT: 41441-DDI00047,CPMT: 41441-DDI00047-14/10/2025,
14/10/2025,41477,41477-DDI00086,Ndevor Systems Ltd : Phorest Australia,11010 Accounts Receivable : Trade Debtors,AUD,1.0,97.9,10130 Bank : CB current a/c AU$ # 411110236694,Australia,CARDSUCCESS,DDCARD PAYMENT:MESDDD6NSB2TJ3N222YF3,2.0,,ch_3SIA0cLrnBTnlT7b1erOVlN5,CPMT: 41477-DDI00086,CPMT: 41477-DDI00086-14/10/2025,
14/10/2025,41478,41478-DDI00090,Ndevor Systems Ltd : Phorest Australia,11010 Accounts Receivable : Trade Debtors,AUD,1.0,422.8,10130 Bank : CB current a/c AU$ # 411110236694,Australia,CARDSUCCESS,DDCARD PAYMENT:MESDDD232540P5RTFI5IC,2.0,,ch_3SIA0eLrnBTnlT7b0l9ejAFq,CPMT: 41478-DDI00090,CPMT: 41478-DDI00090-14/10/2025,
14/10/2025,41602,41602-DDI00048,Ndevor Systems Ltd : Phorest Australia,11010 Accounts Receivable : Trade Debtors,AUD,1.0,339.9,10130 Bank : CB current a/c AU$ # 411110236694,Australia,CARDSUCCESS,DDCARD PAYMENT:MESDDD97U8VGRB273Y997,2.0,,ch_3SIA0hLrnBTnlT7b0rCdn1zp,CPMT: 41602-DDI00048,CPMT: 41602-DDI00048-14/10/2025,
14/10/2025,41807,41807-DDI00089,Ndevor Systems Ltd : Phorest Australia,11010 Accounts Receivable : Trade Debtors,AUD,1.0,561.17,10130 Bank : CB current a/c AU$ # 411110236694,Australia,CARDSUCCESS,DDCARD PAYMENT:MESDDD2YSCEJQX47R1162,2.0,,ch_3SIA0jLrnBTnlT7b15wD3PXL,CPMT: 41807-DDI00089,CPMT: 41807-DDI00089-14/10/2025,
14/10/2025,39101,39101-DDI00069,Ndevor Systems Ltd : Phorest Australia,11010 Accounts Receivable : Trade Debtors,AUD,1.0,339.9,10130 Bank : CB current a/c AU$ # 411110236694,Australia,CARDSUCCESS,DDCARD PAYMENT:MESDDDN28G672WUN50392,2.0,,ch_3SI9ypLrnBTnlT7b1qxXYnmG,CPMT: 39101-DDI00069,CPMT: 39101-DDI00069-14/10/2025,
14/10/2025,40498,40498-DDI00070,Ndevor Systems Ltd : Phorest Australia,11010 Accounts Receivable : Trade Debtors,AUD,1.0,317.9,10130 Bank : CB current a/c AU$ # 411110236694,Australia,CARDSUCCESS,DDCARD PAYMENT:MESDDDL378LRDA3M75KKM,2.0,,ch_3SI9ztLrnBTnlT7b16XNh1DU,CPMT: 40498-DDI00070,CPMT: 40498-DDI00070-14/10/2025,
14/10/2025,40437,40437-DDI00047,Ndevor Systems Ltd : Phorest Australia,11010 Accounts Receivable : Trade Debtors,AUD,1.0,229.79,10130 Bank : CB current a/c AU$ # 411110236694,Australia,CARDSUCCESS,DDCARD PAYMENT:MESDDDWNU46378KZG517P,2.0,,ch_3SI9zqLrnBTnlT7b1BiYnqiO,CPMT: 40437-DDI00047,CPMT: 40437-DDI00047-14/10/2025,
14/10/2025,40932,40932-DDI00086,Ndevor Systems Ltd : Phorest Australia,11010 Accounts Receivable : Trade Debtors,AUD,1.0,382.33,10130 Bank : CB current a/c AU$ # 411110236694,Australia,CARDSUCCESS,DDCARD PAYMENT:MESDDDM9NJNXH6F31YP93,2.0,,ch_3SIA0JLrnBTnlT7b1NyxTf15,CPMT: 40932-DDI00086,CPMT: 40932-DDI00086-14/10/2025,
14/10/2025,40014,40014-DDI00095,Ndevor Systems Ltd : Phorest Australia,11010 Accounts Receivable : Trade Debtors,AUD,1.0,278.15,10130 Bank : CB current a/c AU$ # 411110236694,Australia,CARDSUCCESS,DDCARD PAYMENT:MESDDD496X01Z519E2DX3,2.0,,ch_3SI9zjLrnBTnlT7b0sH5mB2x,CPMT: 40014-DDI00095,CPMT: 40014-DDI00095-14/10/2025,
14/10/2025,40292,40292-DDI00091,Ndevor Systems Ltd : Phorest Australia,11010 Accounts Receivable : Trade Debtors,AUD,1.0,207.77,10130 Bank : CB current a/c AU$ # 411110236694,Australia,CARDSUCCESS,DDCARD PAYMENT:MESDDD4ZAD32Q9LPFRQ7S,2.0,,ch_3SI9zoLrnBTnlT7b0PGNz7sO,CPMT: 40292-DDI00091,CPMT: 40292-DDI00091-14/10/2025,
14/10/2025,39129,39129-DDI00094,Ndevor Systems Ltd : Phorest Australia,11010 Accounts Receivable : Trade Debtors,AUD,1.0,317.9,10130 Bank : CB current a/c AU$ # 411110236694,Australia,CARDSUCCESS,DDCARD PAYMENT:MESDDDQVAA5N2R1WZFU03,2.0,,ch_3SI9ywLrnBTnlT7b1TGCC1Zs,CPMT: 39129-DDI00094,CPMT: 39129-DDI00094-14/10/2025,
14/10/2025,39210,39210-DDI00101,Ndevor Systems Ltd : Phorest Australia,11010 Accounts Receivable : Trade Debtors,AUD,1.0,317.9,10130 Bank : CB current a/c AU$ # 411110236694,Australia,CARDSUCCESS,DDCARD PAYMENT:MESDDDX95544347L1I0L0,2.0,,ch_3SI9yyLrnBTnlT7b0uB2YQxD,CPMT: 39210-DDI00101,CPMT: 39210-DDI00101-14/10/2025,
14/10/2025,39233,39233-DDI00052,Ndevor Systems Ltd : Phorest Australia,11010 Accounts Receivable : Trade Debtors,AUD,1.0,387.84,10130 Bank : CB current a/c AU$ # 411110236694,Australia,CARDSUCCESS,DDCARD PAYMENT:MESDDD8905RPD94ZUXRQ8,2.0,,ch_3SI9z0LrnBTnlT7b0bxDosHA,CPMT: 39233-DDI00052,CPMT: 39233-DDI00052-14/10/2025,
14/10/2025,39239,39239-DDI00098,Ndevor Systems Ltd : Phorest Australia,11010 Accounts Receivable : Trade Debtors,AUD,1.0,458.46,10130 Bank : CB current a/c AU$ # 411110236694,Australia,CARDSUCCESS,DDCARD PAYMENT:MESDDD14HG3XIQDM61I55,2.0,,ch_3SI9z3LrnBTnlT7b0ZVtceGE,CPMT: 39239-DDI00098,CPMT: 39239-DDI00098-14/10/2025,
14/10/2025,39287,39287-DDI00049,Ndevor Systems Ltd : Phorest Australia,11010 Accounts Receivable : Trade Debtors,AUD,1.0,185.9,10130 Bank : CB current a/c AU$ # 411110236694,Australia,CARDSUCCESS,DDCARD PAYMENT:MESDDD283D83U66R3NVUG,2.0,,ch_3SI9z5LrnBTnlT7b159kralI,CPMT: 39287-DDI00049,CPMT: 39287-DDI00049-14/10/2025,
14/10/2025,39472,39472-DDI00097,Ndevor Systems Ltd : Phorest Australia,11010 Accounts Receivable : Trade Debtors,AUD,1.0,156.02,10130 Bank : CB current a/c AU$ # 411110236694,Australia,CARDSUCCESS,DDCARD PAYMENT:MESDDD49P043TV865VPV9,2.0,,ch_3SI9zALrnBTnlT7b10dJJfCo,CPMT: 39472-DDI00097,CPMT: 39472-DDI00097-14/10/2025,
14/10/2025,39620,39620-DDI00049,Ndevor Systems Ltd : Phorest Australia,11010 Accounts Receivable : Trade Debtors,AUD,1.0,317.9,10130 Bank : CB current a/c AU$ # 411110236694,Australia,CARDSUCCESS,DDCARD PAYMENT:MESDDD9NOXBYQM2793S43,2.0,,ch_3SI9zJLrnBTnlT7b1Lb0abyD,CPMT: 39620-DDI00049,CPMT: 39620-DDI00049-14/10/2025,
14/10/2025,39621,39621-DDI00049,Ndevor Systems Ltd : Phorest Australia,11010 Accounts Receivable : Trade Debtors,AUD,1.0,317.9,10130 Bank : CB current a/c AU$ # 411110236694,Australia,CARDSUCCESS,DDCARD PAYMENT:MESDDDKAP0O34F18339GG,2.0,,ch_3SI9zLLrnBTnlT7b0Bjs9s6D,CPMT: 39621-DDI00049,CPMT: 39621-DDI00049-14/10/2025,
14/10/2025,39635,39635-DDI00095,Ndevor Systems Ltd : Phorest Australia,11010 Accounts Receivable : Trade Debtors,AUD,1.0,317.9,10130 Bank : CB current a/c AU$ # 411110236694,Australia,CARDSUCCESS,DDCARD PAYMENT:MESDDDEK60R911944S0J9,2.0,,ch_3SI9zNLrnBTnlT7b1LPljAdU,CPMT: 39635-DDI00095,CPMT: 39635-DDI00095-14/10/2025,
14/10/2025,39325,39325-DDI00073,Ndevor Systems Ltd : Phorest Australia,11010 Accounts Receivable : Trade Debtors,AUD,1.0,334.92,10130 Bank : CB current a/c AU$ # 411110236694,Australia,CARDSUCCESS,DDCARD PAYMENT:MESDDDRNS7F3615714UKG,2.0,,ch_3SI9z7LrnBTnlT7b0c6beobw,CPMT: 39325-DDI00073,CPMT: 39325-DDI00073-14/10/2025,
14/10/2025,39679,39679-DDI00059,Ndevor Systems Ltd : Phorest Australia,11010 Accounts Receivable : Trade Debtors,AUD,1.0,342.68,10130 Bank : CB current a/c AU$ # 411110236694,Australia,CARDSUCCESS,DDCARD PAYMENT:MESDDD030R351D67Q6G0S,2.0,,ch_3SI9zQLrnBTnlT7b18HPOXYh,CPMT: 39679-DDI00059,CPMT: 39679-DDI00059-14/10/2025,
14/10/2025,39997,39997-DDI00048,Ndevor Systems Ltd : Phorest Australia,11010 Accounts Receivable : Trade Debtors,AUD,1.0,317.9,10130 Bank : CB current a/c AU$ # 411110236694,Australia,CARDSUCCESS,DDCARD PAYMENT:MESDDD7K107Q5B3H9DT95,2.0,,ch_3SI9zhLrnBTnlT7b1bI9kThV,CPMT: 39997-DDI00048,CPMT: 39997-DDI00048-14/10/2025,
14/10/2025,39786,39786-DDI00094,Ndevor Systems Ltd : Phorest Australia,11010 Accounts Receivable : Trade Debtors,AUD,1.0,317.9,10130 Bank : CB current a/c AU$ # 411110236694,Australia,CARDSUCCESS,DDCARD PAYMENT:MESDDDNMX85B61HS24Y1R,2.0,,ch_3SI9zcLrnBTnlT7b1lvK9xJR,CPMT: 39786-DDI00094,CPMT: 39786-DDI00094-14/10/2025,
14/10/2025,39759,39759-DDI00088,Ndevor Systems Ltd : Phorest Australia,11010 Accounts Receivable : Trade Debtors,AUD,1.0,396.73,10130 Bank : CB current a/c AU$ # 411110236694,Australia,CARDSUCCESS,DDCARD PAYMENT:MESDDDXJ138WOC2JK76QD,2.0,,ch_3SI9zaLrnBTnlT7b1zL2gEi1,CPMT: 39759-DDI00088,CPMT: 39759-DDI00088-14/10/2025,
14/10/2025,39758,39758-DDI00095,Ndevor Systems Ltd : Phorest Australia,11010 Accounts Receivable : Trade Debtors,AUD,1.0,97.9,10130 Bank : CB current a/c AU$ # 411110236694,Australia,CARDSUCCESS,DDCARD PAYMENT:MESDDDZI916A5EVNQ6H24,2.0,,ch_3SI9zXLrnBTnlT7b1O0YVIqo,CPMT: 39758-DDI00095,CPMT: 39758-DDI00095-14/10/2025,
14/10/2025,39822,39822-DDI00096,Ndevor Systems Ltd : Phorest Australia,11010 Accounts Receivable : Trade Debtors,AUD,1.0,277.69,10130 Bank : CB current a/c AU$ # 411110236694,Australia,CARDSUCCESS,DDCARD PAYMENT:MESDDDQ0VF5B7Z153SF05,2.0,,ch_3SI9zeLrnBTnlT7b0rqZNZSL,CPMT: 39822-DDI00096,CPMT: 39822-DDI00096-14/10/2025,
14/10/2025,39733,39733-DDI00070,Ndevor Systems Ltd : Phorest Australia,11010 Accounts Receivable : Trade Debtors,AUD,1.0,501.72,10130 Bank : CB current a/c AU$ # 411110236694,Australia,CARDSUCCESS,DDCARD PAYMENT:MESDDD3A49N8NB1F7T61Q,2.0,,ch_3SI9zVLrnBTnlT7b0XF029aY,CPMT: 39733-DDI00070,CPMT: 39733-DDI00070-14/10/2025,
14/10/2025,39693,39693-DDI00095,Ndevor Systems Ltd : Phorest Australia,11010 Accounts Receivable : Trade Debtors,AUD,1.0,317.9,10130 Bank : CB current a/c AU$ # 411110236694,Australia,CARDSUCCESS,DDCARD PAYMENT:MESDDD6815394EZLVQ7A0,2.0,,ch_3SI9zTLrnBTnlT7b1mTHZD7O,CPMT: 39693-DDI00095,CPMT: 39693-DDI00095-14/10/2025,
14/10/2025,39128,39128-DDI00099,Ndevor Systems Ltd : Phorest Australia,11010 Accounts Receivable : Trade Debtors,AUD,1.0,433.4,10130 Bank : CB current a/c AU$ # 411110236694,Australia,CARDSUCCESS,DDCARD PAYMENT:MESDDD6EPX84841N7E562,2.0,,ch_3SI9ytLrnBTnlT7b1d3EJrB6,CPMT: 39128-DDI00099,CPMT: 39128-DDI00099-14/10/2025,
15/10/2025,62103,62103-DDI00031,Ndevor Systems Ltd : Phorest Australia,11010 Accounts Receivable : Trade Debtors,AUD,1.0,352.68,10130 Bank : CB current a/c AU$ # 411110236694,Australia,CARDSUCCESS,DDCARD PAYMENT:MES103248880480466545,2.0,,ch_3SIR2ULrnBTnlT7b1H8XiRaH,CPMT: 62103-DDI00031,CPMT: 62103-DDI00031-15/10/2025,
15/10/2025,77662,77662-DDI00017,Ndevor Systems Ltd : Phorest Australia,11010 Accounts Receivable : Trade Debtors,AUD,1.0,506.2,10130 Bank : CB current a/c AU$ # 411110236694,Australia,CARDSUCCESS,DDCARD PAYMENT:MES259345107818155632,2.0,,ch_3SIR35LrnBTnlT7b0mBoyJbA,CPMT: 77662-DDI00017,CPMT: 77662-DDI00017-15/10/2025,
15/10/2025,60518,60518-DDI00033,Ndevor Systems Ltd : Phorest Australia,11010 Accounts Receivable : Trade Debtors,AUD,1.0,448.32,10130 Bank : CB current a/c AU$ # 411110236694,Australia,CARDSUCCESS,DDCARD PAYMENT:MES404058393957032004,2.0,,ch_3SIR2MLrnBTnlT7b1tL5ZV3O,CPMT: 60518-DDI00033,CPMT: 60518-DDI00033-15/10/2025,
15/10/2025,63678,63678-DDI00027,Ndevor Systems Ltd : Phorest Australia,11010 Accounts Receivable : Trade Debtors,AUD,1.0,591.5,10130 Bank : CB current a/c AU$ # 411110236694,Australia,CARDSUCCESS,DDCARD PAYMENT:MES465538576850121805,2.0,,ch_3SIR2bLrnBTnlT7b0dYXmyrg,CPMT: 63678-DDI00027,CPMT: 63678-DDI00027-15/10/2025,
15/10/2025,70110,70110-DDI00013,Ndevor Systems Ltd : Phorest Australia,11010 Accounts Receivable : Trade Debtors,AUD,1.0,193.29,10130 Bank : CB current a/c AU$ # 411110236694,Australia,CARDSUCCESS,DDCARD PAYMENT:MES588637131950105750,2.0,,ch_3SIR2jLrnBTnlT7b0DC0IOry,CPMT: 70110-DDI00013,CPMT: 70110-DDI00013-15/10/2025,
15/10/2025,71148,71148-DDI00024,Ndevor Systems Ltd : Phorest Australia,11010 Accounts Receivable : Trade Debtors,AUD,1.0,729.29,10130 Bank : CB current a/c AU$ # 411110236694,Australia,CARDSUCCESS,DDCARD PAYMENT:MES323878612858535699,2.0,,ch_3SIR2lLrnBTnlT7b1BSG3CVm,CPMT: 71148-DDI00024,CPMT: 71148-DDI00024-15/10/2025,
15/10/2025,72927,72927-DDI00026,Ndevor Systems Ltd : Phorest Australia,11010 Accounts Receivable : Trade Debtors,AUD,1.0,559.21,10130 Bank : CB current a/c AU$ # 411110236694,Australia,CARDSUCCESS,DDCARD PAYMENT:MES556325363534251445,2.0,,ch_3SIR2uLrnBTnlT7b1OjJqNxD,CPMT: 72927-DDI00026,CPMT: 72927-DDI00026-15/10/2025,
15/10/2025,74859,74859-DDI00020,Ndevor Systems Ltd : Phorest Australia,11010 Accounts Receivable : Trade Debtors,AUD,1.0,462.92,10130 Bank : CB current a/c AU$ # 411110236694,Australia,CARDSUCCESS,DDCARD PAYMENT:MES717436317701870015,2.0,,ch_3SIR2xLrnBTnlT7b1hARnQp3,CPMT: 74859-DDI00020,CPMT: 74859-DDI00020-15/10/2025,
15/10/2025,76835,76835-DDI00019,Ndevor Systems Ltd : Phorest Australia,11010 Accounts Receivable : Trade Debtors,AUD,1.0,750.79,10130 Bank : CB current a/c AU$ # 411110236694,Australia,CARDSUCCESS,DDCARD PAYMENT:MES128331815937648861,2.0,,ch_3SIR32LrnBTnlT7b1fpmEW8i,CPMT: 76835-DDI00019,CPMT: 76835-DDI00019-15/10/2025,
15/10/2025,58355,58355-DDI00039,Ndevor Systems Ltd : Phorest Australia,11010 Accounts Receivable : Trade Debtors,AUD,1.0,204.51,10130 Bank : CB current a/c AU$ # 411110236694,Australia,CARDSUCCESS,DDCARD PAYMENT:MES098359594435817618,2.0,,ch_3SIR2DLrnBTnlT7b01GTA5cu,CPMT: 58355-DDI00039,CPMT: 58355-DDI00039-15/10/2025,
15/10/2025,93579,93579-DDI00005,Ndevor Systems Ltd : Phorest Australia,11010 Accounts Receivable : Trade Debtors,AUD,1.0,840.0,10130 Bank : CB current a/c AU$ # 411110236694,Australia,CARDSUCCESS,DDCARD PAYMENT:MES123043176265794235,2.0,,ch_3SIQzMLrnBTnlT7b0oti1PFt,CPMT: 93579-DDI00005,CPMT: 93579-DDI00005-15/10/2025,
15/10/2025,83049,83049-DDI00012,Ndevor Systems Ltd : Phorest Australia,11010 Accounts Receivable : Trade Debtors,AUD,1.0,450.22,10130 Bank : CB current a/c AU$ # 411110236694,Australia,CARDSUCCESS,DDCARD PAYMENT:MES919058033603181242,2.0,,ch_3SIR3OLrnBTnlT7b1zdk3uul,CPMT: 83049-DDI00012,CPMT: 83049-DDI00012-15/10/2025,
15/10/2025,87086,87086-DDI00008,Ndevor Systems Ltd : Phorest Australia,11010 Accounts Receivable : Trade Debtors,AUD,1.0,360.8,10130 Bank : CB current a/c AU$ # 411110236694,Australia,CARDSUCCESS,DDCARD PAYMENT:MES319504286914535189,2.0,,ch_3SIR3ULrnBTnlT7b1uCP3CpX,CPMT: 87086-DDI00008,CPMT: 87086-DDI00008-15/10/2025,
15/10/2025,87774,87774-DDI00006,Ndevor Systems Ltd : Phorest Australia,11010 Accounts Receivable : Trade Debtors,AUD,1.0,446.73,10130 Bank : CB current a/c AU$ # 411110236694,Australia,CARDSUCCESS,DDCARD PAYMENT:MES532574832528777361,2.0,,ch_3SIR3YLrnBTnlT7b1d6WX5kk,CPMT: 87774-DDI00006,CPMT: 87774-DDI00006-15/10/2025,
15/10/2025,90982,90982-DDI00005,Ndevor Systems Ltd : Phorest Australia,11010 Accounts Receivable : Trade Debtors,AUD,1.0,369.09,10130 Bank : CB current a/c AU$ # 411110236694,Australia,CARDSUCCESS,DDCARD PAYMENT:MES404219755185592803,2.0,,ch_3SIR3eLrnBTnlT7b0YwVtJlA,CPMT: 90982-DDI00005,CPMT: 90982-DDI00005-15/10/2025,
15/10/2025,90987,90987-DDI00006,Ndevor Systems Ltd : Phorest Australia,11010 Accounts Receivable : Trade Debtors,AUD,1.0,625.21,10130 Bank : CB current a/c AU$ # 411110236694,Australia,CARDSUCCESS,DDCARD PAYMENT:MES032364865685597639,2.0,,ch_3SIR3hLrnBTnlT7b0eMlT53w,CPMT: 90987-DDI00006,CPMT: 90987-DDI00006-15/10/2025,
15/10/2025,93581,93581-DDI00005,Ndevor Systems Ltd : Phorest Australia,11010 Accounts Receivable : Trade Debtors,AUD,1.0,819.91,10130 Bank : CB current a/c AU$ # 411110236694,Australia,CARDSUCCESS,DDCARD PAYMENT:MES445686104099527232,2.0,,ch_3SIR3mLrnBTnlT7b1dBG7E4z,CPMT: 93581-DDI00005,CPMT: 93581-DDI00005-15/10/2025,
15/10/2025,101196,101196-TBN00001,Ndevor Systems Ltd : Phorest Australia,11010 Accounts Receivable : Trade Debtors,AUD,1.0,764.5,10130 Bank : CB current a/c AU$ # 411110236694,Australia,CARDSUCCESS,CARD PAYMENT : paysignupbycard,2.0,,ch_3SIMLMLrnBTnlT7b1OKv39hC,CPMT: 101196-TBN00001,CPMT: 101196-TBN00001-15/10/2025,
15/10/2025,101198,101198-TBN00001,Ndevor Systems Ltd : Phorest Australia,11010 Accounts Receivable : Trade Debtors,AUD,1.0,382.25,10130 Bank : CB current a/c AU$ # 411110236694,Australia,CARDSUCCESS,CARD PAYMENT : paysignupbycard,2.0,,ch_3SIOTuLrnBTnlT7b0M6QfgaW,CPMT: 101198-TBN00001,CPMT: 101198-TBN00001-15/10/2025,
15/10/2025,17560,17560-DDI00141,Ndevor Systems Ltd : Phorest Australia,11010 Accounts Receivable : Trade Debtors,AUD,1.0,3421.06,10130 Bank : CB current a/c AU$ # 411110236694,Australia,CARDSUCCESS,DDCARD PAYMENT:MES806370375615362172,2.0,,ch_3SIQzRLrnBTnlT7b1NLaZHeQ,CPMT: 17560-DDI00141,CPMT: 17560-DDI00141-15/10/2025,
15/10/2025,58126,58126-DDI00035,Ndevor Systems Ltd : Phorest Australia,11010 Accounts Receivable : Trade Debtors,AUD,1.0,190.92,10130 Bank : CB current a/c AU$ # 411110236694,Australia,CARDSUCCESS,DDCARD PAYMENT:MES782242887034693679,2.0,,ch_3SIR2BLrnBTnlT7b1Pl7wbrJ,CPMT: 58126-DDI00035,CPMT: 58126-DDI00035-15/10/2025,
15/10/2025,18303,18303-DDI00151,Ndevor Systems Ltd : Phorest Australia,11010 Accounts Receivable : Trade Debtors,AUD,1.0,636.24,10130 Bank : CB current a/c AU$ # 411110236694,Australia,CARDSUCCESS,DDCARD PAYMENT:MES715839616090119663,2.0,,ch_3SIQzTLrnBTnlT7b0rtLj1Sj,CPMT: 18303-DDI00151,CPMT: 18303-DDI00151-15/10/2025,
15/10/2025,80158,80158-DDI00013,Ndevor Systems Ltd : Phorest Australia,11010 Accounts Receivable : Trade Debtors,AUD,1.0,338.57,10130 Bank : CB current a/c AU$ # 411110236694,Australia,CARDSUCCESS,DDCARD PAYMENT:MES301258570604290477,2.0,,ch_3SIR3CLrnBTnlT7b0spA8JEL,CPMT: 80158-DDI00013,CPMT: 80158-DDI00013-15/10/2025,
15/10/2025,57240,57240-DDI00045,Ndevor Systems Ltd : Phorest Australia,11010 Accounts Receivable : Trade Debtors,AUD,1.0,142.78,10130 Bank : CB current a/c AU$ # 411110236694,Australia,CARDSUCCESS,DDCARD PAYMENT:MES816771219956232714,2.0,,ch_3SIR26LrnBTnlT7b1S3pA9st,CPMT: 57240-DDI00045,CPMT: 57240-DDI00045-15/10/2025,
15/10/2025,43956,43956-DDI00042,Ndevor Systems Ltd : Phorest Australia,11010 Accounts Receivable : Trade Debtors,AUD,1.0,125.4,10130 Bank : CB current a/c AU$ # 411110236694,Australia,CARDSUCCESS,DDCARD PAYMENT:MES247501160741239733,2.0,,ch_3SIR16LrnBTnlT7b01woSISa,CPMT: 43956-DDI00042,CPMT: 43956-DDI00042-15/10/2025,
15/10/2025,53882,53882-DDI00048,Ndevor Systems Ltd : Phorest Australia,11010 Accounts Receivable : Trade Debtors,AUD,1.0,351.03,10130 Bank : CB current a/c AU$ # 411110236694,Australia,CARDSUCCESS,DDCARD PAYMENT:MES296985873653574481,2.0,,ch_3SIR21LrnBTnlT7b0vsViH2r,CPMT: 53882-DDI00048,CPMT: 53882-DDI00048-15/10/2025,
15/10/2025,24317,24317-DDI00082,Ndevor Systems Ltd : Phorest Australia,11010 Accounts Receivable : Trade Debtors,AUD,1.0,213.4,10130 Bank : CB current a/c AU$ # 411110236694,Australia,CARDSUCCESS,DDCARD PAYMENT:MES983020135341714798,2.0,,ch_3SIQznLrnBTnlT7b1uleZtiV,CPMT: 24317-DDI00082,CPMT: 24317-DDI00082-15/10/2025,
15/10/2025,18944,18944-DDI00139,Ndevor Systems Ltd : Phorest Australia,11010 Accounts Receivable : Trade Debtors,AUD,1.0,543.71,10130 Bank : CB current a/c AU$ # 411110236694,Australia,CARDSUCCESS,DDCARD PAYMENT:MES378091104678766564,2.0,,ch_3SIQzYLrnBTnlT7b0Ba8AJPe,CPMT: 18944-DDI00139,CPMT: 18944-DDI00139-15/10/2025,
15/10/2025,29026,29026-DDI00107,Ndevor Systems Ltd : Phorest Australia,11010 Accounts Receivable : Trade Debtors,AUD,1.0,202.99,10130 Bank : CB current a/c AU$ # 411110236694,Australia,CARDSUCCESS,DDCARD PAYMENT:MES141352141862670263,2.0,,ch_3SIQzxLrnBTnlT7b0fJgzN2Z,CPMT: 29026-DDI00107,CPMT: 29026-DDI00107-15/10/2025,
15/10/2025,31174,31174-DDI00087,Ndevor Systems Ltd : Phorest Australia,11010 Accounts Receivable : Trade Debtors,AUD,1.0,467.95,10130 Bank : CB current a/c AU$ # 411110236694,Australia,CARDSUCCESS,DDCARD PAYMENT:MES235651497344099252,2.0,,ch_3SIR0LLrnBTnlT7b0m3BacL5,CPMT: 31174-DDI00087,CPMT: 31174-DDI00087-15/10/2025,
15/10/2025,31869,31869-DDI00130,Ndevor Systems Ltd : Phorest Australia,11010 Accounts Receivable : Trade Debtors,AUD,1.0,218.86,10130 Bank : CB current a/c AU$ # 411110236694,Australia,CARDSUCCESS,DDCARD PAYMENT:MES798857298793482574,2.0,,ch_3SIR0QLrnBTnlT7b0KuioXZS,CPMT: 31869-DDI00130,CPMT: 31869-DDI00130-15/10/2025,
15/10/2025,56912,56912-DDI00042,Ndevor Systems Ltd : Phorest Australia,11010 Accounts Receivable : Trade Debtors,AUD,1.0,130.9,10130 Bank : CB current a/c AU$ # 411110236694,Australia,CARDSUCCESS,DDCARD PAYMENT:MES719901905248920806,2.0,,ch_3SIR23LrnBTnlT7b0z94tf5v,CPMT: 56912-DDI00042,CPMT: 56912-DDI00042-15/10/2025,
15/10/2025,32005,32005-DDI00102,Ndevor Systems Ltd : Phorest Australia,11010 Accounts Receivable : Trade Debtors,AUD,1.0,444.58,10130 Bank : CB current a/c AU$ # 411110236694,Australia,CARDSUCCESS,DDCARD PAYMENT:MES288024195917751931,2.0,,ch_3SIR0TLrnBTnlT7b1dzh7civ,CPMT: 32005-DDI00102,CPMT: 32005-DDI00102-15/10/2025,
15/10/2025,35694,35694-DDI00054,Ndevor Systems Ltd : Phorest Australia,11010 Accounts Receivable : Trade Debtors,AUD,1.0,328.47,10130 Bank : CB current a/c AU$ # 411110236694,Australia,CARDSUCCESS,DDCARD PAYMENT:MES839290775930825761,2.0,,ch_3SIR0gLrnBTnlT7b1DSCKYKw,CPMT: 35694-DDI00054,CPMT: 35694-DDI00054-15/10/2025,
15/10/2025,36722,36722-DDI00094,Ndevor Systems Ltd : Phorest Australia,11010 Accounts Receivable : Trade Debtors,AUD,1.0,410.65,10130 Bank : CB current a/c AU$ # 411110236694,Australia,CARDSUCCESS,DDCARD PAYMENT:MES616817113539019790,2.0,,ch_3SIR0iLrnBTnlT7b0nH1TMiC,CPMT: 36722-DDI00094,CPMT: 36722-DDI00094-15/10/2025,
15/10/2025,36835,36835-DDI00106,Ndevor Systems Ltd : Phorest Australia,11010 Accounts Receivable : Trade Debtors,AUD,1.0,564.22,10130 Bank : CB current a/c AU$ # 411110236694,Australia,CARDSUCCESS,DDCARD PAYMENT:MES139846454309373384,2.0,,ch_3SIR0lLrnBTnlT7b0OGzPEew,CPMT: 36835-DDI00106,CPMT: 36835-DDI00106-15/10/2025,
15/10/2025,38439,38439-DDI00086,Ndevor Systems Ltd : Phorest Australia,11010 Accounts Receivable : Trade Debtors,AUD,1.0,383.9,10130 Bank : CB current a/c AU$ # 411110236694,Australia,CARDSUCCESS,DDCARD PAYMENT:MES853271249110507325,2.0,,ch_3SIR0qLrnBTnlT7b1sFsFF3T,CPMT: 38439-DDI00086,CPMT: 38439-DDI00086-15/10/2025,
15/10/2025,24273,24273-DDI00132,Ndevor Systems Ltd : Phorest Australia,11010 Accounts Receivable : Trade Debtors,AUD,1.0,460.76,10130 Bank : CB current a/c AU$ # 411110236694,Australia,CARDSUCCESS,DDCARD PAYMENT:MES941500700292122595,2.0,,ch_3SIQzlLrnBTnlT7b1WPlhUXU,CPMT: 24273-DDI00132,CPMT: 24273-DDI00132-15/10/2025,
15/10/2025,38462,38462-DDI00078,Ndevor Systems Ltd : Phorest Australia,11010 Accounts Receivable : Trade Debtors,AUD,1.0,2357.52,10130 Bank : CB current a/c AU$ # 411110236694,Australia,CARDSUCCESS,DDCARD PAYMENT:MES657952304817774592,2.0,,ch_3SIR0xLrnBTnlT7b0qvCk1HS,CPMT: 38462-DDI00078,CPMT: 38462-DDI00078-15/10/2025,
15/10/2025,38454,38454-DDI00070,Ndevor Systems Ltd : Phorest Australia,11010 Accounts Receivable : Trade Debtors,AUD,1.0,383.9,10130 Bank : CB current a/c AU$ # 411110236694,Australia,CARDSUCCESS,DDCARD PAYMENT:MES015082043209381039,2.0,,ch_3SIR0sLrnBTnlT7b1pz9CQB7,CPMT: 38454-DDI00070,CPMT: 38454-DDI00070-15/10/2025,
15/10/2025,50681,50681-DDI00055,Ndevor Systems Ltd : Phorest Australia,11010 Accounts Receivable : Trade Debtors,AUD,1.0,349.26,10130 Bank : CB current a/c AU$ # 411110236694,Australia,CARDSUCCESS,DDCARD PAYMENT:MES650405059865030123,2.0,,ch_3SIR1eLrnBTnlT7b0tHsyLED,CPMT: 50681-DDI00055,CPMT: 50681-DDI00055-15/10/2025,
15/10/2025,51843,51843-DDI00055,Ndevor Systems Ltd : Phorest Australia,11010 Accounts Receivable : Trade Debtors,AUD,1.0,505.56,10130 Bank : CB current a/c AU$ # 411110236694,Australia,CARDSUCCESS,DDCARD PAYMENT:MES529022795264091066,2.0,,ch_3SIR1lLrnBTnlT7b1ftiyZMh,CPMT: 51843-DDI00055,CPMT: 51843-DDI00055-15/10/2025,
15/10/2025,52506,52506-DDI00053,Ndevor Systems Ltd : Phorest Australia,11010 Accounts Receivable : Trade Debtors,AUD,1.0,316.62,10130 Bank : CB current a/c AU$ # 411110236694,Australia,CARDSUCCESS,DDCARD PAYMENT:MES573905894697663724,2.0,,ch_3SIR1qLrnBTnlT7b1JAdos9a,CPMT: 52506-DDI00053,CPMT: 52506-DDI00053-15/10/2025,
15/10/2025,53318,53318-DDI00051,Ndevor Systems Ltd : Phorest Australia,11010 Accounts Receivable : Trade Debtors,AUD,1.0,307.12,10130 Bank : CB current a/c AU$ # 411110236694,Australia,CARDSUCCESS,DDCARD PAYMENT:MES436983537461259259,2.0,,ch_3SIR1vLrnBTnlT7b0HmoeR2F,CPMT: 53318-DDI00051,CPMT: 53318-DDI00051-15/10/2025,
15/10/2025,48202,48202-DDI00062,Ndevor Systems Ltd : Phorest Australia,11010 Accounts Receivable : Trade Debtors,AUD,1.0,390.46,10130 Bank : CB current a/c AU$ # 411110236694,Australia,CARDSUCCESS,DDCARD PAYMENT:MES728514613591681802,2.0,,ch_3SIR1XLrnBTnlT7b1A4hpFVY,CPMT: 48202-DDI00062,CPMT: 48202-DDI00062-15/10/2025,
15/10/2025,47492,47492-DDI00058,Ndevor Systems Ltd : Phorest Australia,11010 Accounts Receivable : Trade Debtors,AUD,1.0,189.12,10130 Bank : CB current a/c AU$ # 411110236694,Australia,CARDSUCCESS,DDCARD PAYMENT:MES328069275441648913,2.0,,ch_3SIR1ULrnBTnlT7b0PIYFhR0,CPMT: 47492-DDI00058,CPMT: 47492-DDI00058-15/10/2025,
15/10/2025,46524,46524-DDI00073,Ndevor Systems Ltd : Phorest Australia,11010 Accounts Receivable : Trade Debtors,AUD,1.0,388.12,10130 Bank : CB current a/c AU$ # 411110236694,Australia,CARDSUCCESS,DDCARD PAYMENT:MES969311672659685295,2.0,,ch_3SIR1NLrnBTnlT7b02nF9srb,CPMT: 46524-DDI00073,CPMT: 46524-DDI00073-15/10/2025,
15/10/2025,44905,44905-DDI00078,Ndevor Systems Ltd : Phorest Australia,11010 Accounts Receivable : Trade Debtors,AUD,1.0,489.08,10130 Bank : CB current a/c AU$ # 411110236694,Australia,CARDSUCCESS,DDCARD PAYMENT:MES949373934030232540,2.0,,ch_3SIR1DLrnBTnlT7b0E3IEDMK,CPMT: 44905-DDI00078,CPMT: 44905-DDI00078-15/10/2025,
15/10/2025,44901,44901-DDI00079,Ndevor Systems Ltd : Phorest Australia,11010 Accounts Receivable : Trade Debtors,AUD,1.0,539.9,10130 Bank : CB current a/c AU$ # 411110236694,Australia,CARDSUCCESS,DDCARD PAYMENT:MES563286138159845661,2.0,,ch_3SIR1BLrnBTnlT7b0G9ggsyf,CPMT: 44901-DDI00079,CPMT: 44901-DDI00079-15/10/2025,
15/10/2025,53881,53881-DDI00049,Ndevor Systems Ltd : Phorest Australia,11010 Accounts Receivable : Trade Debtors,AUD,1.0,312.51,10130 Bank : CB current a/c AU$ # 411110236694,Australia,CARDSUCCESS,DDCARD PAYMENT:MES235930566916722602,2.0,,ch_3SIR1zLrnBTnlT7b1pw6UBvb,CPMT: 53881-DDI00049,CPMT: 53881-DDI00049-15/10/2025,
16/10/2025,94583,94583-DDI00001,Ndevor Systems Ltd : Phorest Australia,11010 Accounts Receivable : Trade Debtors,AUD,1.0,42.9,10130 Bank : CB current a/c AU$ # 411110236694,Australia,CARDSUCCESS,DDCARD PAYMENT:MES012841931346050890,2.0,,ch_3SInLlLrnBTnlT7b0vBFRw5i,CPMT: 94583-DDI00001,CPMT: 94583-DDI00001-16/10/2025,
16/10/2025,51880,51880-DDI00056,Ndevor Systems Ltd : Phorest Australia,11010 Accounts Receivable : Trade Debtors,AUD,1.0,621.39,10130 Bank : CB current a/c AU$ # 411110236694,Australia,CARDSUCCESS,CARD PAYMENT,2.0,,ch_3SJ0OsLrnBTnlT7b0zVM6y7N,CPMT: 51880-DDI00056,CPMT: 51880-DDI00056-16/10/2025,
16/10/2025,81924,81924-DDI00004,Ndevor Systems Ltd : Phorest Australia,11010 Accounts Receivable : Trade Debtors,AUD,1.0,3102.21,10130 Bank : CB current a/c AU$ # 411110236694,Australia,CARDSUCCESS,DDCARD PAYMENT:MES698505289125971342,2.0,,ch_3SInLVLrnBTnlT7b1bpVT260,CPMT: 81924-DDI00004,CPMT: 81924-DDI00004-16/10/2025,
16/10/2025,61293,61293-DDI00032,Ndevor Systems Ltd : Phorest Australia,11010 Accounts Receivable : Trade Debtors,AUD,1.0,293.39,10130 Bank : CB current a/c AU$ # 411110236694,Australia,CARDSUCCESS,DDCARD PAYMENT:MES343498478493289246,2.0,,ch_3SInL0LrnBTnlT7b0iJTPV4d,CPMT: 61293-DDI00032,CPMT: 61293-DDI00032-16/10/2025,
16/10/2025,79580,79580-DDI00014,Ndevor Systems Ltd : Phorest Australia,11010 Accounts Receivable : Trade Debtors,AUD,1.0,401.32,10130 Bank : CB current a/c AU$ # 411110236694,Australia,CARDSUCCESS,DDCARD PAYMENT:MES640724194741085812,2.0,,ch_3SInLOLrnBTnlT7b0gPI7jit,CPMT: 79580-DDI00014,CPMT: 79580-DDI00014-16/10/2025,
16/10/2025,73770,73770-DDI00021,Ndevor Systems Ltd : Phorest Australia,11010 Accounts Receivable : Trade Debtors,AUD,1.0,1192.02,10130 Bank : CB current a/c AU$ # 411110236694,Australia,CARDSUCCESS,DDCARD PAYMENT:MES600547017749364628,2.0,,ch_3SInLILrnBTnlT7b0BauxcWJ,CPMT: 73770-DDI00021,CPMT: 73770-DDI00021-16/10/2025,
16/10/2025,53038,53038-DDI00050,Ndevor Systems Ltd : Phorest Australia,11010 Accounts Receivable : Trade Debtors,AUD,1.0,325.97,10130 Bank : CB current a/c AU$ # 411110236694,Australia,CARDSUCCESS,DDCARD PAYMENT:MES704361287312110725,2.0,,ch_3SInKmLrnBTnlT7b0qASGdij,CPMT: 53038-DDI00050,CPMT: 53038-DDI00050-16/10/2025,
16/10/2025,45796,45796-DDI00075,Ndevor Systems Ltd : Phorest Australia,11010 Accounts Receivable : Trade Debtors,AUD,1.0,540.43,10130 Bank : CB current a/c AU$ # 411110236694,Australia,CARDSUCCESS,DDCARD PAYMENT:MES668267883384028510,2.0,,ch_3SInKQLrnBTnlT7b0TDgiqPC,CPMT: 45796-DDI00075,CPMT: 45796-DDI00075-16/10/2025,
16/10/2025,40173,40173-DDI00069,Ndevor Systems Ltd : Phorest Australia,11010 Accounts Receivable : Trade Debtors,AUD,1.0,383.9,10130 Bank : CB current a/c AU$ # 411110236694,Australia,CARDSUCCESS,DDCARD PAYMENT:MES767768078408037317,2.0,,ch_3SInKJLrnBTnlT7b1N7Yex3Q,CPMT: 40173-DDI00069,CPMT: 40173-DDI00069-16/10/2025,
16/10/2025,39475,39475-DDI00087,Ndevor Systems Ltd : Phorest Australia,11010 Accounts Receivable : Trade Debtors,AUD,1.0,411.96,10130 Bank : CB current a/c AU$ # 411110236694,Australia,CARDSUCCESS,DDCARD PAYMENT:MES558131224173965573,2.0,,ch_3SInKHLrnBTnlT7b0hrNV5Mc,CPMT: 39475-DDI00087,CPMT: 39475-DDI00087-16/10/2025,
16/10/2025,38457,38457-DDI00075,Ndevor Systems Ltd : Phorest Australia,11010 Accounts Receivable : Trade Debtors,AUD,1.0,383.9,10130 Bank : CB current a/c AU$ # 411110236694,Australia,CARDSUCCESS,DDCARD PAYMENT:MES161250264852633539,2.0,,ch_3SInKCLrnBTnlT7b0YSbfRMU,CPMT: 38457-DDI00075,CPMT: 38457-DDI00075-16/10/2025,
16/10/2025,26547,26547-DDI00127,Ndevor Systems Ltd : Phorest Australia,11010 Accounts Receivable : Trade Debtors,AUD,1.0,396.17,10130 Bank : CB current a/c AU$ # 411110236694,Australia,CARDSUCCESS,DDCARD PAYMENT:MES303763306991127423,2.0,,ch_3SInJXLrnBTnlT7b0o023hCM,CPMT: 26547-DDI00127,CPMT: 26547-DDI00127-16/10/2025,
16/10/2025,18835,18835-DDI00132,Ndevor Systems Ltd : Phorest Australia,11010 Accounts Receivable : Trade Debtors,AUD,1.0,382.23,10130 Bank : CB current a/c AU$ # 411110236694,Australia,CARDSUCCESS,DDCARD PAYMENT:MES740256433541014127,2.0,,ch_3SInJFLrnBTnlT7b19xL66el,CPMT: 18835-DDI00132,CPMT: 18835-DDI00132-16/10/2025,
16/10/2025,81922,81922-DDI00006,Ndevor Systems Ltd : Phorest Australia,11010 Accounts Receivable : Trade Debtors,AUD,1.0,243.65,10130 Bank : CB current a/c AU$ # 411110236694,Australia,CARDSUCCESS,DDCARD PAYMENT:MES350417911426041483,2.0,,ch_3SInJALrnBTnlT7b0zKTR3jH,CPMT: 81922-DDI00006,CPMT: 81922-DDI00006-16/10/2025,
16/10/2025,80461,80461-DDI00015,Ndevor Systems Ltd : Phorest Australia,11010 Accounts Receivable : Trade Debtors,AUD,1.0,535.81,10130 Bank : CB current a/c AU$ # 411110236694,Australia,CARDSUCCESS,DDCARD PAYMENT:MES935652307830943924,2.0,,ch_3SInLQLrnBTnlT7b1FNOp5bN,CPMT: 80461-DDI00015,CPMT: 80461-DDI00015-16/10/2025,
16/10/2025,30510,30510-DDI00099,Ndevor Systems Ltd : Phorest Australia,11010 Accounts Receivable : Trade Debtors,AUD,1.0,392.07,10130 Bank : CB current a/c AU$ # 411110236694,Australia,CARDSUCCESS,DDCARD PAYMENT:MES380637537006998930,2.0,,ch_3SInJlLrnBTnlT7b0LPiiI8V,CPMT: 30510-DDI00099,CPMT: 30510-DDI00099-16/10/2025,
17/10/2025,71437,71437-DDI00023,Ndevor Systems Ltd : Phorest Australia,11010 Accounts Receivable : Trade Debtors,AUD,1.0,361.1,10130 Bank : CB current a/c AU$ # 411110236694,Australia,CARDSUCCESS,DDCARD PAYMENT:MES383826925823935089,2.0,,ch_3SJ9dXLrnBTnlT7b0UB85IjA,CPMT: 71437-DDI00023,CPMT: 71437-DDI00023-17/10/2025,
17/10/2025,62144,62144-DDI00029,Ndevor Systems Ltd : Phorest Australia,11010 Accounts Receivable : Trade Debtors,AUD,1.0,930.31,10130 Bank : CB current a/c AU$ # 411110236694,Australia,CARDSUCCESS,DDCARD PAYMENT:MES173665276049198055,2.0,,ch_3SJ9dNLrnBTnlT7b1UIeHgZY,CPMT: 62144-DDI00029,CPMT: 62144-DDI00029-17/10/2025,
17/10/2025,51357,51357-DDI00055,Ndevor Systems Ltd : Phorest Australia,11010 Accounts Receivable : Trade Debtors,AUD,1.0,209.53,10130 Bank : CB current a/c AU$ # 411110236694,Australia,CARDSUCCESS,DDCARD PAYMENT:MES603760345298777316,2.0,,ch_3SJ9dDLrnBTnlT7b0Uj3SEW4,CPMT: 51357-DDI00055,CPMT: 51357-DDI00055-17/10/2025,
17/10/2025,43997,43997-DDI00081,Ndevor Systems Ltd : Phorest Australia,11010 Accounts Receivable : Trade Debtors,AUD,1.0,211.62,10130 Bank : CB current a/c AU$ # 411110236694,Australia,CARDSUCCESS,DDCARD PAYMENT:MES036135798367349936,2.0,,ch_3SJ9cuLrnBTnlT7b0ZKfdOE8,CPMT: 43997-DDI00081,CPMT: 43997-DDI00081-17/10/2025,
17/10/2025,32202,32202-DDI00069,Ndevor Systems Ltd : Phorest Australia,11010 Accounts Receivable : Trade Debtors,AUD,1.0,82.5,10130 Bank : CB current a/c AU$ # 411110236694,Australia,CARDSUCCESS,DDCARD PAYMENT:MES089311749532938559,2.0,,ch_3SJ9ceLrnBTnlT7b0kuAsiXg,CPMT: 32202-DDI00069,CPMT: 32202-DDI00069-17/10/2025,
17/10/2025,101467,101467-TBN00001,Ndevor Systems Ltd : Phorest Australia,11010 Accounts Receivable : Trade Debtors,AUD,1.0,217.25,10130 Bank : CB current a/c AU$ # 411110236694,Australia,CARDSUCCESS,CARD PAYMENT : paysignupbycard,2.0,,ch_3SJ7P9LrnBTnlT7b0BhDuSmO,CPMT: 101467-TBN00001,CPMT: 101467-TBN00001-17/10/2025,
17/10/2025,101464,101464-TBN00001,Ndevor Systems Ltd : Phorest Australia,11010 Accounts Receivable : Trade Debtors,AUD,1.0,382.25,10130 Bank : CB current a/c AU$ # 411110236694,Australia,CARDSUCCESS,CARD PAYMENT : paysignupbycard,2.0,,ch_3SJ4clLrnBTnlT7b1dWdFiYS,CPMT: 101464-TBN00001,CPMT: 101464-TBN00001-17/10/2025,
19/09/2025,90016,90016-DDI00005,Ndevor Systems Ltd : Phorest Australia,11010 Accounts Receivable : Trade Debtors,AUD,1.0,537.76,10130 Bank : CB current a/c AU$ # 411110236694,Australia,CARDSUCCESS,DDCARD PAYMENT:MES341421073970786706,,2.0,nan,CPMT: 90016-DDI00005,CPMT: 90016-DDI00005-19/09/2025,
19/09/2025,80564,80564-DDI00012,Ndevor Systems Ltd : Phorest Australia,11010 Accounts Receivable : Trade Debtors,AUD,1.0,354.33,10130 Bank : CB current a/c AU$ # 411110236694,Australia,CARDSUCCESS,DDCARD PAYMENT:MES550061861342389392,,2.0,nan,CPMT: 80564-DDI00012,CPMT: 80564-DDI00012-19/09/2025,
19/09/2025,57766,57766-DDI00034,Ndevor Systems Ltd : Phorest Australia,11010 Accounts Receivable : Trade Debtors,AUD,1.0,417.1,10130 Bank : CB current a/c AU$ # 411110236694,Australia,CARDSUCCESS,DDCARD PAYMENT:MES222273959932602024,,2.0,nan,CPMT: 57766-DDI00034,CPMT: 57766-DDI00034-19/09/2025,
19/09/2025,61865,61865-DDI00027,Ndevor Systems Ltd : Phorest Australia,11010 Accounts Receivable : Trade Debtors,AUD,1.0,448.8,10130 Bank : CB current a/c AU$ # 411110236694,Australia,CARDSUCCESS,DDCARD PAYMENT:MES185372965752277947,,2.0,nan,CPMT: 61865-DDI00027,CPMT: 61865-DDI00027-19/09/2025,
19/09/2025,57769,57769-DDI00033,Ndevor Systems Ltd : Phorest Australia,11010 Accounts Receivable : Trade Debtors,AUD,1.0,190.52,10130 Bank : CB current a/c AU$ # 411110236694,Australia,CARDSUCCESS,DDCARD PAYMENT:MES078071277798471052,,2.0,nan,CPMT: 57769-DDI00033,CPMT: 57769-DDI00033-19/09/2025,
19/09/2025,80563,80563-DDI00012,Ndevor Systems Ltd : Phorest Australia,11010 Accounts Receivable : Trade Debtors,AUD,1.0,372.27,10130 Bank : CB current a/c AU$ # 411110236694,Australia,CARDSUCCESS,DDCARD PAYMENT:MES969534450352980607,,2.0,nan,CPMT: 80563-DDI00012,CPMT: 80563-DDI00012-19/09/2025,
21/09/2025,90470,90470-DDI00003,Ndevor Systems Ltd : Phorest Australia,11010 Accounts Receivable : Trade Debtors,AUD,1.0,297.32,10130 Bank : CB current a/c AU$ # 411110236694,Australia,CARDSUCCESS,CARD PAYMENT,,2.0,nan,CPMT: 90470-DDI00003,CPMT: 90470-DDI00003-21/09/2025,
22/09/2025,77467,77467-DDI00017,Ndevor Systems Ltd : Phorest Australia,11010 Accounts Receivable : Trade Debtors,AUD,1.0,410.28,10130 Bank : CB current a/c AU$ # 411110236694,Australia,CARDSUCCESS,CARD PAYMENT,,2.0,nan,CPMT: 77467-DDI00017,CPMT: 77467-DDI00017-22/09/2025,
22/09/2025,98653,98653-TBN00001,Ndevor Systems Ltd : Phorest Australia,11010 Accounts Receivable : Trade Debtors,AUD,1.0,382.25,10130 Bank : CB current a/c AU$ # 411110236694,Australia,CARDSUCCESS,CARD PAYMENT : paysignupbycard,,2.0,nan,CPMT: 98653-TBN00001,CPMT: 98653-TBN00001-22/09/2025,
22/09/2025,32005,32005-DDI00100,Ndevor Systems Ltd : Phorest Australia,11010 Accounts Receivable : Trade Debtors,AUD,1.0,442.71,10130 Bank : CB current a/c AU$ # 411110236694,Australia,CARDSUCCESS,CARD PAYMENT,,2.0,nan,CPMT: 32005-DDI00100,CPMT: 32005-DDI00100-22/09/2025,
22/09/2025,80461,80461-DDI00013,Ndevor Systems Ltd : Phorest Australia,11010 Accounts Receivable : Trade Debtors,AUD,1.0,674.0,10130 Bank : CB current a/c AU$ # 411110236694,Australia,CARDSUCCESS,CARD PAYMENT,,2.0,nan,CPMT: 80461-DDI00013,CPMT: 80461-DDI00013-22/09/2025,
22/09/2025,26229,26229-TBN00111,Ndevor Systems Ltd : Phorest Australia,11010 Accounts Receivable : Trade Debtors,AUD,1.0,324.5,10130 Bank : CB current a/c AU$ # 411110236694,Australia,MANUAL,CASHBOOK,,2.0,nan,CPMT: 26229-TBN00111,CPMT: 26229-TBN00111-22/09/2025,
25/09/2025,29217,29217-DDI00098,Ndevor Systems Ltd : Phorest Australia,11010 Accounts Receivable : Trade Debtors,AUD,1.0,15606.73,10130 Bank : CB current a/c AU$ # 411110236694,Australia,CARDSUCCESS,CARD PAYMENT,,2.0,nan,CPMT: 29217-DDI00098,CPMT: 29217-DDI00098-25/09/2025,
25/09/2025,32202,32202-DDI00067,Ndevor Systems Ltd : Phorest Australia,11010 Accounts Receivable : Trade Debtors,AUD,1.0,82.5,10130 Bank : CB current a/c AU$ # 411110236694,Australia,CARDSUCCESS,CARD PAYMENT,,2.0,nan,CPMT: 32202-DDI00067,CPMT: 32202-DDI00067-25/09/2025,
25/09/2025,64351,64351-DDI00030,Ndevor Systems Ltd : Phorest Australia,11010 Accounts Receivable : Trade Debtors,AUD,1.0,417.56,10130 Bank : CB current a/c AU$ # 411110236694,Australia,CARDSUCCESS,CARD PAYMENT,,2.0,nan,CPMT: 64351-DDI00030,CPMT: 64351-DDI00030-25/09/2025,
25/09/2025,30513,30513-DDI00094,Ndevor Systems Ltd : Phorest Australia,11010 Accounts Receivable : Trade Debtors,AUD,1.0,412.96,10130 Bank : CB current a/c AU$ # 411110236694,Australia,CARDSUCCESS,CARD PAYMENT,,2.0,nan,CPMT: 30513-DDI00094,CPMT: 30513-DDI00094-25/09/2025,
29/09/2025,99216,99216-TBN00001,Ndevor Systems Ltd : Phorest Australia,11010 Accounts Receivable : Trade Debtors,AUD,1.0,382.25,10130 Bank : CB current a/c AU$ # 411110236694,Australia,CARDSUCCESS,CARD PAYMENT : paysignupbycard,2.0,,ch_3SCVqsLrnBTnlT7b02cuAIxe,CPMT: 99216-TBN00001,CPMT: 99216-TBN00001-29/09/2025,
30/09/2025,99354,99354-TBN00001,Ndevor Systems Ltd : Phorest Australia,11010 Accounts Receivable : Trade Debtors,AUD,1.0,217.25,10130 Bank : CB current a/c AU$ # 411110236694,Australia,CARDSUCCESS,CARD PAYMENT : paysignupbycard,2.0,,ch_3SCtmMLrnBTnlT7b0jYUdlZ5,CPMT: 99354-TBN00001,CPMT: 99354-TBN00001-30/09/2025,
