payment_date,client_id,invoice_number,billing_entity,ar_account,currency,exchange_rate,amount,account,Location,transtype,comment,Card Reference,reasoncode,sepaprovider,invoice #,payment #,Memo
01/10/2025,8699,8699-DDI00219,Ndevor Systems Ltd : Phorest Ireland : Phorest UK,11010 Accounts Receivable : Trade Debtors,GBP,1.0,98.26,10020 Bank : BOI current a/c GBP # 62100285,United Kingdom(Mainland),CARDSUCCESS,CARD PAYMENT : Arrears,2.0,,ch_3SDPt4IdctIUMwHT0pl3Nbsm,CPMT: 8699-DDI00219,CPMT: 8699-DDI00219-01/10/2025,
03/10/2025,83414,83414-DDI00004,Ndevor Systems Ltd : Phorest Ireland : Phorest UK,11010 Accounts Receivable : Trade Debtors,GBP,1.0,118.8,10020 Bank : BOI current a/c GBP # 62100285,United Kingdom(Mainland),CARDSUCCESS,CARD PAYMENT : Arrears,2.0,,ch_3SE35wIdctIUMwHT2KDo0aqn,CPMT: 83414-DDI00004,CPMT: 83414-DDI00004-03/10/2025,
06/10/2025,9527,9527-DDI00190,Ndevor Systems Ltd : Phorest Ireland : Phorest UK,11010 Accounts Receivable : Trade Debtors,GBP,1.0,112.37,10020 Bank : BOI current a/c GBP # 62100285,United Kingdom(Mainland),CARDSUCCESS,CARD PAYMENT : Arrears,2.0,,ch_3SFBjLIdctIUMwHT15EeYDTt,CPMT: 9527-DDI00190,CPMT: 9527-DDI00190-06/10/2025,
07/10/2025,29805,29805-DDI00137,Ndevor Systems Ltd : Phorest Ireland : Phorest UK,11010 Accounts Receivable : Trade Debtors,GBP,1.0,415.48,10020 Bank : BOI current a/c GBP # 62100285,United Kingdom(Mainland),CARDSUCCESS,CARD PAYMENT : Arrears,2.0,,nan,CPMT: 29805-DDI00137,CPMT: 29805-DDI00137-07/10/2025,
07/10/2025,9482,9482-DDI00183,Ndevor Systems Ltd : Phorest Ireland : Phorest UK,11010 Accounts Receivable : Trade Debtors,GBP,1.0,69.47,10020 Bank : BOI current a/c GBP # 62100285,United Kingdom(Mainland),CARDSUCCESS,CARD PAYMENT : Arrears,2.0,,ch_3SFZA0IdctIUMwHT0A68fEX5,CPMT: 9482-DDI00183,CPMT: 9482-DDI00183-07/10/2025,
07/10/2025,87987,87987-DDI00002,Ndevor Systems Ltd : Phorest Ireland : Phorest UK,11010 Accounts Receivable : Trade Debtors,GBP,1.0,119.0,10020 Bank : BOI current a/c GBP # 62100285,United Kingdom(Mainland),CARDSUCCESS,CARD PAYMENT : Arrears,2.0,,ch_3SFUjqIdctIUMwHT2QdOB9ce,CPMT: 87987-DDI00002,CPMT: 87987-DDI00002-07/10/2025,
09/10/2025,59408,59408-DDI00030,Ndevor Systems Ltd : Phorest Ireland : Phorest UK,11010 Accounts Receivable : Trade Debtors,GBP,1.0,237.72,10020 Bank : BOI current a/c GBP # 62100285,United Kingdom(Mainland),CARDSUCCESS,CARD PAYMENT : Arrears,2.0,,ch_3SGKfsIdctIUMwHT1aysyP11,CPMT: 59408-DDI00030,CPMT: 59408-DDI00030-09/10/2025,
10/10/2025,16224,16224-DDI00125,Ndevor Systems Ltd : Phorest Ireland : Phorest UK,11010 Accounts Receivable : Trade Debtors,GBP,1.0,311.84,10020 Bank : BOI current a/c GBP # 62100285,United Kingdom(Mainland),CARDSUCCESS,CARD PAYMENT : Arrears,2.0,,nan,CPMT: 16224-DDI00125,CPMT: 16224-DDI00125-10/10/2025,
10/10/2025,13202,13202-TBN00147,Ndevor Systems Ltd : Phorest Ireland : Phorest UK,11010 Accounts Receivable : Trade Debtors,GBP,1.0,138.43,10020 Bank : BOI current a/c GBP # 62100285,United Kingdom(Mainland),CARDSUCCESS,CARD PAYMENT,2.0,,nan,CPMT: 13202-TBN00147,CPMT: 13202-TBN00147-10/10/2025,
10/10/2025,30353,30353-TBN00113,Ndevor Systems Ltd : Phorest Ireland : Phorest UK,11010 Accounts Receivable : Trade Debtors,GBP,1.0,280.56,10020 Bank : BOI current a/c GBP # 62100285,United Kingdom(Mainland),CARDSUCCESS,CARD PAYMENT,2.0,,nan,CPMT: 30353-TBN00113,CPMT: 30353-TBN00113-10/10/2025,
13/10/2025,76971,76971-DDI00012,Ndevor Systems Ltd : Phorest Ireland : Phorest UK,11010 Accounts Receivable : Trade Debtors,GBP,1.0,300.97,10020 Bank : BOI current a/c GBP # 62100285,United Kingdom(Mainland),CARDSUCCESS,CARD PAYMENT : Arrears,2.0,,nan,CPMT: 76971-DDI00012,CPMT: 76971-DDI00012-13/10/2025,
14/10/2025,32185,32185-DDI00060,Ndevor Systems Ltd : Phorest Ireland : Phorest UK,11010 Accounts Receivable : Trade Debtors,GBP,1.0,203.93,10020 Bank : BOI current a/c GBP # 62100285,United Kingdom(Mainland),CARDSUCCESS,DDCARD PAYMENT:MESDDD8F77S76O21I214R,2.0,,ch_3SIBGcIdctIUMwHT0GK6dWjN,CPMT: 32185-DDI00060,CPMT: 32185-DDI00060-14/10/2025,
14/10/2025,32097,32097-DDI00110,Ndevor Systems Ltd : Phorest Ireland : Phorest UK,11010 Accounts Receivable : Trade Debtors,GBP,1.0,329.77,10020 Bank : BOI current a/c GBP # 62100285,United Kingdom(Mainland),CARDSUCCESS,DDCARD PAYMENT:MESDDDWZ0GNIF4WJAVO0Q,2.0,,ch_3SIBGaIdctIUMwHT24fWFEOO,CPMT: 32097-DDI00110,CPMT: 32097-DDI00110-14/10/2025,
14/10/2025,32062,32062-DDI00095,Ndevor Systems Ltd : Phorest Ireland : Phorest UK,11010 Accounts Receivable : Trade Debtors,GBP,1.0,139.56,10020 Bank : BOI current a/c GBP # 62100285,United Kingdom(Mainland),CARDSUCCESS,DDCARD PAYMENT:MESDDDPJ5FZY0351F7VOL,2.0,,ch_3SIBGTIdctIUMwHT1BVEBNdV,CPMT: 32062-DDI00095,CPMT: 32062-DDI00095-14/10/2025,
14/10/2025,32239,32239-DDI00113,Ndevor Systems Ltd : Phorest Ireland : Phorest UK,11010 Accounts Receivable : Trade Debtors,GBP,1.0,184.88,10020 Bank : BOI current a/c GBP # 62100285,United Kingdom(Mainland),CARDSUCCESS,DDCARD PAYMENT:MESDDD982G90N39ZEZFKV,2.0,,ch_3SIBGhIdctIUMwHT1u6WOCgu,CPMT: 32239-DDI00113,CPMT: 32239-DDI00113-14/10/2025,
14/10/2025,31930,31930-DDI00086,Ndevor Systems Ltd : Phorest Ireland : Phorest UK,11010 Accounts Receivable : Trade Debtors,GBP,1.0,177.98,10020 Bank : BOI current a/c GBP # 62100285,United Kingdom(Mainland),CARDSUCCESS,DDCARD PAYMENT:MESDDDJ5L31X0LIIBV1K7,2.0,,ch_3SIBGRIdctIUMwHT2F9jvk9L,CPMT: 31930-DDI00086,CPMT: 31930-DDI00086-14/10/2025,
14/10/2025,31838,31838-DDI00104,Ndevor Systems Ltd : Phorest Ireland : Phorest UK,11010 Accounts Receivable : Trade Debtors,GBP,1.0,166.8,10020 Bank : BOI current a/c GBP # 62100285,United Kingdom(Mainland),CARDSUCCESS,DDCARD PAYMENT:MESDDD7OKQ7IC0FZB6230,2.0,,ch_3SIBGOIdctIUMwHT0ON4e4UM,CPMT: 31838-DDI00104,CPMT: 31838-DDI00104-14/10/2025,
14/10/2025,32194,32194-DDI00105,Ndevor Systems Ltd : Phorest Ireland : Phorest UK,11010 Accounts Receivable : Trade Debtors,GBP,1.0,202.93,10020 Bank : BOI current a/c GBP # 62100285,United Kingdom(Mainland),CARDSUCCESS,DDCARD PAYMENT:MESDDDT22YG8A5PO1KLJX,2.0,,ch_3SIBGfIdctIUMwHT1JToSWMV,CPMT: 32194-DDI00105,CPMT: 32194-DDI00105-14/10/2025,
14/10/2025,21993,21993-DDI00160,Ndevor Systems Ltd : Phorest Ireland : Phorest UK,11010 Accounts Receivable : Trade Debtors,GBP,1.0,284.88,10020 Bank : BOI current a/c GBP # 62100285,United Kingdom(Mainland),CARDSUCCESS,DDCARD PAYMENT:MESDDD1FJFM4LQ33817GO,2.0,,ch_3SIBAbIdctIUMwHT2CYZYjBe,CPMT: 21993-DDI00160,CPMT: 21993-DDI00160-14/10/2025,
14/10/2025,32241,32241-DDI00129,Ndevor Systems Ltd : Phorest Ireland : Phorest UK,11010 Accounts Receivable : Trade Debtors,GBP,1.0,551.33,10020 Bank : BOI current a/c GBP # 62100285,United Kingdom(Mainland),CARDSUCCESS,DDCARD PAYMENT:MESDDDO5Y8209KHU7169V,2.0,,ch_3SIBGkIdctIUMwHT0VRqjtU8,CPMT: 32241-DDI00129,CPMT: 32241-DDI00129-14/10/2025,
14/10/2025,32317,32317-DDI00070,Ndevor Systems Ltd : Phorest Ireland : Phorest UK,11010 Accounts Receivable : Trade Debtors,GBP,1.0,166.8,10020 Bank : BOI current a/c GBP # 62100285,United Kingdom(Mainland),CARDSUCCESS,DDCARD PAYMENT:MESDDD483R0TH8T2R19B6,2.0,,ch_3SIBGmIdctIUMwHT0d5lJ2qi,CPMT: 32317-DDI00070,CPMT: 32317-DDI00070-14/10/2025,
14/10/2025,32432,32432-DDI00115,Ndevor Systems Ltd : Phorest Ireland : Phorest UK,11010 Accounts Receivable : Trade Debtors,GBP,1.0,142.8,10020 Bank : BOI current a/c GBP # 62100285,United Kingdom(Mainland),CARDSUCCESS,DDCARD PAYMENT:MESDDDH42HJ6O869T5MY3,2.0,,ch_3SIBGoIdctIUMwHT1iFpkWOi,CPMT: 32432-DDI00115,CPMT: 32432-DDI00115-14/10/2025,
14/10/2025,32481,32481-DDI00118,Ndevor Systems Ltd : Phorest Ireland : Phorest UK,11010 Accounts Receivable : Trade Debtors,GBP,1.0,298.8,10020 Bank : BOI current a/c GBP # 62100285,United Kingdom(Mainland),CARDSUCCESS,DDCARD PAYMENT:MESDDDDS92A9MCF38KE74,2.0,,ch_3SIBGqIdctIUMwHT15t1DRw1,CPMT: 32481-DDI00118,CPMT: 32481-DDI00118-14/10/2025,
14/10/2025,32543,32543-DDI00097,Ndevor Systems Ltd : Phorest Ireland : Phorest UK,11010 Accounts Receivable : Trade Debtors,GBP,1.0,196.1,10020 Bank : BOI current a/c GBP # 62100285,United Kingdom(Mainland),CARDSUCCESS,DDCARD PAYMENT:MESDDD61TU4BWB130M465,2.0,,ch_3SIBGtIdctIUMwHT1OAKZSla,CPMT: 32543-DDI00097,CPMT: 32543-DDI00097-14/10/2025,
14/10/2025,32595,32595-DDI00110,Ndevor Systems Ltd : Phorest Ireland : Phorest UK,11010 Accounts Receivable : Trade Debtors,GBP,1.0,234.46,10020 Bank : BOI current a/c GBP # 62100285,United Kingdom(Mainland),CARDSUCCESS,DDCARD PAYMENT:MESDDD364AXIY27X750VV,2.0,,ch_3SIBGvIdctIUMwHT0RzpvVMA,CPMT: 32595-DDI00110,CPMT: 32595-DDI00110-14/10/2025,
14/10/2025,31800,31800-DDI00063,Ndevor Systems Ltd : Phorest Ireland : Phorest UK,11010 Accounts Receivable : Trade Debtors,GBP,1.0,118.8,10020 Bank : BOI current a/c GBP # 62100285,United Kingdom(Mainland),CARDSUCCESS,DDCARD PAYMENT:MESDDD457O628GBDT7Y99,2.0,,ch_3SIBGMIdctIUMwHT0UKqJiIb,CPMT: 31800-DDI00063,CPMT: 31800-DDI00063-14/10/2025,
14/10/2025,32735,32735-DDI00079,Ndevor Systems Ltd : Phorest Ireland : Phorest UK,11010 Accounts Receivable : Trade Debtors,GBP,1.0,162.92,10020 Bank : BOI current a/c GBP # 62100285,United Kingdom(Mainland),CARDSUCCESS,DDCARD PAYMENT:MESDDD3D9K3EGL92V0UOB,2.0,,ch_3SIBH1IdctIUMwHT1iXlPCRk,CPMT: 32735-DDI00079,CPMT: 32735-DDI00079-14/10/2025,
14/10/2025,31787,31787-DDI00110,Ndevor Systems Ltd : Phorest Ireland : Phorest UK,11010 Accounts Receivable : Trade Debtors,GBP,1.0,217.54,10020 Bank : BOI current a/c GBP # 62100285,United Kingdom(Mainland),CARDSUCCESS,DDCARD PAYMENT:MESDDD0J64Z6Z1N3025SM,2.0,,ch_3SIBGKIdctIUMwHT2stAEYQG,CPMT: 31787-DDI00110,CPMT: 31787-DDI00110-14/10/2025,
14/10/2025,31764,31764-DDI00116,Ndevor Systems Ltd : Phorest Ireland : Phorest UK,11010 Accounts Receivable : Trade Debtors,GBP,1.0,286.36,10020 Bank : BOI current a/c GBP # 62100285,United Kingdom(Mainland),CARDSUCCESS,DDCARD PAYMENT:MESDDDVD4W7T1Y2G33TZZ,2.0,,ch_3SIBGFIdctIUMwHT1v5pjZIf,CPMT: 31764-DDI00116,CPMT: 31764-DDI00116-14/10/2025,
14/10/2025,30802,30802-DDI00115,Ndevor Systems Ltd : Phorest Ireland : Phorest UK,11010 Accounts Receivable : Trade Debtors,GBP,1.0,257.69,10020 Bank : BOI current a/c GBP # 62100285,United Kingdom(Mainland),CARDSUCCESS,DDCARD PAYMENT:MESDDDYW91V0J55ZH7U8F,2.0,,ch_3SIBFSIdctIUMwHT0pWD5qLq,CPMT: 30802-DDI00115,CPMT: 30802-DDI00115-14/10/2025,
14/10/2025,30789,30789-DDI00080,Ndevor Systems Ltd : Phorest Ireland : Phorest UK,11010 Accounts Receivable : Trade Debtors,GBP,1.0,238.63,10020 Bank : BOI current a/c GBP # 62100285,United Kingdom(Mainland),CARDSUCCESS,DDCARD PAYMENT:MESDDDEM83S231C7OI45E,2.0,,ch_3SIBFNIdctIUMwHT2ht3EM49,CPMT: 30789-DDI00080,CPMT: 30789-DDI00080-14/10/2025,
14/10/2025,30779,30779-DDI00114,Ndevor Systems Ltd : Phorest Ireland : Phorest UK,11010 Accounts Receivable : Trade Debtors,GBP,1.0,69.01,10020 Bank : BOI current a/c GBP # 62100285,United Kingdom(Mainland),CARDSUCCESS,DDCARD PAYMENT:MESDDDFO47A555PT5408G,2.0,,ch_3SIBFKIdctIUMwHT1uetpnC4,CPMT: 30779-DDI00114,CPMT: 30779-DDI00114-14/10/2025,
14/10/2025,30687,30687-DDI00123,Ndevor Systems Ltd : Phorest Ireland : Phorest UK,11010 Accounts Receivable : Trade Debtors,GBP,1.0,186.83,10020 Bank : BOI current a/c GBP # 62100285,United Kingdom(Mainland),CARDSUCCESS,DDCARD PAYMENT:MESDDD8RKYT4I1Q5A4JK3,2.0,,ch_3SIBFGIdctIUMwHT0PEOts1i,CPMT: 30687-DDI00123,CPMT: 30687-DDI00123-14/10/2025,
14/10/2025,30666,30666-DDI00084,Ndevor Systems Ltd : Phorest Ireland : Phorest UK,11010 Accounts Receivable : Trade Debtors,GBP,1.0,192.95,10020 Bank : BOI current a/c GBP # 62100285,United Kingdom(Mainland),CARDSUCCESS,DDCARD PAYMENT:MESDDD1P50S116X2G11LV,2.0,,ch_3SIBFDIdctIUMwHT0d3iPXmM,CPMT: 30666-DDI00084,CPMT: 30666-DDI00084-14/10/2025,
14/10/2025,30663,30663-DDI00073,Ndevor Systems Ltd : Phorest Ireland : Phorest UK,11010 Accounts Receivable : Trade Debtors,GBP,1.0,195.08,10020 Bank : BOI current a/c GBP # 62100285,United Kingdom(Mainland),CARDSUCCESS,DDCARD PAYMENT:MESDDDSRWW53I79A9UDZF,2.0,,ch_3SIBFBIdctIUMwHT0UDAYGk5,CPMT: 30663-DDI00073,CPMT: 30663-DDI00073-14/10/2025,
14/10/2025,30803,30803-DDI00121,Ndevor Systems Ltd : Phorest Ireland : Phorest UK,11010 Accounts Receivable : Trade Debtors,GBP,1.0,200.44,10020 Bank : BOI current a/c GBP # 62100285,United Kingdom(Mainland),CARDSUCCESS,DDCARD PAYMENT:MESDDDDHUV4682V066COB,2.0,,ch_3SIBFUIdctIUMwHT2I5wdx8W,CPMT: 30803-DDI00121,CPMT: 30803-DDI00121-14/10/2025,
14/10/2025,30606,30606-DDI00096,Ndevor Systems Ltd : Phorest Ireland : Phorest UK,11010 Accounts Receivable : Trade Debtors,GBP,1.0,166.8,10020 Bank : BOI current a/c GBP # 62100285,United Kingdom(Mainland),CARDSUCCESS,DDCARD PAYMENT:MESDDD1FEGGB01QNO7LFO,2.0,,ch_3SIBF9IdctIUMwHT16iYiTIn,CPMT: 30606-DDI00096,CPMT: 30606-DDI00096-14/10/2025,
14/10/2025,30561,30561-DDI00102,Ndevor Systems Ltd : Phorest Ireland : Phorest UK,11010 Accounts Receivable : Trade Debtors,GBP,1.0,218.65,10020 Bank : BOI current a/c GBP # 62100285,United Kingdom(Mainland),CARDSUCCESS,DDCARD PAYMENT:MESDDD040K6L27548OI19,2.0,,ch_3SIBF4IdctIUMwHT0pWcOUC4,CPMT: 30561-DDI00102,CPMT: 30561-DDI00102-14/10/2025,
14/10/2025,30518,30518-DDI00099,Ndevor Systems Ltd : Phorest Ireland : Phorest UK,11010 Accounts Receivable : Trade Debtors,GBP,1.0,190.33,10020 Bank : BOI current a/c GBP # 62100285,United Kingdom(Mainland),CARDSUCCESS,DDCARD PAYMENT:MESDDD774SHTB60D94J8F,2.0,,ch_3SIBEyIdctIUMwHT2jNIr5BK,CPMT: 30518-DDI00099,CPMT: 30518-DDI00099-14/10/2025,
14/10/2025,30424,30424-DDI00115,Ndevor Systems Ltd : Phorest Ireland : Phorest UK,11010 Accounts Receivable : Trade Debtors,GBP,1.0,302.69,10020 Bank : BOI current a/c GBP # 62100285,United Kingdom(Mainland),CARDSUCCESS,DDCARD PAYMENT:MESDDD5F4P8S29QZC3D78,2.0,,ch_3SIBEtIdctIUMwHT1SwTB1WN,CPMT: 30424-DDI00115,CPMT: 30424-DDI00115-14/10/2025,
14/10/2025,30420,30420-DDI00116,Ndevor Systems Ltd : Phorest Ireland : Phorest UK,11010 Accounts Receivable : Trade Debtors,GBP,1.0,352.8,10020 Bank : BOI current a/c GBP # 62100285,United Kingdom(Mainland),CARDSUCCESS,DDCARD PAYMENT:MESDDD6G8KIAG559RM05V,2.0,,ch_3SIBErIdctIUMwHT2KgAqatN,CPMT: 30420-DDI00116,CPMT: 30420-DDI00116-14/10/2025,
14/10/2025,30225,30225-DDI00091,Ndevor Systems Ltd : Phorest Ireland : Phorest UK,11010 Accounts Receivable : Trade Debtors,GBP,1.0,261.84,10020 Bank : BOI current a/c GBP # 62100285,United Kingdom(Mainland),CARDSUCCESS,DDCARD PAYMENT:MESDDD4X4Z9BA4121F5O2,2.0,,ch_3SIBEpIdctIUMwHT0lkBJoOx,CPMT: 30225-DDI00091,CPMT: 30225-DDI00091-14/10/2025,
14/10/2025,30175,30175-DDI00085,Ndevor Systems Ltd : Phorest Ireland : Phorest UK,11010 Accounts Receivable : Trade Debtors,GBP,1.0,271.4,10020 Bank : BOI current a/c GBP # 62100285,United Kingdom(Mainland),CARDSUCCESS,DDCARD PAYMENT:MESDDD58R37K0475T0OEK,2.0,,ch_3SIBEmIdctIUMwHT1fCZ0N1B,CPMT: 30175-DDI00085,CPMT: 30175-DDI00085-14/10/2025,
14/10/2025,30580,30580-DDI00120,Ndevor Systems Ltd : Phorest Ireland : Phorest UK,11010 Accounts Receivable : Trade Debtors,GBP,1.0,232.31,10020 Bank : BOI current a/c GBP # 62100285,United Kingdom(Mainland),CARDSUCCESS,DDCARD PAYMENT:MESDDDQZ8V046AY53MPBG,2.0,,ch_3SIBF6IdctIUMwHT1bzb6nJy,CPMT: 30580-DDI00120,CPMT: 30580-DDI00120-14/10/2025,
14/10/2025,30808,30808-DDI00122,Ndevor Systems Ltd : Phorest Ireland : Phorest UK,11010 Accounts Receivable : Trade Debtors,GBP,1.0,162.44,10020 Bank : BOI current a/c GBP # 62100285,United Kingdom(Mainland),CARDSUCCESS,DDCARD PAYMENT:MESDDDZ10N8M8S28078K2,2.0,,ch_3SIBFWIdctIUMwHT13LOUWHE,CPMT: 30808-DDI00122,CPMT: 30808-DDI00122-14/10/2025,
14/10/2025,30832,30832-DDI00113,Ndevor Systems Ltd : Phorest Ireland : Phorest UK,11010 Accounts Receivable : Trade Debtors,GBP,1.0,242.23,10020 Bank : BOI current a/c GBP # 62100285,United Kingdom(Mainland),CARDSUCCESS,DDCARD PAYMENT:MESDDD5339A4Q6V222331,2.0,,ch_3SIBFZIdctIUMwHT2oA3CfOz,CPMT: 30832-DDI00113,CPMT: 30832-DDI00113-14/10/2025,
14/10/2025,30865,30865-DDI00064,Ndevor Systems Ltd : Phorest Ireland : Phorest UK,11010 Accounts Receivable : Trade Debtors,GBP,1.0,147.96,10020 Bank : BOI current a/c GBP # 62100285,United Kingdom(Mainland),CARDSUCCESS,DDCARD PAYMENT:MESDDD5K2H9JI65SHT7AL,2.0,,ch_3SIBFcIdctIUMwHT0p32Egv6,CPMT: 30865-DDI00064,CPMT: 30865-DDI00064-14/10/2025,
14/10/2025,31667,31667-DDI00063,Ndevor Systems Ltd : Phorest Ireland : Phorest UK,11010 Accounts Receivable : Trade Debtors,GBP,1.0,254.77,10020 Bank : BOI current a/c GBP # 62100285,United Kingdom(Mainland),CARDSUCCESS,DDCARD PAYMENT:MESDDDPPIIVYQ3XC2N640,2.0,,ch_3SIBGDIdctIUMwHT1uPyKya0,CPMT: 31667-DDI00063,CPMT: 31667-DDI00063-14/10/2025,
14/10/2025,31655,31655-DDI00112,Ndevor Systems Ltd : Phorest Ireland : Phorest UK,11010 Accounts Receivable : Trade Debtors,GBP,1.0,301.15,10020 Bank : BOI current a/c GBP # 62100285,United Kingdom(Mainland),CARDSUCCESS,DDCARD PAYMENT:MESDDDQ90HWD1TE4HX394,2.0,,ch_3SIBGAIdctIUMwHT0vvtOKG7,CPMT: 31655-DDI00112,CPMT: 31655-DDI00112-14/10/2025,
14/10/2025,31652,31652-DDI00115,Ndevor Systems Ltd : Phorest Ireland : Phorest UK,11010 Accounts Receivable : Trade Debtors,GBP,1.0,190.62,10020 Bank : BOI current a/c GBP # 62100285,United Kingdom(Mainland),CARDSUCCESS,DDCARD PAYMENT:MESDDD4VVD3940JX9IK5C,2.0,,ch_3SIBG8IdctIUMwHT1MpiZZJL,CPMT: 31652-DDI00115,CPMT: 31652-DDI00115-14/10/2025,
14/10/2025,31617,31617-DDI00144,Ndevor Systems Ltd : Phorest Ireland : Phorest UK,11010 Accounts Receivable : Trade Debtors,GBP,1.0,167.09,10020 Bank : BOI current a/c GBP # 62100285,United Kingdom(Mainland),CARDSUCCESS,DDCARD PAYMENT:MESDDD235XJU50HP0HAW6,2.0,,ch_3SIBG6IdctIUMwHT20aVPJAU,CPMT: 31617-DDI00144,CPMT: 31617-DDI00144-14/10/2025,
14/10/2025,31588,31588-DDI00117,Ndevor Systems Ltd : Phorest Ireland : Phorest UK,11010 Accounts Receivable : Trade Debtors,GBP,1.0,217.63,10020 Bank : BOI current a/c GBP # 62100285,United Kingdom(Mainland),CARDSUCCESS,DDCARD PAYMENT:MESDDD911U748J0V4LS61,2.0,,ch_3SIBG3IdctIUMwHT1D4mW9K6,CPMT: 31588-DDI00117,CPMT: 31588-DDI00117-14/10/2025,
14/10/2025,31487,31487-DDI00106,Ndevor Systems Ltd : Phorest Ireland : Phorest UK,11010 Accounts Receivable : Trade Debtors,GBP,1.0,118.8,10020 Bank : BOI current a/c GBP # 62100285,United Kingdom(NI),CARDSUCCESS,DDCARD PAYMENT:MESDDDG6RZ5BWV2R4F2XS,2.0,,ch_3SIBG1IdctIUMwHT0Oyv8PCN,CPMT: 31487-DDI00106,CPMT: 31487-DDI00106-14/10/2025,
14/10/2025,31484,31484-DDI00063,Ndevor Systems Ltd : Phorest Ireland : Phorest UK,11010 Accounts Receivable : Trade Debtors,GBP,1.0,437.82,10020 Bank : BOI current a/c GBP # 62100285,United Kingdom(Mainland),CARDSUCCESS,DDCARD PAYMENT:MESDDD3MFC89SFY9GB355,2.0,,ch_3SIBFzIdctIUMwHT09tAhbKl,CPMT: 31484-DDI00063,CPMT: 31484-DDI00063-14/10/2025,
14/10/2025,31465,31465-DDI00078,Ndevor Systems Ltd : Phorest Ireland : Phorest UK,11010 Accounts Receivable : Trade Debtors,GBP,1.0,217.44,10020 Bank : BOI current a/c GBP # 62100285,United Kingdom(Mainland),CARDSUCCESS,DDCARD PAYMENT:MESDDDB6E3RCV5U311P3D,2.0,,ch_3SIBFxIdctIUMwHT0onG3i07,CPMT: 31465-DDI00078,CPMT: 31465-DDI00078-14/10/2025,
14/10/2025,31393,31393-DDI00111,Ndevor Systems Ltd : Phorest Ireland : Phorest UK,11010 Accounts Receivable : Trade Debtors,GBP,1.0,167.18,10020 Bank : BOI current a/c GBP # 62100285,United Kingdom(Mainland),CARDSUCCESS,DDCARD PAYMENT:MESDDDW4TO5WTU7XB3KO0,2.0,,ch_3SIBFuIdctIUMwHT2hDV2jVF,CPMT: 31393-DDI00111,CPMT: 31393-DDI00111-14/10/2025,
14/10/2025,31213,31213-DDI00107,Ndevor Systems Ltd : Phorest Ireland : Phorest UK,11010 Accounts Receivable : Trade Debtors,GBP,1.0,261.6,10020 Bank : BOI current a/c GBP # 62100285,United Kingdom(Mainland),CARDSUCCESS,DDCARD PAYMENT:MESDDD5DGMA75X09998E2,2.0,,ch_3SIBFsIdctIUMwHT1J7EuRmK,CPMT: 31213-DDI00107,CPMT: 31213-DDI00107-14/10/2025,
14/10/2025,31154,31154-DDI00141,Ndevor Systems Ltd : Phorest Ireland : Phorest UK,11010 Accounts Receivable : Trade Debtors,GBP,1.0,418.74,10020 Bank : BOI current a/c GBP # 62100285,United Kingdom(Mainland),CARDSUCCESS,DDCARD PAYMENT:MESDDDU73K91R0125K77R,2.0,,ch_3SIBFqIdctIUMwHT1G4UJdfW,CPMT: 31154-DDI00141,CPMT: 31154-DDI00141-14/10/2025,
14/10/2025,31072,31072-DDI00097,Ndevor Systems Ltd : Phorest Ireland : Phorest UK,11010 Accounts Receivable : Trade Debtors,GBP,1.0,129.98,10020 Bank : BOI current a/c GBP # 62100285,United Kingdom(Mainland),CARDSUCCESS,DDCARD PAYMENT:MESDDD59ZY17V551H1JXD,2.0,,ch_3SIBFnIdctIUMwHT2NCdihVS,CPMT: 31072-DDI00097,CPMT: 31072-DDI00097-14/10/2025,
14/10/2025,30988,30988-DDI00073,Ndevor Systems Ltd : Phorest Ireland : Phorest UK,11010 Accounts Receivable : Trade Debtors,GBP,1.0,293.92,10020 Bank : BOI current a/c GBP # 62100285,United Kingdom(Mainland),CARDSUCCESS,DDCARD PAYMENT:MESDDDNR7VP1T0007WPK1,2.0,,ch_3SIBFlIdctIUMwHT1COYzwBl,CPMT: 30988-DDI00073,CPMT: 30988-DDI00073-14/10/2025,
14/10/2025,30953,30953-DDI00065,Ndevor Systems Ltd : Phorest Ireland : Phorest UK,11010 Accounts Receivable : Trade Debtors,GBP,1.0,58.8,10020 Bank : BOI current a/c GBP # 62100285,United Kingdom(Mainland),CARDSUCCESS,DDCARD PAYMENT:MESDDD7VWT8WINKJ6QW5U,2.0,,ch_3SIBFgIdctIUMwHT2QOnfeJn,CPMT: 30953-DDI00065,CPMT: 30953-DDI00065-14/10/2025,
14/10/2025,30928,30928-DDI00063,Ndevor Systems Ltd : Phorest Ireland : Phorest UK,11010 Accounts Receivable : Trade Debtors,GBP,1.0,147.53,10020 Bank : BOI current a/c GBP # 62100285,United Kingdom(Mainland),CARDSUCCESS,DDCARD PAYMENT:MESDDD770NR35WBHP7IA5,2.0,,ch_3SIBFeIdctIUMwHT2PcmMoD0,CPMT: 30928-DDI00063,CPMT: 30928-DDI00063-14/10/2025,
14/10/2025,31774,31774-DDI00118,Ndevor Systems Ltd : Phorest Ireland : Phorest UK,11010 Accounts Receivable : Trade Debtors,GBP,1.0,225.32,10020 Bank : BOI current a/c GBP # 62100285,United Kingdom(Mainland),CARDSUCCESS,DDCARD PAYMENT:MESDDDUB94O6X16OJY781,2.0,,ch_3SIBGHIdctIUMwHT2zit8kiT,CPMT: 31774-DDI00118,CPMT: 31774-DDI00118-14/10/2025,
14/10/2025,30155,30155-DDI00127,Ndevor Systems Ltd : Phorest Ireland : Phorest UK,11010 Accounts Receivable : Trade Debtors,GBP,1.0,203.26,10020 Bank : BOI current a/c GBP # 62100285,United Kingdom(Mainland),CARDSUCCESS,DDCARD PAYMENT:MESDDD790ADF3VYBZX482,2.0,,ch_3SIBEkIdctIUMwHT0g1KXEHr,CPMT: 30155-DDI00127,CPMT: 30155-DDI00127-14/10/2025,
14/10/2025,32841,32841-DDI00112,Ndevor Systems Ltd : Phorest Ireland : Phorest UK,11010 Accounts Receivable : Trade Debtors,GBP,1.0,191.26,10020 Bank : BOI current a/c GBP # 62100285,United Kingdom(Mainland),CARDSUCCESS,DDCARD PAYMENT:MESDDD6R8L9LH82XOYCW0,2.0,,ch_3SIBH3IdctIUMwHT2yKjzcr4,CPMT: 32841-DDI00112,CPMT: 32841-DDI00112-14/10/2025,
14/10/2025,32928,32928-DDI00098,Ndevor Systems Ltd : Phorest Ireland : Phorest UK,11010 Accounts Receivable : Trade Debtors,GBP,1.0,181.76,10020 Bank : BOI current a/c GBP # 62100285,United Kingdom(Mainland),CARDSUCCESS,DDCARD PAYMENT:MESDDD0SIK14E7FX1877R,2.0,,ch_3SIBH8IdctIUMwHT1iSl1605,CPMT: 32928-DDI00098,CPMT: 32928-DDI00098-14/10/2025,
14/10/2025,38060,38060-DDI00104,Ndevor Systems Ltd : Phorest Ireland : Phorest UK,11010 Accounts Receivable : Trade Debtors,GBP,1.0,191.88,10020 Bank : BOI current a/c GBP # 62100285,United Kingdom(Mainland),CARDSUCCESS,DDCARD PAYMENT:MESDDDN36R6MJWAC5WX49,2.0,,ch_3SIBJHIdctIUMwHT0A6aupU6,CPMT: 38060-DDI00104,CPMT: 38060-DDI00104-14/10/2025,
14/10/2025,37853,37853-DDI00100,Ndevor Systems Ltd : Phorest Ireland : Phorest UK,11010 Accounts Receivable : Trade Debtors,GBP,1.0,166.8,10020 Bank : BOI current a/c GBP # 62100285,United Kingdom(Mainland),CARDSUCCESS,DDCARD PAYMENT:MESDDDV185KF8SN9C9T34,2.0,,ch_3SIBJEIdctIUMwHT16rWkDr3,CPMT: 37853-DDI00100,CPMT: 37853-DDI00100-14/10/2025,
14/10/2025,37647,37647-DDI00102,Ndevor Systems Ltd : Phorest Ireland : Phorest UK,11010 Accounts Receivable : Trade Debtors,GBP,1.0,372.47,10020 Bank : BOI current a/c GBP # 62100285,United Kingdom(NI),CARDSUCCESS,DDCARD PAYMENT:MESDDD29707W8ZS0118C8,2.0,,ch_3SIBJCIdctIUMwHT1lfKp0fw,CPMT: 37647-DDI00102,CPMT: 37647-DDI00102-14/10/2025,
14/10/2025,37303,37303-DDI00104,Ndevor Systems Ltd : Phorest Ireland : Phorest UK,11010 Accounts Receivable : Trade Debtors,GBP,1.0,173.6,10020 Bank : BOI current a/c GBP # 62100285,United Kingdom(Mainland),CARDSUCCESS,DDCARD PAYMENT:MESDDD5839Y97SQFFUCA4,2.0,,ch_3SIBJ7IdctIUMwHT0oAsNnE7,CPMT: 37303-DDI00104,CPMT: 37303-DDI00104-14/10/2025,
14/10/2025,37296,37296-DDI00101,Ndevor Systems Ltd : Phorest Ireland : Phorest UK,11010 Accounts Receivable : Trade Debtors,GBP,1.0,233.34,10020 Bank : BOI current a/c GBP # 62100285,United Kingdom(Mainland),CARDSUCCESS,DDCARD PAYMENT:MESDDDRTA347G1B53L538,2.0,,ch_3SIBJ5IdctIUMwHT0NUJdKBh,CPMT: 37296-DDI00101,CPMT: 37296-DDI00101-14/10/2025,
14/10/2025,37189,37189-DDI00107,Ndevor Systems Ltd : Phorest Ireland : Phorest UK,11010 Accounts Receivable : Trade Debtors,GBP,1.0,255.02,10020 Bank : BOI current a/c GBP # 62100285,United Kingdom(Mainland),CARDSUCCESS,DDCARD PAYMENT:MESDDD447R99G22SV6ETW,2.0,,ch_3SIBJ2IdctIUMwHT1ipED9U1,CPMT: 37189-DDI00107,CPMT: 37189-DDI00107-14/10/2025,
14/10/2025,38216,38216-DDI00100,Ndevor Systems Ltd : Phorest Ireland : Phorest UK,11010 Accounts Receivable : Trade Debtors,GBP,1.0,350.23,10020 Bank : BOI current a/c GBP # 62100285,United Kingdom(Mainland),CARDSUCCESS,DDCARD PAYMENT:MESDDDJG3PKDYGV132QT3,2.0,,ch_3SIBJJIdctIUMwHT2k6RHS1E,CPMT: 38216-DDI00100,CPMT: 38216-DDI00100-14/10/2025,
14/10/2025,37115,37115-DDI00067,Ndevor Systems Ltd : Phorest Ireland : Phorest UK,11010 Accounts Receivable : Trade Debtors,GBP,1.0,142.06,10020 Bank : BOI current a/c GBP # 62100285,United Kingdom(Mainland),CARDSUCCESS,DDCARD PAYMENT:MESDDDBKW1I9P9BOOW3LQ,2.0,,ch_3SIBJ0IdctIUMwHT0OOtYWUC,CPMT: 37115-DDI00067,CPMT: 37115-DDI00067-14/10/2025,
14/10/2025,36956,36956-DDI00088,Ndevor Systems Ltd : Phorest Ireland : Phorest UK,11010 Accounts Receivable : Trade Debtors,GBP,1.0,437.83,10020 Bank : BOI current a/c GBP # 62100285,United Kingdom(Mainland),CARDSUCCESS,DDCARD PAYMENT:MESDDD5UR9UC900AIE32H,2.0,,ch_3SIBItIdctIUMwHT28IVVXzH,CPMT: 36956-DDI00088,CPMT: 36956-DDI00088-14/10/2025,
14/10/2025,36909,36909-DDI00075,Ndevor Systems Ltd : Phorest Ireland : Phorest UK,11010 Accounts Receivable : Trade Debtors,GBP,1.0,58.8,10020 Bank : BOI current a/c GBP # 62100285,United Kingdom(Mainland),CARDSUCCESS,DDCARD PAYMENT:MESDDDU4HG925E46A730N,2.0,,ch_3SIBIrIdctIUMwHT1LawCT1Y,CPMT: 36909-DDI00075,CPMT: 36909-DDI00075-14/10/2025,
14/10/2025,36899,36899-DDI00102,Ndevor Systems Ltd : Phorest Ireland : Phorest UK,11010 Accounts Receivable : Trade Debtors,GBP,1.0,119.45,10020 Bank : BOI current a/c GBP # 62100285,United Kingdom(Mainland),CARDSUCCESS,DDCARD PAYMENT:MESDDDX37B80W1FJNWPQ6,2.0,,ch_3SIBIoIdctIUMwHT2zkNVPlo,CPMT: 36899-DDI00102,CPMT: 36899-DDI00102-14/10/2025,
14/10/2025,36638,36638-DDI00107,Ndevor Systems Ltd : Phorest Ireland : Phorest UK,11010 Accounts Receivable : Trade Debtors,GBP,1.0,247.04,10020 Bank : BOI current a/c GBP # 62100285,United Kingdom(Mainland),CARDSUCCESS,DDCARD PAYMENT:MESDDDU3MI80PUFUF3D8Q,2.0,,ch_3SIBImIdctIUMwHT2qrg5zeu,CPMT: 36638-DDI00107,CPMT: 36638-DDI00107-14/10/2025,
14/10/2025,36551,36551-DDI00105,Ndevor Systems Ltd : Phorest Ireland : Phorest UK,11010 Accounts Receivable : Trade Debtors,GBP,1.0,323.06,10020 Bank : BOI current a/c GBP # 62100285,United Kingdom(Mainland),CARDSUCCESS,DDCARD PAYMENT:MESDDDTZ02XTUI6W2G8RB,2.0,,ch_3SIBIkIdctIUMwHT1hLT1CXv,CPMT: 36551-DDI00105,CPMT: 36551-DDI00105-14/10/2025,
14/10/2025,36530,36530-DDI00105,Ndevor Systems Ltd : Phorest Ireland : Phorest UK,11010 Accounts Receivable : Trade Debtors,GBP,1.0,201.5,10020 Bank : BOI current a/c GBP # 62100285,United Kingdom(Mainland),CARDSUCCESS,DDCARD PAYMENT:MESDDD6X39UBC39Q2ERZN,2.0,,ch_3SIBIhIdctIUMwHT1KLmXFit,CPMT: 36530-DDI00105,CPMT: 36530-DDI00105-14/10/2025,
14/10/2025,36995,36995-DDI00103,Ndevor Systems Ltd : Phorest Ireland : Phorest UK,11010 Accounts Receivable : Trade Debtors,GBP,1.0,120.41,10020 Bank : BOI current a/c GBP # 62100285,United Kingdom(Mainland),CARDSUCCESS,DDCARD PAYMENT:MESDDD82I1D4YZ544V17K,2.0,,ch_3SIBIvIdctIUMwHT0ydIWmtG,CPMT: 36995-DDI00103,CPMT: 36995-DDI00103-14/10/2025,
14/10/2025,38266,38266-DDI00098,Ndevor Systems Ltd : Phorest Ireland : Phorest UK,11010 Accounts Receivable : Trade Debtors,GBP,1.0,166.8,10020 Bank : BOI current a/c GBP # 62100285,United Kingdom(Mainland),CARDSUCCESS,DDCARD PAYMENT:MESDDDWSDJ3L92326IX38,2.0,,ch_3SIBJLIdctIUMwHT0GX0aUMl,CPMT: 38266-DDI00098,CPMT: 38266-DDI00098-14/10/2025,
14/10/2025,38300,38300-DDI00098,Ndevor Systems Ltd : Phorest Ireland : Phorest UK,11010 Accounts Receivable : Trade Debtors,GBP,1.0,314.27,10020 Bank : BOI current a/c GBP # 62100285,United Kingdom(Mainland),CARDSUCCESS,DDCARD PAYMENT:MESDDD0903DMW69XPPS3W,2.0,,ch_3SIBJOIdctIUMwHT1qdTEjPr,CPMT: 38300-DDI00098,CPMT: 38300-DDI00098-14/10/2025,
14/10/2025,38534,38534-DDI00097,Ndevor Systems Ltd : Phorest Ireland : Phorest UK,11010 Accounts Receivable : Trade Debtors,GBP,1.0,118.8,10020 Bank : BOI current a/c GBP # 62100285,United Kingdom(NI),CARDSUCCESS,DDCARD PAYMENT:MESDDD940065S52HY5306,2.0,,ch_3SIBJQIdctIUMwHT2fHxtRcB,CPMT: 38534-DDI00097,CPMT: 38534-DDI00097-14/10/2025,
14/10/2025,39810,39810-DDI00093,Ndevor Systems Ltd : Phorest Ireland : Phorest UK,11010 Accounts Receivable : Trade Debtors,GBP,1.0,190.82,10020 Bank : BOI current a/c GBP # 62100285,United Kingdom(Mainland),CARDSUCCESS,DDCARD PAYMENT:MESDDDL9I2B722KBPB731,2.0,,ch_3SIBKAIdctIUMwHT0alCOr1u,CPMT: 39810-DDI00093,CPMT: 39810-DDI00093-14/10/2025,
14/10/2025,39684,39684-DDI00095,Ndevor Systems Ltd : Phorest Ireland : Phorest UK,11010 Accounts Receivable : Trade Debtors,GBP,1.0,215.78,10020 Bank : BOI current a/c GBP # 62100285,United Kingdom(Mainland),CARDSUCCESS,DDCARD PAYMENT:MESDDD4K89YZ6M78750G9,2.0,,ch_3SIBK8IdctIUMwHT048ILgdG,CPMT: 39684-DDI00095,CPMT: 39684-DDI00095-14/10/2025,
14/10/2025,39639,39639-DDI00100,Ndevor Systems Ltd : Phorest Ireland : Phorest UK,11010 Accounts Receivable : Trade Debtors,GBP,1.0,290.56,10020 Bank : BOI current a/c GBP # 62100285,United Kingdom(Mainland),CARDSUCCESS,DDCARD PAYMENT:MESDDD16U4VE97781464T,2.0,,ch_3SIBK3IdctIUMwHT2zkLjW9O,CPMT: 39639-DDI00100,CPMT: 39639-DDI00100-14/10/2025,
14/10/2025,39442,39442-DDI00099,Ndevor Systems Ltd : Phorest Ireland : Phorest UK,11010 Accounts Receivable : Trade Debtors,GBP,1.0,382.49,10020 Bank : BOI current a/c GBP # 62100285,United Kingdom(Mainland),CARDSUCCESS,DDCARD PAYMENT:MESDDDON989S929P93T4I,2.0,,ch_3SIBK1IdctIUMwHT0bJ0xLwJ,CPMT: 39442-DDI00099,CPMT: 39442-DDI00099-14/10/2025,
14/10/2025,39398,39398-DDI00096,Ndevor Systems Ltd : Phorest Ireland : Phorest UK,11010 Accounts Receivable : Trade Debtors,GBP,1.0,166.8,10020 Bank : BOI current a/c GBP # 62100285,United Kingdom(Mainland),CARDSUCCESS,DDCARD PAYMENT:MESDDDV6638TYQHP373X4,2.0,,ch_3SIBJyIdctIUMwHT0djXT3SW,CPMT: 39398-DDI00096,CPMT: 39398-DDI00096-14/10/2025,
14/10/2025,39387,39387-DDI00097,Ndevor Systems Ltd : Phorest Ireland : Phorest UK,11010 Accounts Receivable : Trade Debtors,GBP,1.0,250.63,10020 Bank : BOI current a/c GBP # 62100285,United Kingdom(Mainland),CARDSUCCESS,DDCARD PAYMENT:MESDDDC47Z899Y5AIH3L0,2.0,,ch_3SIBJwIdctIUMwHT0r6Ajt5z,CPMT: 39387-DDI00097,CPMT: 39387-DDI00097-14/10/2025,
14/10/2025,39384,39384-DDI00094,Ndevor Systems Ltd : Phorest Ireland : Phorest UK,11010 Accounts Receivable : Trade Debtors,GBP,1.0,320.96,10020 Bank : BOI current a/c GBP # 62100285,United Kingdom(Mainland),CARDSUCCESS,DDCARD PAYMENT:MESDDDQ5HKHN099WM4J1C,2.0,,ch_3SIBJuIdctIUMwHT2wdqMWHs,CPMT: 39384-DDI00094,CPMT: 39384-DDI00094-14/10/2025,
14/10/2025,39326,39326-DDI00090,Ndevor Systems Ltd : Phorest Ireland : Phorest UK,11010 Accounts Receivable : Trade Debtors,GBP,1.0,216.08,10020 Bank : BOI current a/c GBP # 62100285,United Kingdom(Mainland),CARDSUCCESS,DDCARD PAYMENT:MESDDD0BYAW59KHHNPVQJ,2.0,,ch_3SIBJrIdctIUMwHT24XvZt9S,CPMT: 39326-DDI00090,CPMT: 39326-DDI00090-14/10/2025,
14/10/2025,39236,39236-DDI00075,Ndevor Systems Ltd : Phorest Ireland : Phorest UK,11010 Accounts Receivable : Trade Debtors,GBP,1.0,216.67,10020 Bank : BOI current a/c GBP # 62100285,United Kingdom(Mainland),CARDSUCCESS,DDCARD PAYMENT:MESDDD7PCLL7PPA943CD3,2.0,,ch_3SIBJpIdctIUMwHT2mTZcAtW,CPMT: 39236-DDI00075,CPMT: 39236-DDI00075-14/10/2025,
14/10/2025,39191,39191-DDI00045,Ndevor Systems Ltd : Phorest Ireland : Phorest UK,11010 Accounts Receivable : Trade Debtors,GBP,1.0,211.42,10020 Bank : BOI current a/c GBP # 62100285,United Kingdom(Mainland),CARDSUCCESS,DDCARD PAYMENT:MESDDDW7BU9G6GPW18363,2.0,,ch_3SIBJkIdctIUMwHT2M1U0zNg,CPMT: 39191-DDI00045,CPMT: 39191-DDI00045-14/10/2025,
14/10/2025,39123,39123-DDI00074,Ndevor Systems Ltd : Phorest Ireland : Phorest UK,11010 Accounts Receivable : Trade Debtors,GBP,1.0,118.8,10020 Bank : BOI current a/c GBP # 62100285,United Kingdom(Mainland),CARDSUCCESS,DDCARD PAYMENT:MESDDD0MQOE463DOB3KMM,2.0,,ch_3SIBJfIdctIUMwHT2uEYTOuu,CPMT: 39123-DDI00074,CPMT: 39123-DDI00074-14/10/2025,
14/10/2025,39084,39084-DDI00095,Ndevor Systems Ltd : Phorest Ireland : Phorest UK,11010 Accounts Receivable : Trade Debtors,GBP,1.0,130.8,10020 Bank : BOI current a/c GBP # 62100285,United Kingdom(Mainland),CARDSUCCESS,DDCARD PAYMENT:MESDDD18V2NPDT731TIAF,2.0,,ch_3SIBJdIdctIUMwHT2QIDdz01,CPMT: 39084-DDI00095,CPMT: 39084-DDI00095-14/10/2025,
14/10/2025,39081,39081-DDI00095,Ndevor Systems Ltd : Phorest Ireland : Phorest UK,11010 Accounts Receivable : Trade Debtors,GBP,1.0,226.8,10020 Bank : BOI current a/c GBP # 62100285,United Kingdom(NI),CARDSUCCESS,DDCARD PAYMENT:MESDDDVS79YZW03NR6F8D,2.0,,ch_3SIBJbIdctIUMwHT2ZetQpj4,CPMT: 39081-DDI00095,CPMT: 39081-DDI00095-14/10/2025,
14/10/2025,38891,38891-DDI00100,Ndevor Systems Ltd : Phorest Ireland : Phorest UK,11010 Accounts Receivable : Trade Debtors,GBP,1.0,62.83,10020 Bank : BOI current a/c GBP # 62100285,United Kingdom(Mainland),CARDSUCCESS,DDCARD PAYMENT:MESDDDQTF3564RFA859RT,2.0,,ch_3SIBJYIdctIUMwHT20zEJNH3,CPMT: 38891-DDI00100,CPMT: 38891-DDI00100-14/10/2025,
14/10/2025,38674,38674-DDI00097,Ndevor Systems Ltd : Phorest Ireland : Phorest UK,11010 Accounts Receivable : Trade Debtors,GBP,1.0,175.12,10020 Bank : BOI current a/c GBP # 62100285,United Kingdom(Mainland),CARDSUCCESS,DDCARD PAYMENT:MESDDD77487GK8ZI3S1T8,2.0,,ch_3SIBJWIdctIUMwHT01OJ6vS1,CPMT: 38674-DDI00097,CPMT: 38674-DDI00097-14/10/2025,
14/10/2025,36341,36341-DDI00057,Ndevor Systems Ltd : Phorest Ireland : Phorest UK,11010 Accounts Receivable : Trade Debtors,GBP,1.0,118.8,10020 Bank : BOI current a/c GBP # 62100285,United Kingdom(Mainland),CARDSUCCESS,DDCARD PAYMENT:MESDDDWP3S4S94409Y6VS,2.0,,ch_3SIBIfIdctIUMwHT09QXp7wl,CPMT: 36341-DDI00057,CPMT: 36341-DDI00057-14/10/2025,
14/10/2025,32854,32854-DDI00109,Ndevor Systems Ltd : Phorest Ireland : Phorest UK,11010 Accounts Receivable : Trade Debtors,GBP,1.0,380.1,10020 Bank : BOI current a/c GBP # 62100285,United Kingdom(Mainland),CARDSUCCESS,DDCARD PAYMENT:MESDDD8UMNH39GTO218Z8,2.0,,ch_3SIBH6IdctIUMwHT2n0cuSuY,CPMT: 32854-DDI00109,CPMT: 32854-DDI00109-14/10/2025,
14/10/2025,36268,36268-DDI00103,Ndevor Systems Ltd : Phorest Ireland : Phorest UK,11010 Accounts Receivable : Trade Debtors,GBP,1.0,247.24,10020 Bank : BOI current a/c GBP # 62100285,United Kingdom(NI),CARDSUCCESS,DDCARD PAYMENT:MESDDD3G8466SF0VXS73G,2.0,,ch_3SIBIdIdctIUMwHT1hME4964,CPMT: 36268-DDI00103,CPMT: 36268-DDI00103-14/10/2025,
14/10/2025,36211,36211-DDI00061,Ndevor Systems Ltd : Phorest Ireland : Phorest UK,11010 Accounts Receivable : Trade Debtors,GBP,1.0,300.41,10020 Bank : BOI current a/c GBP # 62100285,United Kingdom(Mainland),CARDSUCCESS,DDCARD PAYMENT:MESDDDI424LG83T5F8191,2.0,,ch_3SIBIYIdctIUMwHT1hqgjxcI,CPMT: 36211-DDI00061,CPMT: 36211-DDI00061-14/10/2025,
14/10/2025,34606,34606-DDI00105,Ndevor Systems Ltd : Phorest Ireland : Phorest UK,11010 Accounts Receivable : Trade Debtors,GBP,1.0,118.8,10020 Bank : BOI current a/c GBP # 62100285,United Kingdom(Mainland),CARDSUCCESS,DDCARD PAYMENT:MESDDDM02RG561H1YL47F,2.0,,ch_3SIBHmIdctIUMwHT04bUwNxc,CPMT: 34606-DDI00105,CPMT: 34606-DDI00105-14/10/2025,
14/10/2025,34584,34584-DDI00094,Ndevor Systems Ltd : Phorest Ireland : Phorest UK,11010 Accounts Receivable : Trade Debtors,GBP,1.0,187.52,10020 Bank : BOI current a/c GBP # 62100285,United Kingdom(Mainland),CARDSUCCESS,DDCARD PAYMENT:MESDDD56WCF53HB79XY6R,2.0,,ch_3SIBHkIdctIUMwHT1SjJdbY0,CPMT: 34584-DDI00094,CPMT: 34584-DDI00094-14/10/2025,
14/10/2025,34386,34386-DDI00112,Ndevor Systems Ltd : Phorest Ireland : Phorest UK,11010 Accounts Receivable : Trade Debtors,GBP,1.0,169.44,10020 Bank : BOI current a/c GBP # 62100285,United Kingdom(Mainland),CARDSUCCESS,DDCARD PAYMENT:MESDDD925SAZ75OX9S6WV,2.0,,ch_3SIBHhIdctIUMwHT1UayVExO,CPMT: 34386-DDI00112,CPMT: 34386-DDI00112-14/10/2025,
14/10/2025,34314,34314-DDI00114,Ndevor Systems Ltd : Phorest Ireland : Phorest UK,11010 Accounts Receivable : Trade Debtors,GBP,1.0,579.8,10020 Bank : BOI current a/c GBP # 62100285,United Kingdom(Mainland),CARDSUCCESS,DDCARD PAYMENT:MESDDD0O453054NX18N5F,2.0,,ch_3SIBHfIdctIUMwHT239PSScm,CPMT: 34314-DDI00114,CPMT: 34314-DDI00114-14/10/2025,
14/10/2025,34266,34266-DDI00117,Ndevor Systems Ltd : Phorest Ireland : Phorest UK,11010 Accounts Receivable : Trade Debtors,GBP,1.0,235.33,10020 Bank : BOI current a/c GBP # 62100285,United Kingdom(Mainland),CARDSUCCESS,DDCARD PAYMENT:MESDDDXC618XNKM712E85,2.0,,ch_3SIBHdIdctIUMwHT2xndhsd2,CPMT: 34266-DDI00117,CPMT: 34266-DDI00117-14/10/2025,
14/10/2025,34232,34232-DDI00090,Ndevor Systems Ltd : Phorest Ireland : Phorest UK,11010 Accounts Receivable : Trade Debtors,GBP,1.0,232.72,10020 Bank : BOI current a/c GBP # 62100285,United Kingdom(Mainland),CARDSUCCESS,DDCARD PAYMENT:MESDDDM367EWJ62LHG35H,2.0,,ch_3SIBHaIdctIUMwHT0KyPhbM9,CPMT: 34232-DDI00090,CPMT: 34232-DDI00090-14/10/2025,
14/10/2025,34622,34622-DDI00111,Ndevor Systems Ltd : Phorest Ireland : Phorest UK,11010 Accounts Receivable : Trade Debtors,GBP,1.0,139.07,10020 Bank : BOI current a/c GBP # 62100285,United Kingdom(Mainland),CARDSUCCESS,DDCARD PAYMENT:MESDDD88ZU6NFXXR8O075,2.0,,ch_3SIBHoIdctIUMwHT0syZU2Nw,CPMT: 34622-DDI00111,CPMT: 34622-DDI00111-14/10/2025,
14/10/2025,34229,34229-DDI00104,Ndevor Systems Ltd : Phorest Ireland : Phorest UK,11010 Accounts Receivable : Trade Debtors,GBP,1.0,821.88,10020 Bank : BOI current a/c GBP # 62100285,United Kingdom(Mainland),CARDSUCCESS,DDCARD PAYMENT:MESDDD0MS335GLL3JOMH3,2.0,,ch_3SIBHYIdctIUMwHT23QUd8Oq,CPMT: 34229-DDI00104,CPMT: 34229-DDI00104-14/10/2025,
14/10/2025,33631,33631-DDI00092,Ndevor Systems Ltd : Phorest Ireland : Phorest UK,11010 Accounts Receivable : Trade Debtors,GBP,1.0,162.35,10020 Bank : BOI current a/c GBP # 62100285,United Kingdom(Mainland),CARDSUCCESS,DDCARD PAYMENT:MESDDD689P1120NNUGZF8,2.0,,ch_3SIBHNIdctIUMwHT0VPswszb,CPMT: 33631-DDI00092,CPMT: 33631-DDI00092-14/10/2025,
14/10/2025,33560,33560-DDI00116,Ndevor Systems Ltd : Phorest Ireland : Phorest UK,11010 Accounts Receivable : Trade Debtors,GBP,1.0,226.8,10020 Bank : BOI current a/c GBP # 62100285,United Kingdom(Mainland),CARDSUCCESS,DDCARD PAYMENT:MESDDD960Y3W20509Y891,2.0,,ch_3SIBHKIdctIUMwHT2N0OWiCz,CPMT: 33560-DDI00116,CPMT: 33560-DDI00116-14/10/2025,
14/10/2025,33504,33504-DDI00116,Ndevor Systems Ltd : Phorest Ireland : Phorest UK,11010 Accounts Receivable : Trade Debtors,GBP,1.0,233.32,10020 Bank : BOI current a/c GBP # 62100285,United Kingdom(Mainland),CARDSUCCESS,DDCARD PAYMENT:MESDDDLF2F41H2B0R0SZ4,2.0,,ch_3SIBHIIdctIUMwHT0EkWlvhZ,CPMT: 33504-DDI00116,CPMT: 33504-DDI00116-14/10/2025,
14/10/2025,33221,33221-DDI00075,Ndevor Systems Ltd : Phorest Ireland : Phorest UK,11010 Accounts Receivable : Trade Debtors,GBP,1.0,294.96,10020 Bank : BOI current a/c GBP # 62100285,United Kingdom(Mainland),CARDSUCCESS,DDCARD PAYMENT:MESDDDB11629TXEW5DT52,2.0,,ch_3SIBHGIdctIUMwHT2kAdEC0J,CPMT: 33221-DDI00075,CPMT: 33221-DDI00075-14/10/2025,
14/10/2025,33171,33171-DDI00113,Ndevor Systems Ltd : Phorest Ireland : Phorest UK,11010 Accounts Receivable : Trade Debtors,GBP,1.0,250.82,10020 Bank : BOI current a/c GBP # 62100285,United Kingdom(Mainland),CARDSUCCESS,DDCARD PAYMENT:MESDDDYD2A122601I5PJF,2.0,,ch_3SIBHDIdctIUMwHT0aifubLu,CPMT: 33171-DDI00113,CPMT: 33171-DDI00113-14/10/2025,
14/10/2025,33100,33100-DDI00061,Ndevor Systems Ltd : Phorest Ireland : Phorest UK,11010 Accounts Receivable : Trade Debtors,GBP,1.0,345.94,10020 Bank : BOI current a/c GBP # 62100285,United Kingdom(Mainland),CARDSUCCESS,DDCARD PAYMENT:MESDDDSBZ1D2YPP0UJ3YO,2.0,,ch_3SIBHAIdctIUMwHT2h4Rojxo,CPMT: 33100-DDI00061,CPMT: 33100-DDI00061-14/10/2025,
14/10/2025,34023,34023-DDI00107,Ndevor Systems Ltd : Phorest Ireland : Phorest UK,11010 Accounts Receivable : Trade Debtors,GBP,1.0,252.59,10020 Bank : BOI current a/c GBP # 62100285,United Kingdom(Mainland),CARDSUCCESS,DDCARD PAYMENT:MESDDD353KUL4FSHU3FD4,2.0,,ch_3SIBHSIdctIUMwHT2XoCNt8n,CPMT: 34023-DDI00107,CPMT: 34023-DDI00107-14/10/2025,
14/10/2025,34806,34806-DDI00112,Ndevor Systems Ltd : Phorest Ireland : Phorest UK,11010 Accounts Receivable : Trade Debtors,GBP,1.0,166.8,10020 Bank : BOI current a/c GBP # 62100285,United Kingdom(Mainland),CARDSUCCESS,DDCARD PAYMENT:MESDDDB8I4E0V3Q301634,2.0,,ch_3SIBHrIdctIUMwHT0UldgKZs,CPMT: 34806-DDI00112,CPMT: 34806-DDI00112-14/10/2025,
14/10/2025,34882,34882-DDI00067,Ndevor Systems Ltd : Phorest Ireland : Phorest UK,11010 Accounts Receivable : Trade Debtors,GBP,1.0,118.8,10020 Bank : BOI current a/c GBP # 62100285,United Kingdom(Mainland),CARDSUCCESS,DDCARD PAYMENT:MESDDDS5U926M7XN668OX,2.0,,ch_3SIBHtIdctIUMwHT2dIopHoy,CPMT: 34882-DDI00067,CPMT: 34882-DDI00067-14/10/2025,
14/10/2025,34899,34899-DDI00111,Ndevor Systems Ltd : Phorest Ireland : Phorest UK,11010 Accounts Receivable : Trade Debtors,GBP,1.0,166.8,10020 Bank : BOI current a/c GBP # 62100285,United Kingdom(Mainland),CARDSUCCESS,DDCARD PAYMENT:MESDDDA50B84Q2QK03FC1,2.0,,ch_3SIBHvIdctIUMwHT0w6WaAUv,CPMT: 34899-DDI00111,CPMT: 34899-DDI00111-14/10/2025,
14/10/2025,35871,35871-DDI00056,Ndevor Systems Ltd : Phorest Ireland : Phorest UK,11010 Accounts Receivable : Trade Debtors,GBP,1.0,166.8,10020 Bank : BOI current a/c GBP # 62100285,United Kingdom(Mainland),CARDSUCCESS,DDCARD PAYMENT:MESDDD5XYIILIOAQBM118,2.0,,ch_3SIBIVIdctIUMwHT1zwlTHpq,CPMT: 35871-DDI00056,CPMT: 35871-DDI00056-14/10/2025,
14/10/2025,35870,35870-DDI00081,Ndevor Systems Ltd : Phorest Ireland : Phorest UK,11010 Accounts Receivable : Trade Debtors,GBP,1.0,199.94,10020 Bank : BOI current a/c GBP # 62100285,United Kingdom(Mainland),CARDSUCCESS,DDCARD PAYMENT:MESDDD7JS6XA5H0026X89,2.0,,ch_3SIBISIdctIUMwHT0VGRQ3yV,CPMT: 35870-DDI00081,CPMT: 35870-DDI00081-14/10/2025,
14/10/2025,35849,35849-DDI00085,Ndevor Systems Ltd : Phorest Ireland : Phorest UK,11010 Accounts Receivable : Trade Debtors,GBP,1.0,219.86,10020 Bank : BOI current a/c GBP # 62100285,United Kingdom(Mainland),CARDSUCCESS,DDCARD PAYMENT:MESDDDV459AB65S2326KL,2.0,,ch_3SIBIQIdctIUMwHT042udTg5,CPMT: 35849-DDI00085,CPMT: 35849-DDI00085-14/10/2025,
14/10/2025,35740,35740-DDI00105,Ndevor Systems Ltd : Phorest Ireland : Phorest UK,11010 Accounts Receivable : Trade Debtors,GBP,1.0,280.81,10020 Bank : BOI current a/c GBP # 62100285,United Kingdom(Mainland),CARDSUCCESS,DDCARD PAYMENT:MESDDD56A7DWKQNQ51K63,2.0,,ch_3SIBINIdctIUMwHT1LZ4Y59D,CPMT: 35740-DDI00105,CPMT: 35740-DDI00105-14/10/2025,
14/10/2025,35733,35733-DDI00106,Ndevor Systems Ltd : Phorest Ireland : Phorest UK,11010 Accounts Receivable : Trade Debtors,GBP,1.0,191.84,10020 Bank : BOI current a/c GBP # 62100285,United Kingdom(Mainland),CARDSUCCESS,DDCARD PAYMENT:MESDDD766QZ7DN90O23SJ,2.0,,ch_3SIBILIdctIUMwHT1KTm2dfj,CPMT: 35733-DDI00106,CPMT: 35733-DDI00106-14/10/2025,
14/10/2025,36085,36085-DDI00092,Ndevor Systems Ltd : Phorest Ireland : Phorest UK,11010 Accounts Receivable : Trade Debtors,GBP,1.0,152.72,10020 Bank : BOI current a/c GBP # 62100285,United Kingdom(Mainland),CARDSUCCESS,DDCARD PAYMENT:MESDDDF3K27AC1B9YP5SP,2.0,,ch_3SIBIJIdctIUMwHT257oRLvA,CPMT: 36085-DDI00092,CPMT: 36085-DDI00092-14/10/2025,
14/10/2025,36002,36002-DDI00091,Ndevor Systems Ltd : Phorest Ireland : Phorest UK,11010 Accounts Receivable : Trade Debtors,GBP,1.0,292.91,10020 Bank : BOI current a/c GBP # 62100285,United Kingdom(Mainland),CARDSUCCESS,DDCARD PAYMENT:MESDDD42GE1N74RMN7K57,2.0,,ch_3SIBIHIdctIUMwHT0QPDAOGR,CPMT: 36002-DDI00091,CPMT: 36002-DDI00091-14/10/2025,
14/10/2025,35946,35946-DDI00110,Ndevor Systems Ltd : Phorest Ireland : Phorest UK,11010 Accounts Receivable : Trade Debtors,GBP,1.0,166.8,10020 Bank : BOI current a/c GBP # 62100285,United Kingdom(Mainland),CARDSUCCESS,DDCARD PAYMENT:MESDDDZG5W20Y16T1H94U,2.0,,ch_3SIBIEIdctIUMwHT0QfAgFa3,CPMT: 35946-DDI00110,CPMT: 35946-DDI00110-14/10/2025,
14/10/2025,35930,35930-DDI00091,Ndevor Systems Ltd : Phorest Ireland : Phorest UK,11010 Accounts Receivable : Trade Debtors,GBP,1.0,171.66,10020 Bank : BOI current a/c GBP # 62100285,United Kingdom(Mainland),CARDSUCCESS,DDCARD PAYMENT:MESDDDB40QB623Y4580C9,2.0,,ch_3SIBICIdctIUMwHT19gIuRoi,CPMT: 35930-DDI00091,CPMT: 35930-DDI00091-14/10/2025,
14/10/2025,35910,35910-DDI00110,Ndevor Systems Ltd : Phorest Ireland : Phorest UK,11010 Accounts Receivable : Trade Debtors,GBP,1.0,407.05,10020 Bank : BOI current a/c GBP # 62100285,United Kingdom(Mainland),CARDSUCCESS,DDCARD PAYMENT:MESDDDM8V6NNR9SMM90Y3,2.0,,ch_3SIBIAIdctIUMwHT0XthteyH,CPMT: 35910-DDI00110,CPMT: 35910-DDI00110-14/10/2025,
14/10/2025,35677,35677-DDI00068,Ndevor Systems Ltd : Phorest Ireland : Phorest UK,11010 Accounts Receivable : Trade Debtors,GBP,1.0,130.55,10020 Bank : BOI current a/c GBP # 62100285,United Kingdom(Mainland),CARDSUCCESS,DDCARD PAYMENT:MESDDD5B6Y19LP63Y7E82,2.0,,ch_3SIBI7IdctIUMwHT1oobXEso,CPMT: 35677-DDI00068,CPMT: 35677-DDI00068-14/10/2025,
14/10/2025,35377,35377-DDI00090,Ndevor Systems Ltd : Phorest Ireland : Phorest UK,11010 Accounts Receivable : Trade Debtors,GBP,1.0,118.8,10020 Bank : BOI current a/c GBP # 62100285,United Kingdom(Mainland),CARDSUCCESS,DDCARD PAYMENT:MESDDDREC2N0F14WL4HC3,2.0,,ch_3SIBI5IdctIUMwHT1OrlH5aQ,CPMT: 35377-DDI00090,CPMT: 35377-DDI00090-14/10/2025,
14/10/2025,35219,35219-DDI00104,Ndevor Systems Ltd : Phorest Ireland : Phorest UK,11010 Accounts Receivable : Trade Debtors,GBP,1.0,298.8,10020 Bank : BOI current a/c GBP # 62100285,United Kingdom(Mainland),CARDSUCCESS,DDCARD PAYMENT:MESDDDT1H971NTF9QQQWD,2.0,,ch_3SIBI2IdctIUMwHT0kFxeIX2,CPMT: 35219-DDI00104,CPMT: 35219-DDI00104-14/10/2025,
14/10/2025,35127,35127-DDI00101,Ndevor Systems Ltd : Phorest Ireland : Phorest UK,11010 Accounts Receivable : Trade Debtors,GBP,1.0,58.8,10020 Bank : BOI current a/c GBP # 62100285,United Kingdom(Mainland),CARDSUCCESS,DDCARD PAYMENT:MESDDD5Y8XOE5J395080H,2.0,,ch_3SIBI0IdctIUMwHT0US4t0kj,CPMT: 35127-DDI00101,CPMT: 35127-DDI00101-14/10/2025,
14/10/2025,34944,34944-DDI00069,Ndevor Systems Ltd : Phorest Ireland : Phorest UK,11010 Accounts Receivable : Trade Debtors,GBP,1.0,172.73,10020 Bank : BOI current a/c GBP # 62100285,United Kingdom(Mainland),CARDSUCCESS,DDCARD PAYMENT:MESDDD9TTF9G6MN98JX0Z,2.0,,ch_3SIBHyIdctIUMwHT1P33EaV3,CPMT: 34944-DDI00069,CPMT: 34944-DDI00069-14/10/2025,
14/10/2025,36224,36224-DDI00092,Ndevor Systems Ltd : Phorest Ireland : Phorest UK,11010 Accounts Receivable : Trade Debtors,GBP,1.0,249.42,10020 Bank : BOI current a/c GBP # 62100285,United Kingdom(Mainland),CARDSUCCESS,DDCARD PAYMENT:MESDDDTRAMJ8YOL1163TZ,2.0,,ch_3SIBIaIdctIUMwHT2DOGgqCc,CPMT: 36224-DDI00092,CPMT: 36224-DDI00092-14/10/2025,
14/10/2025,30135,30135-DDI00118,Ndevor Systems Ltd : Phorest Ireland : Phorest UK,11010 Accounts Receivable : Trade Debtors,GBP,1.0,419.87,10020 Bank : BOI current a/c GBP # 62100285,United Kingdom(Mainland),CARDSUCCESS,DDCARD PAYMENT:MESDDD6H2HW21FO738833,2.0,,ch_3SIBEiIdctIUMwHT23wFdeDC,CPMT: 30135-DDI00118,CPMT: 30135-DDI00118-14/10/2025,
14/10/2025,29130,29130-DDI00106,Ndevor Systems Ltd : Phorest Ireland : Phorest UK,11010 Accounts Receivable : Trade Debtors,GBP,1.0,204.2,10020 Bank : BOI current a/c GBP # 62100285,United Kingdom(Mainland),CARDSUCCESS,DDCARD PAYMENT:MESDDD896K4S6X7A8PKST,2.0,,ch_3SIBECIdctIUMwHT1KgHBPcZ,CPMT: 29130-DDI00106,CPMT: 29130-DDI00106-14/10/2025,
14/10/2025,30071,30071-DDI00087,Ndevor Systems Ltd : Phorest Ireland : Phorest UK,11010 Accounts Receivable : Trade Debtors,GBP,1.0,166.8,10020 Bank : BOI current a/c GBP # 62100285,United Kingdom(Mainland),CARDSUCCESS,DDCARD PAYMENT:MESDDDH538C8Q7A3VIV2B,2.0,,ch_3SIBEdIdctIUMwHT2aTHjdtZ,CPMT: 30071-DDI00087,CPMT: 30071-DDI00087-14/10/2025,
14/10/2025,21726,21726-DDI00081,Ndevor Systems Ltd : Phorest Ireland : Phorest UK,11010 Accounts Receivable : Trade Debtors,GBP,1.0,142.8,10020 Bank : BOI current a/c GBP # 62100285,United Kingdom(Mainland),CARDSUCCESS,DDCARD PAYMENT:MESDDDGJ29B50C634KQFW,2.0,,ch_3SIBAIIdctIUMwHT2zrexPGi,CPMT: 21726-DDI00081,CPMT: 21726-DDI00081-14/10/2025,
14/10/2025,21734,21734-DDI00116,Ndevor Systems Ltd : Phorest Ireland : Phorest UK,11010 Accounts Receivable : Trade Debtors,GBP,1.0,159.35,10020 Bank : BOI current a/c GBP # 62100285,United Kingdom(Mainland),CARDSUCCESS,DDCARD PAYMENT:MESDDDI02Y4W108UG3Y19,2.0,,ch_3SIBAKIdctIUMwHT2DpqwtoP,CPMT: 21734-DDI00116,CPMT: 21734-DDI00116-14/10/2025,
14/10/2025,21765,21765-DDI00106,Ndevor Systems Ltd : Phorest Ireland : Phorest UK,11010 Accounts Receivable : Trade Debtors,GBP,1.0,226.8,10020 Bank : BOI current a/c GBP # 62100285,United Kingdom(Mainland),CARDSUCCESS,DDCARD PAYMENT:MESDDD052B7H168CX8UQO,2.0,,ch_3SIBANIdctIUMwHT0QLgrYTV,CPMT: 21765-DDI00106,CPMT: 21765-DDI00106-14/10/2025,
14/10/2025,21872,21872-DDI00179,Ndevor Systems Ltd : Phorest Ireland : Phorest UK,11010 Accounts Receivable : Trade Debtors,GBP,1.0,157.96,10020 Bank : BOI current a/c GBP # 62100285,United Kingdom(Mainland),CARDSUCCESS,DDCARD PAYMENT:MESDDDBIZZPBR08D2TL3G,2.0,,ch_3SIBAPIdctIUMwHT1PbgO9Ai,CPMT: 21872-DDI00179,CPMT: 21872-DDI00179-14/10/2025,
14/10/2025,22919,22919-DDI00108,Ndevor Systems Ltd : Phorest Ireland : Phorest UK,11010 Accounts Receivable : Trade Debtors,GBP,1.0,190.8,10020 Bank : BOI current a/c GBP # 62100285,United Kingdom(Mainland),CARDSUCCESS,DDCARD PAYMENT:MESDDDZNG89F6T0JZUWUG,2.0,,ch_3SIBAUIdctIUMwHT0T0A5KJN,CPMT: 22919-DDI00108,CPMT: 22919-DDI00108-14/10/2025,
14/10/2025,22963,22963-DDI00134,Ndevor Systems Ltd : Phorest Ireland : Phorest UK,11010 Accounts Receivable : Trade Debtors,GBP,1.0,142.8,10020 Bank : BOI current a/c GBP # 62100285,United Kingdom(Mainland),CARDSUCCESS,DDCARD PAYMENT:MESDDD017G26159X6R7IL,2.0,,ch_3SIBAWIdctIUMwHT1pJJZdmX,CPMT: 22963-DDI00134,CPMT: 22963-DDI00134-14/10/2025,
14/10/2025,11634,11634-DDI00169,Ndevor Systems Ltd : Phorest Ireland : Phorest UK,11010 Accounts Receivable : Trade Debtors,GBP,1.0,313.78,10020 Bank : BOI current a/c GBP # 62100285,United Kingdom(Mainland),CARDSUCCESS,DDCARD PAYMENT:MESDDD4Q6EF11AG3DA1DV,2.0,,ch_3SIB2oIdctIUMwHT1gvjfzJA,CPMT: 11634-DDI00169,CPMT: 11634-DDI00169-14/10/2025,
14/10/2025,22074,22074-DDI00160,Ndevor Systems Ltd : Phorest Ireland : Phorest UK,11010 Accounts Receivable : Trade Debtors,GBP,1.0,204.4,10020 Bank : BOI current a/c GBP # 62100285,United Kingdom(Mainland),CARDSUCCESS,DDCARD PAYMENT:MESDDD09DWES8PV6462G9,2.0,,ch_3SIBAdIdctIUMwHT04qskbR1,CPMT: 22074-DDI00160,CPMT: 22074-DDI00160-14/10/2025,
14/10/2025,22196,22196-DDI00151,Ndevor Systems Ltd : Phorest Ireland : Phorest UK,11010 Accounts Receivable : Trade Debtors,GBP,1.0,190.8,10020 Bank : BOI current a/c GBP # 62100285,United Kingdom(Mainland),CARDSUCCESS,DDCARD PAYMENT:MESDDDSEZ82SPX0S29M26,2.0,,ch_3SIBAjIdctIUMwHT0pKXM91y,CPMT: 22196-DDI00151,CPMT: 22196-DDI00151-14/10/2025,
14/10/2025,22198,22198-DDI00186,Ndevor Systems Ltd : Phorest Ireland : Phorest UK,11010 Accounts Receivable : Trade Debtors,GBP,1.0,447.25,10020 Bank : BOI current a/c GBP # 62100285,United Kingdom(Mainland),CARDSUCCESS,DDCARD PAYMENT:MESDDDBT75458UFM40KR3,2.0,,ch_3SIBAmIdctIUMwHT18Dxm3Tn,CPMT: 22198-DDI00186,CPMT: 22198-DDI00186-14/10/2025,
14/10/2025,22208,22208-DDI00095,Ndevor Systems Ltd : Phorest Ireland : Phorest UK,11010 Accounts Receivable : Trade Debtors,GBP,1.0,142.8,10020 Bank : BOI current a/c GBP # 62100285,United Kingdom(Mainland),CARDSUCCESS,DDCARD PAYMENT:MESDDD3T2VH2D41V1CG0S,2.0,,ch_3SIBAoIdctIUMwHT20Puicc4,CPMT: 22208-DDI00095,CPMT: 22208-DDI00095-14/10/2025,
14/10/2025,22247,22247-DDI00143,Ndevor Systems Ltd : Phorest Ireland : Phorest UK,11010 Accounts Receivable : Trade Debtors,GBP,1.0,186.48,10020 Bank : BOI current a/c GBP # 62100285,United Kingdom(Mainland),CARDSUCCESS,DDCARD PAYMENT:MESDDD71R7SL9Z9421845,2.0,,ch_3SIBAqIdctIUMwHT2t5PAH0B,CPMT: 22247-DDI00143,CPMT: 22247-DDI00143-14/10/2025,
14/10/2025,22257,22257-DDI00145,Ndevor Systems Ltd : Phorest Ireland : Phorest UK,11010 Accounts Receivable : Trade Debtors,GBP,1.0,259.94,10020 Bank : BOI current a/c GBP # 62100285,United Kingdom(Mainland),CARDSUCCESS,DDCARD PAYMENT:MESDDDF1KE00P6P4K8NK3,2.0,,ch_3SIBAtIdctIUMwHT08rXONjN,CPMT: 22257-DDI00145,CPMT: 22257-DDI00145-14/10/2025,
14/10/2025,21716,21716-DDI00134,Ndevor Systems Ltd : Phorest Ireland : Phorest UK,11010 Accounts Receivable : Trade Debtors,GBP,1.0,204.41,10020 Bank : BOI current a/c GBP # 62100285,United Kingdom(Mainland),CARDSUCCESS,DDCARD PAYMENT:MESDDD342116KY7O1BXB1,2.0,,ch_3SIBAFIdctIUMwHT2ukHWvnc,CPMT: 21716-DDI00134,CPMT: 21716-DDI00134-14/10/2025,
14/10/2025,22301,22301-DDI00103,Ndevor Systems Ltd : Phorest Ireland : Phorest UK,11010 Accounts Receivable : Trade Debtors,GBP,1.0,178.52,10020 Bank : BOI current a/c GBP # 62100285,United Kingdom(Mainland),CARDSUCCESS,DDCARD PAYMENT:MESDDD5HYXTL696Q6DJKU,2.0,,ch_3SIBAvIdctIUMwHT2jEDkts2,CPMT: 22301-DDI00103,CPMT: 22301-DDI00103-14/10/2025,
14/10/2025,23041,23041-DDI00144,Ndevor Systems Ltd : Phorest Ireland : Phorest UK,11010 Accounts Receivable : Trade Debtors,GBP,1.0,2.96,10020 Bank : BOI current a/c GBP # 62100285,United Kingdom(Mainland),CARDSUCCESS,DDCARD PAYMENT:MESDDDT94G5240GGHYPS7,2.0,,ch_3SIBAzIdctIUMwHT1CdbKISg,CPMT: 23041-DDI00144,CPMT: 23041-DDI00144-14/10/2025,
14/10/2025,23079,23079-DDI00131,Ndevor Systems Ltd : Phorest Ireland : Phorest UK,11010 Accounts Receivable : Trade Debtors,GBP,1.0,190.8,10020 Bank : BOI current a/c GBP # 62100285,United Kingdom(Mainland),CARDSUCCESS,DDCARD PAYMENT:MESDDD0828078TM75R1WV,2.0,,ch_3SIBB2IdctIUMwHT1Ksbf6uJ,CPMT: 23079-DDI00131,CPMT: 23079-DDI00131-14/10/2025,
14/10/2025,23178,23178-DDI00141,Ndevor Systems Ltd : Phorest Ireland : Phorest UK,11010 Accounts Receivable : Trade Debtors,GBP,1.0,262.62,10020 Bank : BOI current a/c GBP # 62100285,United Kingdom(Mainland),CARDSUCCESS,DDCARD PAYMENT:MESDDD228EVYH79XT4510,2.0,,ch_3SIBB4IdctIUMwHT2lfmpDQi,CPMT: 23178-DDI00141,CPMT: 23178-DDI00141-14/10/2025,
14/10/2025,23203,23203-DDI00121,Ndevor Systems Ltd : Phorest Ireland : Phorest UK,11010 Accounts Receivable : Trade Debtors,GBP,1.0,315.2,10020 Bank : BOI current a/c GBP # 62100285,United Kingdom(Mainland),CARDSUCCESS,DDCARD PAYMENT:MESDDDF188CD98JTE899H,2.0,,ch_3SIBB6IdctIUMwHT2Kfp5fKt,CPMT: 23203-DDI00121,CPMT: 23203-DDI00121-14/10/2025,
14/10/2025,23235,23235-DDI00172,Ndevor Systems Ltd : Phorest Ireland : Phorest UK,11010 Accounts Receivable : Trade Debtors,GBP,1.0,190.88,10020 Bank : BOI current a/c GBP # 62100285,United Kingdom(Mainland),CARDSUCCESS,DDCARD PAYMENT:MESDDD527DQODF6XGI07O,2.0,,ch_3SIBB9IdctIUMwHT0BgyjcZF,CPMT: 23235-DDI00172,CPMT: 23235-DDI00172-14/10/2025,
14/10/2025,23280,23280-DDI00162,Ndevor Systems Ltd : Phorest Ireland : Phorest UK,11010 Accounts Receivable : Trade Debtors,GBP,1.0,348.78,10020 Bank : BOI current a/c GBP # 62100285,United Kingdom(Mainland),CARDSUCCESS,DDCARD PAYMENT:MESDDD6R0IY51N9I6UW3W,2.0,,ch_3SIBBBIdctIUMwHT1bJTvOeZ,CPMT: 23280-DDI00162,CPMT: 23280-DDI00162-14/10/2025,
14/10/2025,23287,23287-DDI00122,Ndevor Systems Ltd : Phorest Ireland : Phorest UK,11010 Accounts Receivable : Trade Debtors,GBP,1.0,185.44,10020 Bank : BOI current a/c GBP # 62100285,United Kingdom(Mainland),CARDSUCCESS,DDCARD PAYMENT:MESDDDOY2M40OFUM3K034,2.0,,ch_3SIBBDIdctIUMwHT1MrYqZyc,CPMT: 23287-DDI00122,CPMT: 23287-DDI00122-14/10/2025,
14/10/2025,23318,23318-DDI00131,Ndevor Systems Ltd : Phorest Ireland : Phorest UK,11010 Accounts Receivable : Trade Debtors,GBP,1.0,232.38,10020 Bank : BOI current a/c GBP # 62100285,United Kingdom(Mainland),CARDSUCCESS,DDCARD PAYMENT:MESDDDT50M2GE450N5QNA,2.0,,ch_3SIBBIIdctIUMwHT1EIW2YLN,CPMT: 23318-DDI00131,CPMT: 23318-DDI00131-14/10/2025,
14/10/2025,23353,23353-DDI00100,Ndevor Systems Ltd : Phorest Ireland : Phorest UK,11010 Accounts Receivable : Trade Debtors,GBP,1.0,58.8,10020 Bank : BOI current a/c GBP # 62100285,United Kingdom(Mainland),CARDSUCCESS,DDCARD PAYMENT:MESDDD0CIGQ0934M56C5Q,2.0,,ch_3SIBBLIdctIUMwHT13ztmpM6,CPMT: 23353-DDI00100,CPMT: 23353-DDI00100-14/10/2025,
14/10/2025,23474,23474-DDI00084,Ndevor Systems Ltd : Phorest Ireland : Phorest UK,11010 Accounts Receivable : Trade Debtors,GBP,1.0,166.8,10020 Bank : BOI current a/c GBP # 62100285,United Kingdom(Mainland),CARDSUCCESS,DDCARD PAYMENT:MESDDD1910PV5IGZH482Y,2.0,,ch_3SIBBNIdctIUMwHT1wIfN69x,CPMT: 23474-DDI00084,CPMT: 23474-DDI00084-14/10/2025,
14/10/2025,23532,23532-DDI00094,Ndevor Systems Ltd : Phorest Ireland : Phorest UK,11010 Accounts Receivable : Trade Debtors,GBP,1.0,233.52,10020 Bank : BOI current a/c GBP # 62100285,United Kingdom(Mainland),CARDSUCCESS,DDCARD PAYMENT:MESDDD3LEFDVQ5R925JX5,2.0,,ch_3SIBBPIdctIUMwHT0wBiLAkH,CPMT: 23532-DDI00094,CPMT: 23532-DDI00094-14/10/2025,
14/10/2025,23601,23601-DDI00151,Ndevor Systems Ltd : Phorest Ireland : Phorest UK,11010 Accounts Receivable : Trade Debtors,GBP,1.0,234.46,10020 Bank : BOI current a/c GBP # 62100285,United Kingdom(Mainland),CARDSUCCESS,DDCARD PAYMENT:MESDDDO6ALTY84UA94EL4,2.0,,ch_3SIBBSIdctIUMwHT0aI7nk3P,CPMT: 23601-DDI00151,CPMT: 23601-DDI00151-14/10/2025,
14/10/2025,24042,24042-DDI00127,Ndevor Systems Ltd : Phorest Ireland : Phorest UK,11010 Accounts Receivable : Trade Debtors,GBP,1.0,215.16,10020 Bank : BOI current a/c GBP # 62100285,United Kingdom(Mainland),CARDSUCCESS,DDCARD PAYMENT:MESDDD7M86M8GA9123G07,2.0,,ch_3SIBBZIdctIUMwHT2yCFSeZY,CPMT: 24042-DDI00127,CPMT: 24042-DDI00127-14/10/2025,
14/10/2025,22365,22365-DDI00122,Ndevor Systems Ltd : Phorest Ireland : Phorest UK,11010 Accounts Receivable : Trade Debtors,GBP,1.0,58.8,10020 Bank : BOI current a/c GBP # 62100285,United Kingdom(Mainland),CARDSUCCESS,DDCARD PAYMENT:MESDDDK9C9WFNF23K6262,2.0,,ch_3SIBAxIdctIUMwHT2FiGBqFZ,CPMT: 22365-DDI00122,CPMT: 22365-DDI00122-14/10/2025,
14/10/2025,24045,24045-DDI00084,Ndevor Systems Ltd : Phorest Ireland : Phorest UK,11010 Accounts Receivable : Trade Debtors,GBP,1.0,167.5,10020 Bank : BOI current a/c GBP # 62100285,United Kingdom(Mainland),CARDSUCCESS,DDCARD PAYMENT:MESDDDXS377ZC569WQAMS,2.0,,ch_3SIBBcIdctIUMwHT26ceswV3,CPMT: 24045-DDI00084,CPMT: 24045-DDI00084-14/10/2025,
14/10/2025,21702,21702-DDI00099,Ndevor Systems Ltd : Phorest Ireland : Phorest UK,11010 Accounts Receivable : Trade Debtors,GBP,1.0,118.8,10020 Bank : BOI current a/c GBP # 62100285,United Kingdom(Mainland),CARDSUCCESS,DDCARD PAYMENT:MESDDD919945M2B1U1OVP,2.0,,ch_3SIBADIdctIUMwHT28i4KdNv,CPMT: 21702-DDI00099,CPMT: 21702-DDI00099-14/10/2025,
14/10/2025,21658,21658-DDI00084,Ndevor Systems Ltd : Phorest Ireland : Phorest UK,11010 Accounts Receivable : Trade Debtors,GBP,1.0,198.44,10020 Bank : BOI current a/c GBP # 62100285,United Kingdom(Mainland),CARDSUCCESS,DDCARD PAYMENT:MESDDD2U790W1DTRNM54E,2.0,,ch_3SIBA9IdctIUMwHT0VMntOPe,CPMT: 21658-DDI00084,CPMT: 21658-DDI00084-14/10/2025,
14/10/2025,19372,19372-DDI00102,Ndevor Systems Ltd : Phorest Ireland : Phorest UK,11010 Accounts Receivable : Trade Debtors,GBP,1.0,68.96,10020 Bank : BOI current a/c GBP # 62100285,United Kingdom(Mainland),CARDSUCCESS,DDCARD PAYMENT:MESDDDC1DH8DPF182HUXJ,2.0,,ch_3SIB8rIdctIUMwHT0mEMFEKP,CPMT: 19372-DDI00102,CPMT: 19372-DDI00102-14/10/2025,
14/10/2025,19462,19462-DDI00136,Ndevor Systems Ltd : Phorest Ireland : Phorest UK,11010 Accounts Receivable : Trade Debtors,GBP,1.0,320.94,10020 Bank : BOI current a/c GBP # 62100285,United Kingdom(Mainland),CARDSUCCESS,DDCARD PAYMENT:MESDDD85526GAV15HB915,2.0,,ch_3SIB8tIdctIUMwHT0JkEWETc,CPMT: 19462-DDI00136,CPMT: 19462-DDI00136-14/10/2025,
14/10/2025,19593,19593-DDI00139,Ndevor Systems Ltd : Phorest Ireland : Phorest UK,11010 Accounts Receivable : Trade Debtors,GBP,1.0,336.37,10020 Bank : BOI current a/c GBP # 62100285,United Kingdom(Mainland),CARDSUCCESS,DDCARD PAYMENT:MESDDD06I685331YE5YG4,2.0,,ch_3SIB8wIdctIUMwHT1EgDcZ1o,CPMT: 19593-DDI00139,CPMT: 19593-DDI00139-14/10/2025,
14/10/2025,19656,19656-DDI00124,Ndevor Systems Ltd : Phorest Ireland : Phorest UK,11010 Accounts Receivable : Trade Debtors,GBP,1.0,149.03,10020 Bank : BOI current a/c GBP # 62100285,United Kingdom(Mainland),CARDSUCCESS,DDCARD PAYMENT:MESDDD230Z5C1Z5ZZ3WI2,2.0,,ch_3SIB8yIdctIUMwHT15bu02KO,CPMT: 19656-DDI00124,CPMT: 19656-DDI00124-14/10/2025,
14/10/2025,19720,19720-DDI00139,Ndevor Systems Ltd : Phorest Ireland : Phorest UK,11010 Accounts Receivable : Trade Debtors,GBP,1.0,129.23,10020 Bank : BOI current a/c GBP # 62100285,United Kingdom(NI),CARDSUCCESS,DDCARD PAYMENT:MESDDDE808M1R6964X379,2.0,,ch_3SIB90IdctIUMwHT1nbPSBZS,CPMT: 19720-DDI00139,CPMT: 19720-DDI00139-14/10/2025,
14/10/2025,19729,19729-DDI00138,Ndevor Systems Ltd : Phorest Ireland : Phorest UK,11010 Accounts Receivable : Trade Debtors,GBP,1.0,190.8,10020 Bank : BOI current a/c GBP # 62100285,United Kingdom(Mainland),CARDSUCCESS,DDCARD PAYMENT:MESDDD55PBWZTK6TG52AJ,2.0,,ch_3SIB93IdctIUMwHT0YadrJGU,CPMT: 19729-DDI00138,CPMT: 19729-DDI00138-14/10/2025,
14/10/2025,19789,19789-DDI00136,Ndevor Systems Ltd : Phorest Ireland : Phorest UK,11010 Accounts Receivable : Trade Debtors,GBP,1.0,274.52,10020 Bank : BOI current a/c GBP # 62100285,United Kingdom(Mainland),CARDSUCCESS,DDCARD PAYMENT:MESDDDOZV2G9521RDB41P,2.0,,ch_3SIB95IdctIUMwHT2lR2hOiD,CPMT: 19789-DDI00136,CPMT: 19789-DDI00136-14/10/2025,
14/10/2025,20029,20029-DDI00142,Ndevor Systems Ltd : Phorest Ireland : Phorest UK,11010 Accounts Receivable : Trade Debtors,GBP,1.0,118.8,10020 Bank : BOI current a/c GBP # 62100285,United Kingdom(Mainland),CARDSUCCESS,DDCARD PAYMENT:MESDDDIY52V6AN8U86H7I,2.0,,ch_3SIB9AIdctIUMwHT0FQTLEVW,CPMT: 20029-DDI00142,CPMT: 20029-DDI00142-14/10/2025,
14/10/2025,20053,20053-DDI00102,Ndevor Systems Ltd : Phorest Ireland : Phorest UK,11010 Accounts Receivable : Trade Debtors,GBP,1.0,192.82,10020 Bank : BOI current a/c GBP # 62100285,United Kingdom(Mainland),CARDSUCCESS,DDCARD PAYMENT:MESDDDQ9JY4DAEHUFZM70,2.0,,ch_3SIB9DIdctIUMwHT26TgsTgA,CPMT: 20053-DDI00102,CPMT: 20053-DDI00102-14/10/2025,
14/10/2025,20058,20058-DDI00091,Ndevor Systems Ltd : Phorest Ireland : Phorest UK,11010 Accounts Receivable : Trade Debtors,GBP,1.0,106.8,10020 Bank : BOI current a/c GBP # 62100285,United Kingdom(Mainland),CARDSUCCESS,DDCARD PAYMENT:MESDDDM15F244SV53J85Z,2.0,,ch_3SIB9FIdctIUMwHT2emkMqR9,CPMT: 20058-DDI00091,CPMT: 20058-DDI00091-14/10/2025,
14/10/2025,20180,20180-DDI00140,Ndevor Systems Ltd : Phorest Ireland : Phorest UK,11010 Accounts Receivable : Trade Debtors,GBP,1.0,132.79,10020 Bank : BOI current a/c GBP # 62100285,United Kingdom(Mainland),CARDSUCCESS,DDCARD PAYMENT:MESDDD4VYHVK3U43Z2WYG,2.0,,ch_3SIB9KIdctIUMwHT1ySNBWjM,CPMT: 20180-DDI00140,CPMT: 20180-DDI00140-14/10/2025,
14/10/2025,20203,20203-DDI00090,Ndevor Systems Ltd : Phorest Ireland : Phorest UK,11010 Accounts Receivable : Trade Debtors,GBP,1.0,304.62,10020 Bank : BOI current a/c GBP # 62100285,United Kingdom(Mainland),CARDSUCCESS,DDCARD PAYMENT:MESDDD6NIGX0P7N6V73CM,2.0,,ch_3SIB9MIdctIUMwHT0QHNyy97,CPMT: 20203-DDI00090,CPMT: 20203-DDI00090-14/10/2025,
14/10/2025,20223,20223-DDI00084,Ndevor Systems Ltd : Phorest Ireland : Phorest UK,11010 Accounts Receivable : Trade Debtors,GBP,1.0,172.73,10020 Bank : BOI current a/c GBP # 62100285,United Kingdom(Mainland),CARDSUCCESS,DDCARD PAYMENT:MESDDD7R074183V4I0X8N,2.0,,ch_3SIB9RIdctIUMwHT20v5lctU,CPMT: 20223-DDI00084,CPMT: 20223-DDI00084-14/10/2025,
14/10/2025,21669,21669-DDI00081,Ndevor Systems Ltd : Phorest Ireland : Phorest UK,11010 Accounts Receivable : Trade Debtors,GBP,1.0,161.8,10020 Bank : BOI current a/c GBP # 62100285,United Kingdom(NI),CARDSUCCESS,DDCARD PAYMENT:MESDDDV85756K055CRO66,2.0,,ch_3SIBABIdctIUMwHT0uITz1iQ,CPMT: 21669-DDI00081,CPMT: 21669-DDI00081-14/10/2025,
14/10/2025,20280,20280-DDI00142,Ndevor Systems Ltd : Phorest Ireland : Phorest UK,11010 Accounts Receivable : Trade Debtors,GBP,1.0,254.09,10020 Bank : BOI current a/c GBP # 62100285,United Kingdom(NI),CARDSUCCESS,DDCARD PAYMENT:MESDDDY269NXLEI0PLF3T,2.0,,ch_3SIB9TIdctIUMwHT15obEGoN,CPMT: 20280-DDI00142,CPMT: 20280-DDI00142-14/10/2025,
14/10/2025,20414,20414-DDI00079,Ndevor Systems Ltd : Phorest Ireland : Phorest UK,11010 Accounts Receivable : Trade Debtors,GBP,1.0,132.0,10020 Bank : BOI current a/c GBP # 62100285,United Kingdom(Mainland),CARDSUCCESS,DDCARD PAYMENT:MESDDDS1RZ589MS2WY5S1,2.0,,ch_3SIB9YIdctIUMwHT15eySbWX,CPMT: 20414-DDI00079,CPMT: 20414-DDI00079-14/10/2025,
14/10/2025,20470,20470-DDI00142,Ndevor Systems Ltd : Phorest Ireland : Phorest UK,11010 Accounts Receivable : Trade Debtors,GBP,1.0,154.8,10020 Bank : BOI current a/c GBP # 62100285,United Kingdom(Mainland),CARDSUCCESS,DDCARD PAYMENT:MESDDDGDCIRVC7U985U51,2.0,,ch_3SIB9bIdctIUMwHT2PlAAFdL,CPMT: 20470-DDI00142,CPMT: 20470-DDI00142-14/10/2025,
14/10/2025,20692,20692-DDI00137,Ndevor Systems Ltd : Phorest Ireland : Phorest UK,11010 Accounts Receivable : Trade Debtors,GBP,1.0,135.13,10020 Bank : BOI current a/c GBP # 62100285,United Kingdom(Mainland),CARDSUCCESS,DDCARD PAYMENT:MESDDD549ZDPA04ZZY98Q,2.0,,ch_3SIB9gIdctIUMwHT1cNUETqB,CPMT: 20692-DDI00137,CPMT: 20692-DDI00137-14/10/2025,
14/10/2025,20762,20762-DDI00133,Ndevor Systems Ltd : Phorest Ireland : Phorest UK,11010 Accounts Receivable : Trade Debtors,GBP,1.0,130.8,10020 Bank : BOI current a/c GBP # 62100285,United Kingdom(Mainland),CARDSUCCESS,DDCARD PAYMENT:MESDDDU234FQU90JIIXEQ,2.0,,ch_3SIB9iIdctIUMwHT2SDFwlJo,CPMT: 20762-DDI00133,CPMT: 20762-DDI00133-14/10/2025,
14/10/2025,20823,20823-DDI00113,Ndevor Systems Ltd : Phorest Ireland : Phorest UK,11010 Accounts Receivable : Trade Debtors,GBP,1.0,118.8,10020 Bank : BOI current a/c GBP # 62100285,United Kingdom(Mainland),CARDSUCCESS,DDCARD PAYMENT:MESDDDMUE30F74EFQ8JJ2,2.0,,ch_3SIB9kIdctIUMwHT0UW8chOJ,CPMT: 20823-DDI00113,CPMT: 20823-DDI00113-14/10/2025,
14/10/2025,21169,21169-DDI00137,Ndevor Systems Ltd : Phorest Ireland : Phorest UK,11010 Accounts Receivable : Trade Debtors,GBP,1.0,194.76,10020 Bank : BOI current a/c GBP # 62100285,United Kingdom(Mainland),CARDSUCCESS,DDCARD PAYMENT:MESDDDO79RUASF37W4465,2.0,,ch_3SIB9pIdctIUMwHT2KHAJcp7,CPMT: 21169-DDI00137,CPMT: 21169-DDI00137-14/10/2025,
14/10/2025,21330,21330-DDI00129,Ndevor Systems Ltd : Phorest Ireland : Phorest UK,11010 Accounts Receivable : Trade Debtors,GBP,1.0,63.62,10020 Bank : BOI current a/c GBP # 62100285,United Kingdom(Mainland),CARDSUCCESS,DDCARD PAYMENT:MESDDDY2Y074C4B1ZQG7M,2.0,,ch_3SIB9sIdctIUMwHT2IpdG207,CPMT: 21330-DDI00129,CPMT: 21330-DDI00129-14/10/2025,
14/10/2025,21373,21373-DDI00130,Ndevor Systems Ltd : Phorest Ireland : Phorest UK,11010 Accounts Receivable : Trade Debtors,GBP,1.0,787.04,10020 Bank : BOI current a/c GBP # 62100285,United Kingdom(Mainland),CARDSUCCESS,DDCARD PAYMENT:MESDDDC5838OM7M8CQ56Y,2.0,,ch_3SIB9uIdctIUMwHT2e0KbxZm,CPMT: 21373-DDI00130,CPMT: 21373-DDI00130-14/10/2025,
14/10/2025,21418,21418-DDI00081,Ndevor Systems Ltd : Phorest Ireland : Phorest UK,11010 Accounts Receivable : Trade Debtors,GBP,1.0,144.0,10020 Bank : BOI current a/c GBP # 62100285,United Kingdom(Mainland),CARDSUCCESS,DDCARD PAYMENT:MESDDD8X6T18XB3ZV6GE1,2.0,,ch_3SIB9xIdctIUMwHT0pL16aBb,CPMT: 21418-DDI00081,CPMT: 21418-DDI00081-14/10/2025,
14/10/2025,21419,21419-DDI00112,Ndevor Systems Ltd : Phorest Ireland : Phorest UK,11010 Accounts Receivable : Trade Debtors,GBP,1.0,144.0,10020 Bank : BOI current a/c GBP # 62100285,United Kingdom(Mainland),CARDSUCCESS,DDCARD PAYMENT:MESDDD29947CY573TOISR,2.0,,ch_3SIB9zIdctIUMwHT27twatm9,CPMT: 21419-DDI00112,CPMT: 21419-DDI00112-14/10/2025,
14/10/2025,21420,21420-DDI00079,Ndevor Systems Ltd : Phorest Ireland : Phorest UK,11010 Accounts Receivable : Trade Debtors,GBP,1.0,144.0,10020 Bank : BOI current a/c GBP # 62100285,United Kingdom(Mainland),CARDSUCCESS,DDCARD PAYMENT:MESDDDYIW0OWGPKJ36225,2.0,,ch_3SIBA1IdctIUMwHT2Zmso3wS,CPMT: 21420-DDI00079,CPMT: 21420-DDI00079-14/10/2025,
14/10/2025,21599,21599-DDI00135,Ndevor Systems Ltd : Phorest Ireland : Phorest UK,11010 Accounts Receivable : Trade Debtors,GBP,1.0,202.64,10020 Bank : BOI current a/c GBP # 62100285,United Kingdom(Mainland),CARDSUCCESS,DDCARD PAYMENT:MESDDDV0S01XD508UV8I7,2.0,,ch_3SIBA4IdctIUMwHT0lOdGCPg,CPMT: 21599-DDI00135,CPMT: 21599-DDI00135-14/10/2025,
14/10/2025,21657,21657-DDI00095,Ndevor Systems Ltd : Phorest Ireland : Phorest UK,11010 Accounts Receivable : Trade Debtors,GBP,1.0,130.8,10020 Bank : BOI current a/c GBP # 62100285,United Kingdom(Mainland),CARDSUCCESS,DDCARD PAYMENT:MESDDDD98DNSRP580RA5P,2.0,,ch_3SIBA6IdctIUMwHT0HGcxo2J,CPMT: 21657-DDI00095,CPMT: 21657-DDI00095-14/10/2025,
14/10/2025,20360,20360-DDI00115,Ndevor Systems Ltd : Phorest Ireland : Phorest UK,11010 Accounts Receivable : Trade Debtors,GBP,1.0,137.0,10020 Bank : BOI current a/c GBP # 62100285,United Kingdom(Mainland),CARDSUCCESS,DDCARD PAYMENT:MESDDD5156SE564S74QKM,2.0,,ch_3SIB9WIdctIUMwHT1M0OBKDD,CPMT: 20360-DDI00115,CPMT: 20360-DDI00115-14/10/2025,
14/10/2025,24061,24061-DDI00138,Ndevor Systems Ltd : Phorest Ireland : Phorest UK,11010 Accounts Receivable : Trade Debtors,GBP,1.0,389.94,10020 Bank : BOI current a/c GBP # 62100285,United Kingdom(Mainland),CARDSUCCESS,DDCARD PAYMENT:MESDDDTHU688FKO89U2A3,2.0,,ch_3SIBBeIdctIUMwHT0RIzmOzJ,CPMT: 24061-DDI00138,CPMT: 24061-DDI00138-14/10/2025,
14/10/2025,24079,24079-DDI00135,Ndevor Systems Ltd : Phorest Ireland : Phorest UK,11010 Accounts Receivable : Trade Debtors,GBP,1.0,215.66,10020 Bank : BOI current a/c GBP # 62100285,United Kingdom(Mainland),CARDSUCCESS,DDCARD PAYMENT:MESDDD6PK77A1B023735J,2.0,,ch_3SIBBhIdctIUMwHT1SuEIHPH,CPMT: 24079-DDI00135,CPMT: 24079-DDI00135-14/10/2025,
14/10/2025,24455,24455-DDI00142,Ndevor Systems Ltd : Phorest Ireland : Phorest UK,11010 Accounts Receivable : Trade Debtors,GBP,1.0,173.32,10020 Bank : BOI current a/c GBP # 62100285,United Kingdom(Mainland),CARDSUCCESS,DDCARD PAYMENT:MESDDD9MXEM9813MIB8WK,2.0,,ch_3SIBBkIdctIUMwHT2ARKhe5K,CPMT: 24455-DDI00142,CPMT: 24455-DDI00142-14/10/2025,
14/10/2025,27468,27468-DDI00071,Ndevor Systems Ltd : Phorest Ireland : Phorest UK,11010 Accounts Receivable : Trade Debtors,GBP,1.0,208.36,10020 Bank : BOI current a/c GBP # 62100285,United Kingdom(Mainland),CARDSUCCESS,DDCARD PAYMENT:MESDDD5J99RP504XOA4GS,2.0,,ch_3SIBDJIdctIUMwHT2Sv7hqca,CPMT: 27468-DDI00071,CPMT: 27468-DDI00071-14/10/2025,
14/10/2025,27790,27790-DDI00122,Ndevor Systems Ltd : Phorest Ireland : Phorest UK,11010 Accounts Receivable : Trade Debtors,GBP,1.0,166.8,10020 Bank : BOI current a/c GBP # 62100285,United Kingdom(Mainland),CARDSUCCESS,DDCARD PAYMENT:MESDDDMK9RI76Y5QN40DF,2.0,,ch_3SIBDOIdctIUMwHT2W8eMye6,CPMT: 27790-DDI00122,CPMT: 27790-DDI00122-14/10/2025,
14/10/2025,27876,27876-DDI00076,Ndevor Systems Ltd : Phorest Ireland : Phorest UK,11010 Accounts Receivable : Trade Debtors,GBP,1.0,118.8,10020 Bank : BOI current a/c GBP # 62100285,United Kingdom(Mainland),CARDSUCCESS,DDCARD PAYMENT:MESDDD8PZ552LMA586CI0,2.0,,ch_3SIBDQIdctIUMwHT0Q1S4bwb,CPMT: 27876-DDI00076,CPMT: 27876-DDI00076-14/10/2025,
14/10/2025,27917,27917-DDI00121,Ndevor Systems Ltd : Phorest Ireland : Phorest UK,11010 Accounts Receivable : Trade Debtors,GBP,1.0,317.98,10020 Bank : BOI current a/c GBP # 62100285,United Kingdom(Mainland),CARDSUCCESS,DDCARD PAYMENT:MESDDD6Z98H2VW1Y6SRXT,2.0,,ch_3SIBDTIdctIUMwHT1aiAPYIL,CPMT: 27917-DDI00121,CPMT: 27917-DDI00121-14/10/2025,
14/10/2025,27948,27948-DDI00177,Ndevor Systems Ltd : Phorest Ireland : Phorest UK,11010 Accounts Receivable : Trade Debtors,GBP,1.0,190.8,10020 Bank : BOI current a/c GBP # 62100285,United Kingdom(Mainland),CARDSUCCESS,DDCARD PAYMENT:MESDDD5311M351VPRV3SV,2.0,,ch_3SIBDVIdctIUMwHT2rgxFuJU,CPMT: 27948-DDI00177,CPMT: 27948-DDI00177-14/10/2025,
14/10/2025,27965,27965-DDI00119,Ndevor Systems Ltd : Phorest Ireland : Phorest UK,11010 Accounts Receivable : Trade Debtors,GBP,1.0,121.82,10020 Bank : BOI current a/c GBP # 62100285,United Kingdom(Mainland),CARDSUCCESS,DDCARD PAYMENT:MESDDDL5T4N73GP28R647,2.0,,ch_3SIBDYIdctIUMwHT2TODrZQA,CPMT: 27965-DDI00119,CPMT: 27965-DDI00119-14/10/2025,
14/10/2025,28474,28474-DDI00090,Ndevor Systems Ltd : Phorest Ireland : Phorest UK,11010 Accounts Receivable : Trade Debtors,GBP,1.0,321.5,10020 Bank : BOI current a/c GBP # 62100285,United Kingdom(Mainland),CARDSUCCESS,DDCARD PAYMENT:MESDDDJ847WN76I0AUTJ3,2.0,,ch_3SIBDdIdctIUMwHT2SiHOQWA,CPMT: 28474-DDI00090,CPMT: 28474-DDI00090-14/10/2025,
14/10/2025,28572,28572-DDI00132,Ndevor Systems Ltd : Phorest Ireland : Phorest UK,11010 Accounts Receivable : Trade Debtors,GBP,1.0,190.8,10020 Bank : BOI current a/c GBP # 62100285,United Kingdom(Mainland),CARDSUCCESS,DDCARD PAYMENT:MESDDD7UL4IJ6F2S9JV32,2.0,,ch_3SIBDfIdctIUMwHT0ULcl8Qn,CPMT: 28572-DDI00132,CPMT: 28572-DDI00132-14/10/2025,
14/10/2025,28667,28667-DDI00107,Ndevor Systems Ltd : Phorest Ireland : Phorest UK,11010 Accounts Receivable : Trade Debtors,GBP,1.0,67.2,10020 Bank : BOI current a/c GBP # 62100285,United Kingdom(Mainland),CARDSUCCESS,DDCARD PAYMENT:MESDDDQ6E5BV34D1AJU2E,2.0,,ch_3SIBDhIdctIUMwHT0GtEEYwO,CPMT: 28667-DDI00107,CPMT: 28667-DDI00107-14/10/2025,
14/10/2025,28673,28673-DDI00137,Ndevor Systems Ltd : Phorest Ireland : Phorest UK,11010 Accounts Receivable : Trade Debtors,GBP,1.0,354.65,10020 Bank : BOI current a/c GBP # 62100285,United Kingdom(Mainland),CARDSUCCESS,DDCARD PAYMENT:MESDDD8CNZUAUV6BU79O2,2.0,,ch_3SIBDkIdctIUMwHT2CHPoNp6,CPMT: 28673-DDI00137,CPMT: 28673-DDI00137-14/10/2025,
14/10/2025,28786,28786-DDI00079,Ndevor Systems Ltd : Phorest Ireland : Phorest UK,11010 Accounts Receivable : Trade Debtors,GBP,1.0,74.17,10020 Bank : BOI current a/c GBP # 62100285,United Kingdom(Mainland),CARDSUCCESS,DDCARD PAYMENT:MESDDDOGC1MRMMY1VF94P,2.0,,ch_3SIBDmIdctIUMwHT2k3vNwmC,CPMT: 28786-DDI00079,CPMT: 28786-DDI00079-14/10/2025,
14/10/2025,28787,28787-DDI00127,Ndevor Systems Ltd : Phorest Ireland : Phorest UK,11010 Accounts Receivable : Trade Debtors,GBP,1.0,482.0,10020 Bank : BOI current a/c GBP # 62100285,United Kingdom(NI),CARDSUCCESS,DDCARD PAYMENT:MESDDDOLN169C9V75Q5IN,2.0,,ch_3SIBDoIdctIUMwHT1HdndbXQ,CPMT: 28787-DDI00127,CPMT: 28787-DDI00127-14/10/2025,
14/10/2025,28917,28917-DDI00132,Ndevor Systems Ltd : Phorest Ireland : Phorest UK,11010 Accounts Receivable : Trade Debtors,GBP,1.0,190.8,10020 Bank : BOI current a/c GBP # 62100285,United Kingdom(Mainland),CARDSUCCESS,DDCARD PAYMENT:MESDDD97ZJCASWEV265K1,2.0,,ch_3SIBDrIdctIUMwHT1SETIna1,CPMT: 28917-DDI00132,CPMT: 28917-DDI00132-14/10/2025,
14/10/2025,27323,27323-DDI00079,Ndevor Systems Ltd : Phorest Ireland : Phorest UK,11010 Accounts Receivable : Trade Debtors,GBP,1.0,160.12,10020 Bank : BOI current a/c GBP # 62100285,United Kingdom(Mainland),CARDSUCCESS,DDCARD PAYMENT:MESDDD4I22HA5J4B08M5J,2.0,,ch_3SIBDEIdctIUMwHT2F9wWr7v,CPMT: 27323-DDI00079,CPMT: 27323-DDI00079-14/10/2025,
14/10/2025,28995,28995-DDI00114,Ndevor Systems Ltd : Phorest Ireland : Phorest UK,11010 Accounts Receivable : Trade Debtors,GBP,1.0,178.8,10020 Bank : BOI current a/c GBP # 62100285,United Kingdom(Mainland),CARDSUCCESS,DDCARD PAYMENT:MESDDD8Y30J5D484QC477,2.0,,ch_3SIBDwIdctIUMwHT1gQkv7y9,CPMT: 28995-DDI00114,CPMT: 28995-DDI00114-14/10/2025,
14/10/2025,29051,29051-DDI00109,Ndevor Systems Ltd : Phorest Ireland : Phorest UK,11010 Accounts Receivable : Trade Debtors,GBP,1.0,232.21,10020 Bank : BOI current a/c GBP # 62100285,United Kingdom(Mainland),CARDSUCCESS,DDCARD PAYMENT:MESDDD1IP3ZFIEFW9751N,2.0,,ch_3SIBE0IdctIUMwHT1TCcVPos,CPMT: 29051-DDI00109,CPMT: 29051-DDI00109-14/10/2025,
14/10/2025,29059,29059-DDI00116,Ndevor Systems Ltd : Phorest Ireland : Phorest UK,11010 Accounts Receivable : Trade Debtors,GBP,1.0,58.88,10020 Bank : BOI current a/c GBP # 62100285,United Kingdom(Mainland),CARDSUCCESS,DDCARD PAYMENT:MESDDD7W078L0LAB254N9,2.0,,ch_3SIBE2IdctIUMwHT1Pd7sWhz,CPMT: 29059-DDI00116,CPMT: 29059-DDI00116-14/10/2025,
14/10/2025,29114,29114-DDI00107,Ndevor Systems Ltd : Phorest Ireland : Phorest UK,11010 Accounts Receivable : Trade Debtors,GBP,1.0,232.21,10020 Bank : BOI current a/c GBP # 62100285,United Kingdom(Mainland),CARDSUCCESS,DDCARD PAYMENT:MESDDD7S4U45S6860W598,2.0,,ch_3SIBE7IdctIUMwHT0e4GPPXy,CPMT: 29114-DDI00107,CPMT: 29114-DDI00107-14/10/2025,
14/10/2025,29115,29115-DDI00139,Ndevor Systems Ltd : Phorest Ireland : Phorest UK,11010 Accounts Receivable : Trade Debtors,GBP,1.0,310.58,10020 Bank : BOI current a/c GBP # 62100285,Isle of Man,CARDSUCCESS,DDCARD PAYMENT:MESDDD0473LF7T59V4D1Y,2.0,,ch_3SIBEAIdctIUMwHT0Iii0ff2,CPMT: 29115-DDI00139,CPMT: 29115-DDI00139-14/10/2025,
14/10/2025,39978,39978-DDI00092,Ndevor Systems Ltd : Phorest Ireland : Phorest UK,11010 Accounts Receivable : Trade Debtors,GBP,1.0,266.2,10020 Bank : BOI current a/c GBP # 62100285,United Kingdom(Mainland),CARDSUCCESS,DDCARD PAYMENT:MESDDD7E55UWY3X31Y95U,2.0,,ch_3SIBKDIdctIUMwHT11wxXmRD,CPMT: 39978-DDI00092,CPMT: 39978-DDI00092-14/10/2025,
14/10/2025,29267,29267-DDI00133,Ndevor Systems Ltd : Phorest Ireland : Phorest UK,11010 Accounts Receivable : Trade Debtors,GBP,1.0,314.59,10020 Bank : BOI current a/c GBP # 62100285,United Kingdom(Mainland),CARDSUCCESS,DDCARD PAYMENT:MESDDDURW0259S48X4H94,2.0,,ch_3SIBEEIdctIUMwHT0QhmMtPt,CPMT: 29267-DDI00133,CPMT: 29267-DDI00133-14/10/2025,
14/10/2025,29377,29377-DDI00066,Ndevor Systems Ltd : Phorest Ireland : Phorest UK,11010 Accounts Receivable : Trade Debtors,GBP,1.0,270.29,10020 Bank : BOI current a/c GBP # 62100285,United Kingdom(Mainland),CARDSUCCESS,DDCARD PAYMENT:MESDDD2BUBJ57WI7X62WZ,2.0,,ch_3SIBEHIdctIUMwHT27JRpWmr,CPMT: 29377-DDI00066,CPMT: 29377-DDI00066-14/10/2025,
14/10/2025,29458,29458-DDI00106,Ndevor Systems Ltd : Phorest Ireland : Phorest UK,11010 Accounts Receivable : Trade Debtors,GBP,1.0,281.74,10020 Bank : BOI current a/c GBP # 62100285,United Kingdom(Mainland),CARDSUCCESS,DDCARD PAYMENT:MESDDD1FE8J2GJAX7F0OR,2.0,,ch_3SIBEJIdctIUMwHT1eoJJLOZ,CPMT: 29458-DDI00106,CPMT: 29458-DDI00106-14/10/2025,
14/10/2025,29534,29534-DDI00098,Ndevor Systems Ltd : Phorest Ireland : Phorest UK,11010 Accounts Receivable : Trade Debtors,GBP,1.0,493.12,10020 Bank : BOI current a/c GBP # 62100285,Isle of Man,CARDSUCCESS,DDCARD PAYMENT:MESDDD7TZ0RRG1IX12D32,2.0,,ch_3SIBEOIdctIUMwHT00iyY5XS,CPMT: 29534-DDI00098,CPMT: 29534-DDI00098-14/10/2025,
14/10/2025,29580,29580-DDI00134,Ndevor Systems Ltd : Phorest Ireland : Phorest UK,11010 Accounts Receivable : Trade Debtors,GBP,1.0,166.8,10020 Bank : BOI current a/c GBP # 62100285,United Kingdom(Mainland),CARDSUCCESS,DDCARD PAYMENT:MESDDDPO739H25Z6OJ98C,2.0,,ch_3SIBEQIdctIUMwHT1ztXxuK3,CPMT: 29580-DDI00134,CPMT: 29580-DDI00134-14/10/2025,
14/10/2025,30014,30014-DDI00137,Ndevor Systems Ltd : Phorest Ireland : Phorest UK,11010 Accounts Receivable : Trade Debtors,GBP,1.0,226.8,10020 Bank : BOI current a/c GBP # 62100285,United Kingdom(Mainland),CARDSUCCESS,DDCARD PAYMENT:MESDDDR8GT49473BIS6LO,2.0,,ch_3SIBEWIdctIUMwHT0gmIhzza,CPMT: 30014-DDI00137,CPMT: 30014-DDI00137-14/10/2025,
14/10/2025,30017,30017-DDI00131,Ndevor Systems Ltd : Phorest Ireland : Phorest UK,11010 Accounts Receivable : Trade Debtors,GBP,1.0,392.95,10020 Bank : BOI current a/c GBP # 62100285,United Kingdom(Mainland),CARDSUCCESS,DDCARD PAYMENT:MESDDD19TK1T5E2EXP08X,2.0,,ch_3SIBEYIdctIUMwHT1g6oAXoT,CPMT: 30017-DDI00131,CPMT: 30017-DDI00131-14/10/2025,
14/10/2025,30039,30039-DDI00108,Ndevor Systems Ltd : Phorest Ireland : Phorest UK,11010 Accounts Receivable : Trade Debtors,GBP,1.0,365.38,10020 Bank : BOI current a/c GBP # 62100285,United Kingdom(Mainland),CARDSUCCESS,DDCARD PAYMENT:MESDDD58C6W77WGIIV9FJ,2.0,,ch_3SIBEaIdctIUMwHT25Aqduy9,CPMT: 30039-DDI00108,CPMT: 30039-DDI00108-14/10/2025,
14/10/2025,29013,29013-DDI00127,Ndevor Systems Ltd : Phorest Ireland : Phorest UK,11010 Accounts Receivable : Trade Debtors,GBP,1.0,190.8,10020 Bank : BOI current a/c GBP # 62100285,United Kingdom(Mainland),CARDSUCCESS,DDCARD PAYMENT:MESDDD9S23FSD9BS92L6W,2.0,,ch_3SIBDyIdctIUMwHT1j1KGIzw,CPMT: 29013-DDI00127,CPMT: 29013-DDI00127-14/10/2025,
14/10/2025,26990,26990-DDI00125,Ndevor Systems Ltd : Phorest Ireland : Phorest UK,11010 Accounts Receivable : Trade Debtors,GBP,1.0,197.8,10020 Bank : BOI current a/c GBP # 62100285,United Kingdom(Mainland),CARDSUCCESS,DDCARD PAYMENT:MESDDD379LU571A9YD6V8,2.0,,ch_3SIBDCIdctIUMwHT0k7VDFey,CPMT: 26990-DDI00125,CPMT: 26990-DDI00125-14/10/2025,
14/10/2025,26974,26974-DDI00125,Ndevor Systems Ltd : Phorest Ireland : Phorest UK,11010 Accounts Receivable : Trade Debtors,GBP,1.0,62.16,10020 Bank : BOI current a/c GBP # 62100285,United Kingdom(Mainland),CARDSUCCESS,DDCARD PAYMENT:MESDDD3KTT27N0E2XYROQ,2.0,,ch_3SIBD9IdctIUMwHT2KxgMrFc,CPMT: 26974-DDI00125,CPMT: 26974-DDI00125-14/10/2025,
14/10/2025,26951,26951-DDI00121,Ndevor Systems Ltd : Phorest Ireland : Phorest UK,11010 Accounts Receivable : Trade Debtors,GBP,1.0,249.66,10020 Bank : BOI current a/c GBP # 62100285,United Kingdom(Mainland),CARDSUCCESS,DDCARD PAYMENT:MESDDD91HL2DZ742I184Z,2.0,,ch_3SIBD5IdctIUMwHT0f3vtJn6,CPMT: 26951-DDI00121,CPMT: 26951-DDI00121-14/10/2025,
14/10/2025,24489,24489-DDI00110,Ndevor Systems Ltd : Phorest Ireland : Phorest UK,11010 Accounts Receivable : Trade Debtors,GBP,1.0,166.8,10020 Bank : BOI current a/c GBP # 62100285,United Kingdom(Mainland),CARDSUCCESS,DDCARD PAYMENT:MESDDD74Y321MY0ZCH7Z2,2.0,,ch_3SIBBmIdctIUMwHT051ww5ck,CPMT: 24489-DDI00110,CPMT: 24489-DDI00110-14/10/2025,
14/10/2025,24490,24490-DDI00111,Ndevor Systems Ltd : Phorest Ireland : Phorest UK,11010 Accounts Receivable : Trade Debtors,GBP,1.0,190.8,10020 Bank : BOI current a/c GBP # 62100285,United Kingdom(Mainland),CARDSUCCESS,DDCARD PAYMENT:MESDDDS73UKYG47GJ9V76,2.0,,ch_3SIBBpIdctIUMwHT1HzXxmmn,CPMT: 24490-DDI00111,CPMT: 24490-DDI00111-14/10/2025,
14/10/2025,24492,24492-DDI00084,Ndevor Systems Ltd : Phorest Ireland : Phorest UK,11010 Accounts Receivable : Trade Debtors,GBP,1.0,166.8,10020 Bank : BOI current a/c GBP # 62100285,United Kingdom(Mainland),CARDSUCCESS,DDCARD PAYMENT:MESDDD0L8255197SZS235,2.0,,ch_3SIBBrIdctIUMwHT22iXByBS,CPMT: 24492-DDI00084,CPMT: 24492-DDI00084-14/10/2025,
14/10/2025,24493,24493-DDI00084,Ndevor Systems Ltd : Phorest Ireland : Phorest UK,11010 Accounts Receivable : Trade Debtors,GBP,1.0,237.6,10020 Bank : BOI current a/c GBP # 62100285,United Kingdom(Mainland),CARDSUCCESS,DDCARD PAYMENT:MESDDD09K6T04386C06ZX,2.0,,ch_3SIBBtIdctIUMwHT22XXNmuv,CPMT: 24493-DDI00084,CPMT: 24493-DDI00084-14/10/2025,
14/10/2025,24511,24511-DDI00135,Ndevor Systems Ltd : Phorest Ireland : Phorest UK,11010 Accounts Receivable : Trade Debtors,GBP,1.0,374.35,10020 Bank : BOI current a/c GBP # 62100285,United Kingdom(Mainland),CARDSUCCESS,DDCARD PAYMENT:MESDDD934MM333A6PDL85,2.0,,ch_3SIBBwIdctIUMwHT0uxsSjEP,CPMT: 24511-DDI00135,CPMT: 24511-DDI00135-14/10/2025,
14/10/2025,24514,24514-DDI00132,Ndevor Systems Ltd : Phorest Ireland : Phorest UK,11010 Accounts Receivable : Trade Debtors,GBP,1.0,158.54,10020 Bank : BOI current a/c GBP # 62100285,United Kingdom(Mainland),CARDSUCCESS,DDCARD PAYMENT:MESDDD56NN9714J02Q311,2.0,,ch_3SIBByIdctIUMwHT2QfqFf8f,CPMT: 24514-DDI00132,CPMT: 24514-DDI00132-14/10/2025,
14/10/2025,24530,24530-DDI00137,Ndevor Systems Ltd : Phorest Ireland : Phorest UK,11010 Accounts Receivable : Trade Debtors,GBP,1.0,251.41,10020 Bank : BOI current a/c GBP # 62100285,United Kingdom(Mainland),CARDSUCCESS,DDCARD PAYMENT:MESDDDB8U1T2P4YVZ68W9,2.0,,ch_3SIBC3IdctIUMwHT1p02C7US,CPMT: 24530-DDI00137,CPMT: 24530-DDI00137-14/10/2025,
14/10/2025,24540,24540-DDI00135,Ndevor Systems Ltd : Phorest Ireland : Phorest UK,11010 Accounts Receivable : Trade Debtors,GBP,1.0,208.61,10020 Bank : BOI current a/c GBP # 62100285,United Kingdom(Mainland),CARDSUCCESS,DDCARD PAYMENT:MESDDD57U89289C4ZN0NN,2.0,,ch_3SIBC6IdctIUMwHT02jwT1SY,CPMT: 24540-DDI00135,CPMT: 24540-DDI00135-14/10/2025,
14/10/2025,24551,24551-DDI00117,Ndevor Systems Ltd : Phorest Ireland : Phorest UK,11010 Accounts Receivable : Trade Debtors,GBP,1.0,124.64,10020 Bank : BOI current a/c GBP # 62100285,United Kingdom(Mainland),CARDSUCCESS,DDCARD PAYMENT:MESDDD96J96KX83Z65KR9,2.0,,ch_3SIBC8IdctIUMwHT1Byr7VSE,CPMT: 24551-DDI00117,CPMT: 24551-DDI00117-14/10/2025,
14/10/2025,24610,24610-DDI00136,Ndevor Systems Ltd : Phorest Ireland : Phorest UK,11010 Accounts Receivable : Trade Debtors,GBP,1.0,273.92,10020 Bank : BOI current a/c GBP # 62100285,United Kingdom(Mainland),CARDSUCCESS,DDCARD PAYMENT:MESDDD93KFB5M9E8M5PXG,2.0,,ch_3SIBCAIdctIUMwHT1qPSnNpq,CPMT: 24610-DDI00136,CPMT: 24610-DDI00136-14/10/2025,
14/10/2025,24615,24615-DDI00164,Ndevor Systems Ltd : Phorest Ireland : Phorest UK,11010 Accounts Receivable : Trade Debtors,GBP,1.0,222.48,10020 Bank : BOI current a/c GBP # 62100285,United Kingdom(Mainland),CARDSUCCESS,DDCARD PAYMENT:MESDDD5PZ371SF2Q5SC0T,2.0,,ch_3SIBCCIdctIUMwHT14EeakKu,CPMT: 24615-DDI00164,CPMT: 24615-DDI00164-14/10/2025,
14/10/2025,24617,24617-DDI00098,Ndevor Systems Ltd : Phorest Ireland : Phorest UK,11010 Accounts Receivable : Trade Debtors,GBP,1.0,168.59,10020 Bank : BOI current a/c GBP # 62100285,United Kingdom(Mainland),CARDSUCCESS,DDCARD PAYMENT:MESDDDD1CHNI4530XUI83,2.0,,ch_3SIBCFIdctIUMwHT0PdIna2x,CPMT: 24617-DDI00098,CPMT: 24617-DDI00098-14/10/2025,
14/10/2025,24654,24654-DDI00075,Ndevor Systems Ltd : Phorest Ireland : Phorest UK,11010 Accounts Receivable : Trade Debtors,GBP,1.0,142.8,10020 Bank : BOI current a/c GBP # 62100285,United Kingdom(Mainland),CARDSUCCESS,DDCARD PAYMENT:MESDDDS4113VL8X7F9TIB,2.0,,ch_3SIBCHIdctIUMwHT2aCrhPeY,CPMT: 24654-DDI00075,CPMT: 24654-DDI00075-14/10/2025,
14/10/2025,24675,24675-DDI00111,Ndevor Systems Ltd : Phorest Ireland : Phorest UK,11010 Accounts Receivable : Trade Debtors,GBP,1.0,142.8,10020 Bank : BOI current a/c GBP # 62100285,United Kingdom(Mainland),CARDSUCCESS,DDCARD PAYMENT:MESDDD5WGON89IMD3B0K1,2.0,,ch_3SIBCJIdctIUMwHT0HaQeqK4,CPMT: 24675-DDI00111,CPMT: 24675-DDI00111-14/10/2025,
14/10/2025,25009,25009-DDI00126,Ndevor Systems Ltd : Phorest Ireland : Phorest UK,11010 Accounts Receivable : Trade Debtors,GBP,1.0,162.58,10020 Bank : BOI current a/c GBP # 62100285,United Kingdom(Mainland),CARDSUCCESS,DDCARD PAYMENT:MESDDD8275713AB635UXD,2.0,,ch_3SIBCMIdctIUMwHT22AESfXE,CPMT: 25009-DDI00126,CPMT: 25009-DDI00126-14/10/2025,
14/10/2025,25129,25129-DDI00120,Ndevor Systems Ltd : Phorest Ireland : Phorest UK,11010 Accounts Receivable : Trade Debtors,GBP,1.0,219.13,10020 Bank : BOI current a/c GBP # 62100285,United Kingdom(Mainland),CARDSUCCESS,DDCARD PAYMENT:MESDDD27Q286Y18GP4KP6,2.0,,ch_3SIBCOIdctIUMwHT0DVP7VEi,CPMT: 25129-DDI00120,CPMT: 25129-DDI00120-14/10/2025,
14/10/2025,25260,25260-DDI00132,Ndevor Systems Ltd : Phorest Ireland : Phorest UK,11010 Accounts Receivable : Trade Debtors,GBP,1.0,181.09,10020 Bank : BOI current a/c GBP # 62100285,United Kingdom(Mainland),CARDSUCCESS,DDCARD PAYMENT:MESDDD345I22012O1A8Y7,2.0,,ch_3SIBCQIdctIUMwHT1MENMLVv,CPMT: 25260-DDI00132,CPMT: 25260-DDI00132-14/10/2025,
14/10/2025,25593,25593-DDI00146,Ndevor Systems Ltd : Phorest Ireland : Phorest UK,11010 Accounts Receivable : Trade Debtors,GBP,1.0,169.54,10020 Bank : BOI current a/c GBP # 62100285,United Kingdom(Mainland),CARDSUCCESS,DDCARD PAYMENT:MESDDD59IUI83289V91E5,2.0,,ch_3SIBCVIdctIUMwHT1hcZZuiO,CPMT: 25593-DDI00146,CPMT: 25593-DDI00146-14/10/2025,
14/10/2025,25637,25637-DDI00098,Ndevor Systems Ltd : Phorest Ireland : Phorest UK,11010 Accounts Receivable : Trade Debtors,GBP,1.0,190.8,10020 Bank : BOI current a/c GBP # 62100285,United Kingdom(Mainland),CARDSUCCESS,DDCARD PAYMENT:MESDDDQCNC659Y56WR6ZG,2.0,,ch_3SIBCXIdctIUMwHT124N3vJT,CPMT: 25637-DDI00098,CPMT: 25637-DDI00098-14/10/2025,
14/10/2025,25673,25673-DDI00121,Ndevor Systems Ltd : Phorest Ireland : Phorest UK,11010 Accounts Receivable : Trade Debtors,GBP,1.0,161.8,10020 Bank : BOI current a/c GBP # 62100285,United Kingdom(Mainland),CARDSUCCESS,DDCARD PAYMENT:MESDDDV2D7VVF5BA007O7,2.0,,ch_3SIBCcIdctIUMwHT1Ig3wYSV,CPMT: 25673-DDI00121,CPMT: 25673-DDI00121-14/10/2025,
14/10/2025,25780,25780-DDI00151,Ndevor Systems Ltd : Phorest Ireland : Phorest UK,11010 Accounts Receivable : Trade Debtors,GBP,1.0,179.8,10020 Bank : BOI current a/c GBP # 62100285,United Kingdom(Mainland),CARDSUCCESS,DDCARD PAYMENT:MESDDDJY9D97B5V22OP24,2.0,,ch_3SIBCfIdctIUMwHT0GMHOwSx,CPMT: 25780-DDI00151,CPMT: 25780-DDI00151-14/10/2025,
14/10/2025,26033,26033-DDI00110,Ndevor Systems Ltd : Phorest Ireland : Phorest UK,11010 Accounts Receivable : Trade Debtors,GBP,1.0,166.8,10020 Bank : BOI current a/c GBP # 62100285,United Kingdom(Mainland),CARDSUCCESS,DDCARD PAYMENT:MESDDD1SLZ96LH98B8Y6R,2.0,,ch_3SIBCiIdctIUMwHT2zEw6QrR,CPMT: 26033-DDI00110,CPMT: 26033-DDI00110-14/10/2025,
14/10/2025,26039,26039-DDI00106,Ndevor Systems Ltd : Phorest Ireland : Phorest UK,11010 Accounts Receivable : Trade Debtors,GBP,1.0,166.8,10020 Bank : BOI current a/c GBP # 62100285,United Kingdom(Mainland),CARDSUCCESS,DDCARD PAYMENT:MESDDD07P2S101M734145,2.0,,ch_3SIBCkIdctIUMwHT0BDtSsQJ,CPMT: 26039-DDI00106,CPMT: 26039-DDI00106-14/10/2025,
14/10/2025,26146,26146-DDI00138,Ndevor Systems Ltd : Phorest Ireland : Phorest UK,11010 Accounts Receivable : Trade Debtors,GBP,1.0,219.78,10020 Bank : BOI current a/c GBP # 62100285,United Kingdom(Mainland),CARDSUCCESS,DDCARD PAYMENT:MESDDD38LLXG62KD9T2VK,2.0,,ch_3SIBCpIdctIUMwHT0T2VkIWk,CPMT: 26146-DDI00138,CPMT: 26146-DDI00138-14/10/2025,
14/10/2025,26281,26281-DDI00124,Ndevor Systems Ltd : Phorest Ireland : Phorest UK,11010 Accounts Receivable : Trade Debtors,GBP,1.0,138.25,10020 Bank : BOI current a/c GBP # 62100285,United Kingdom(Mainland),CARDSUCCESS,DDCARD PAYMENT:MESDDD6DI50B20DD63F2L,2.0,,ch_3SIBCrIdctIUMwHT2wcxR3bE,CPMT: 26281-DDI00124,CPMT: 26281-DDI00124-14/10/2025,
14/10/2025,26556,26556-DDI00120,Ndevor Systems Ltd : Phorest Ireland : Phorest UK,11010 Accounts Receivable : Trade Debtors,GBP,1.0,118.8,10020 Bank : BOI current a/c GBP # 62100285,United Kingdom(Mainland),CARDSUCCESS,DDCARD PAYMENT:MESDDDD4372L8S47CXV3I,2.0,,ch_3SIBCuIdctIUMwHT0KAVbxPM,CPMT: 26556-DDI00120,CPMT: 26556-DDI00120-14/10/2025,
14/10/2025,26604,26604-DDI00125,Ndevor Systems Ltd : Phorest Ireland : Phorest UK,11010 Accounts Receivable : Trade Debtors,GBP,1.0,186.88,10020 Bank : BOI current a/c GBP # 62100285,United Kingdom(Mainland),CARDSUCCESS,DDCARD PAYMENT:MESDDDY6DC15E87PK4U65,2.0,,ch_3SIBCwIdctIUMwHT1kLSBvOk,CPMT: 26604-DDI00125,CPMT: 26604-DDI00125-14/10/2025,
14/10/2025,26822,26822-DDI00131,Ndevor Systems Ltd : Phorest Ireland : Phorest UK,11010 Accounts Receivable : Trade Debtors,GBP,1.0,60.28,10020 Bank : BOI current a/c GBP # 62100285,United Kingdom(Mainland),CARDSUCCESS,DDCARD PAYMENT:MESDDD2U28O8HGWHE3XH9,2.0,,ch_3SIBCyIdctIUMwHT1ysE7LWj,CPMT: 26822-DDI00131,CPMT: 26822-DDI00131-14/10/2025,
14/10/2025,26943,26943-DDI00129,Ndevor Systems Ltd : Phorest Ireland : Phorest UK,11010 Accounts Receivable : Trade Debtors,GBP,1.0,234.4,10020 Bank : BOI current a/c GBP # 62100285,United Kingdom(Mainland),CARDSUCCESS,DDCARD PAYMENT:MESDDDL65MUF9J29R4DK2,2.0,,ch_3SIBD2IdctIUMwHT0y2sNkXQ,CPMT: 26943-DDI00129,CPMT: 26943-DDI00129-14/10/2025,
14/10/2025,30104,30104-DDI00122,Ndevor Systems Ltd : Phorest Ireland : Phorest UK,11010 Accounts Receivable : Trade Debtors,GBP,1.0,61.32,10020 Bank : BOI current a/c GBP # 62100285,United Kingdom(Mainland),CARDSUCCESS,DDCARD PAYMENT:MESDDDLG8HL0L4T34C2UD,2.0,,ch_3SIBEfIdctIUMwHT0WpfyvYs,CPMT: 30104-DDI00122,CPMT: 30104-DDI00122-14/10/2025,
14/10/2025,40162,40162-DDI00093,Ndevor Systems Ltd : Phorest Ireland : Phorest UK,11010 Accounts Receivable : Trade Debtors,GBP,1.0,295.68,10020 Bank : BOI current a/c GBP # 62100285,United Kingdom(Mainland),CARDSUCCESS,DDCARD PAYMENT:MESDDDH0XJZ791MF6JU6I,2.0,,ch_3SIBKFIdctIUMwHT2fF8vf1K,CPMT: 40162-DDI00093,CPMT: 40162-DDI00093-14/10/2025,
14/10/2025,40923,40923-DDI00091,Ndevor Systems Ltd : Phorest Ireland : Phorest UK,11010 Accounts Receivable : Trade Debtors,GBP,1.0,348.7,10020 Bank : BOI current a/c GBP # 62100285,United Kingdom(Mainland),CARDSUCCESS,DDCARD PAYMENT:MESDDDXB60F413LV7IRNJ,2.0,,ch_3SIBKkIdctIUMwHT1JDR6G6Y,CPMT: 40923-DDI00091,CPMT: 40923-DDI00091-14/10/2025,
14/10/2025,40418,40418-DDI00073,Ndevor Systems Ltd : Phorest Ireland : Phorest UK,11010 Accounts Receivable : Trade Debtors,GBP,1.0,67.84,10020 Bank : BOI current a/c GBP # 62100285,United Kingdom(Mainland),CARDSUCCESS,DDCARD PAYMENT:MESDDDFUEHARE9P47V0Y3,2.0,,ch_3SIBKPIdctIUMwHT0o7HKfMV,CPMT: 40418-DDI00073,CPMT: 40418-DDI00073-14/10/2025,
14/10/2025,59011,59011-DDI00035,Ndevor Systems Ltd : Phorest Ireland : Phorest UK,11010 Accounts Receivable : Trade Debtors,GBP,1.0,199.2,10020 Bank : BOI current a/c GBP # 62100285,United Kingdom(Mainland),CARDSUCCESS,DDCARD PAYMENT:MESDDDC69N1XX0900DCC9,2.0,,ch_3SIBRvIdctIUMwHT2XGhF0yD,CPMT: 59011-DDI00035,CPMT: 59011-DDI00035-14/10/2025,
14/10/2025,59014,59014-DDI00018,Ndevor Systems Ltd : Phorest Ireland : Phorest UK,11010 Accounts Receivable : Trade Debtors,GBP,1.0,166.8,10020 Bank : BOI current a/c GBP # 62100285,United Kingdom(Mainland),CARDSUCCESS,DDCARD PAYMENT:MESDDD0SVW67330IGHD02,2.0,,ch_3SIBRxIdctIUMwHT0LKVjt6D,CPMT: 59014-DDI00018,CPMT: 59014-DDI00018-14/10/2025,
14/10/2025,59074,59074-DDI00037,Ndevor Systems Ltd : Phorest Ireland : Phorest UK,11010 Accounts Receivable : Trade Debtors,GBP,1.0,166.8,10020 Bank : BOI current a/c GBP # 62100285,United Kingdom(Mainland),CARDSUCCESS,DDCARD PAYMENT:MESDDD8G47K526683FCV6,2.0,,ch_3SIBRzIdctIUMwHT0BV2JELl,CPMT: 59074-DDI00037,CPMT: 59074-DDI00037-14/10/2025,
14/10/2025,59088,59088-DDI00036,Ndevor Systems Ltd : Phorest Ireland : Phorest UK,11010 Accounts Receivable : Trade Debtors,GBP,1.0,199.2,10020 Bank : BOI current a/c GBP # 62100285,United Kingdom(Mainland),CARDSUCCESS,DDCARD PAYMENT:MESDDDK514FDGV139T11X,2.0,,ch_3SIBS2IdctIUMwHT0GYzvAO7,CPMT: 59088-DDI00036,CPMT: 59088-DDI00036-14/10/2025,
14/10/2025,59148,59148-DDI00030,Ndevor Systems Ltd : Phorest Ireland : Phorest UK,11010 Accounts Receivable : Trade Debtors,GBP,1.0,118.8,10020 Bank : BOI current a/c GBP # 62100285,United Kingdom(Mainland),CARDSUCCESS,DDCARD PAYMENT:MESDDD3P9R58608JO905V,2.0,,ch_3SIBS4IdctIUMwHT2GXwxdD1,CPMT: 59148-DDI00030,CPMT: 59148-DDI00030-14/10/2025,
14/10/2025,59164,59164-DDI00034,Ndevor Systems Ltd : Phorest Ireland : Phorest UK,11010 Accounts Receivable : Trade Debtors,GBP,1.0,135.83,10020 Bank : BOI current a/c GBP # 62100285,United Kingdom(Mainland),CARDSUCCESS,DDCARD PAYMENT:MESDDD2BZLAMKW9O7SP64,2.0,,ch_3SIBS6IdctIUMwHT1FqphGKS,CPMT: 59164-DDI00034,CPMT: 59164-DDI00034-14/10/2025,
14/10/2025,59169,59169-DDI00036,Ndevor Systems Ltd : Phorest Ireland : Phorest UK,11010 Accounts Receivable : Trade Debtors,GBP,1.0,166.8,10020 Bank : BOI current a/c GBP # 62100285,United Kingdom(Mainland),CARDSUCCESS,DDCARD PAYMENT:MESDDDE4G4JQU87IOHK97,2.0,,ch_3SIBS9IdctIUMwHT077EJ2OP,CPMT: 59169-DDI00036,CPMT: 59169-DDI00036-14/10/2025,
14/10/2025,59189,59189-DDI00034,Ndevor Systems Ltd : Phorest Ireland : Phorest UK,11010 Accounts Receivable : Trade Debtors,GBP,1.0,187.26,10020 Bank : BOI current a/c GBP # 62100285,United Kingdom(Mainland),CARDSUCCESS,DDCARD PAYMENT:MESDDDTBJVKZ2W7F4BF61,2.0,,ch_3SIBSCIdctIUMwHT1O6auTI1,CPMT: 59189-DDI00034,CPMT: 59189-DDI00034-14/10/2025,
14/10/2025,59406,59406-DDI00018,Ndevor Systems Ltd : Phorest Ireland : Phorest UK,11010 Accounts Receivable : Trade Debtors,GBP,1.0,166.8,10020 Bank : BOI current a/c GBP # 62100285,United Kingdom(Mainland),CARDSUCCESS,DDCARD PAYMENT:MESDDD67E15NK7FKWWPPB,2.0,,ch_3SIBSEIdctIUMwHT2FEAYD04,CPMT: 59406-DDI00018,CPMT: 59406-DDI00018-14/10/2025,
14/10/2025,59484,59484-DDI00016,Ndevor Systems Ltd : Phorest Ireland : Phorest UK,11010 Accounts Receivable : Trade Debtors,GBP,1.0,236.83,10020 Bank : BOI current a/c GBP # 62100285,United Kingdom(Mainland),CARDSUCCESS,DDCARD PAYMENT:MESDDDS1P7CUSF5C30VSA,2.0,,ch_3SIBSGIdctIUMwHT1ZDh8M0a,CPMT: 59484-DDI00016,CPMT: 59484-DDI00016-14/10/2025,
14/10/2025,59289,59289-DDI00034,Ndevor Systems Ltd : Phorest Ireland : Phorest UK,11010 Accounts Receivable : Trade Debtors,GBP,1.0,118.8,10020 Bank : BOI current a/c GBP # 62100285,United Kingdom(Mainland),CARDSUCCESS,DDCARD PAYMENT:MESDDDF6OD2L8LKMF5758,2.0,,ch_3SIBSLIdctIUMwHT2U9yJVWw,CPMT: 59289-DDI00034,CPMT: 59289-DDI00034-14/10/2025,
14/10/2025,59647,59647-DDI00033,Ndevor Systems Ltd : Phorest Ireland : Phorest UK,11010 Accounts Receivable : Trade Debtors,GBP,1.0,118.8,10020 Bank : BOI current a/c GBP # 62100285,United Kingdom(Mainland),CARDSUCCESS,DDCARD PAYMENT:MESDDD667447H0691S84I,2.0,,ch_3SIBSOIdctIUMwHT2hy8sDq6,CPMT: 59647-DDI00033,CPMT: 59647-DDI00033-14/10/2025,
14/10/2025,59751,59751-DDI00032,Ndevor Systems Ltd : Phorest Ireland : Phorest UK,11010 Accounts Receivable : Trade Debtors,GBP,1.0,166.8,10020 Bank : BOI current a/c GBP # 62100285,United Kingdom(Mainland),CARDSUCCESS,DDCARD PAYMENT:MESDDDGP685O949V1L053,2.0,,ch_3SIBSVIdctIUMwHT2ANo4Omi,CPMT: 59751-DDI00032,CPMT: 59751-DDI00032-14/10/2025,
14/10/2025,59001,59001-DDI00034,Ndevor Systems Ltd : Phorest Ireland : Phorest UK,11010 Accounts Receivable : Trade Debtors,GBP,1.0,193.07,10020 Bank : BOI current a/c GBP # 62100285,United Kingdom(Mainland),CARDSUCCESS,DDCARD PAYMENT:MESDDD0T0XP69T6C39263,2.0,,ch_3SIBRsIdctIUMwHT2Fv4YQYV,CPMT: 59001-DDI00034,CPMT: 59001-DDI00034-14/10/2025,
14/10/2025,59859,59859-DDI00032,Ndevor Systems Ltd : Phorest Ireland : Phorest UK,11010 Accounts Receivable : Trade Debtors,GBP,1.0,5.38,10020 Bank : BOI current a/c GBP # 62100285,United Kingdom(Mainland),CARDSUCCESS,DDCARD PAYMENT:MESDDDN7792S835410472,2.0,,ch_3SIBSXIdctIUMwHT0rUzCKZ3,CPMT: 59859-DDI00032,CPMT: 59859-DDI00032-14/10/2025,
14/10/2025,59940,59940-DDI00033,Ndevor Systems Ltd : Phorest Ireland : Phorest UK,11010 Accounts Receivable : Trade Debtors,GBP,1.0,166.8,10020 Bank : BOI current a/c GBP # 62100285,United Kingdom(Mainland),CARDSUCCESS,DDCARD PAYMENT:MESDDD9Y8YJ3IAN26QLHL,2.0,,ch_3SIBSlIdctIUMwHT0l1wxpMk,CPMT: 59940-DDI00033,CPMT: 59940-DDI00033-14/10/2025,
14/10/2025,59945,59945-DDI00032,Ndevor Systems Ltd : Phorest Ireland : Phorest UK,11010 Accounts Receivable : Trade Debtors,GBP,1.0,166.99,10020 Bank : BOI current a/c GBP # 62100285,United Kingdom(Mainland),CARDSUCCESS,DDCARD PAYMENT:MESDDD84R2WR9AHQ245T9,2.0,,ch_3SIBSnIdctIUMwHT1X9qj4Pb,CPMT: 59945-DDI00032,CPMT: 59945-DDI00032-14/10/2025,
14/10/2025,60070,60070-DDI00017,Ndevor Systems Ltd : Phorest Ireland : Phorest UK,11010 Accounts Receivable : Trade Debtors,GBP,1.0,298.8,10020 Bank : BOI current a/c GBP # 62100285,United Kingdom(Mainland),CARDSUCCESS,DDCARD PAYMENT:MESDDD8FNZ89F632TUZBW,2.0,,ch_3SIBSpIdctIUMwHT1dOPvD2R,CPMT: 60070-DDI00017,CPMT: 60070-DDI00017-14/10/2025,
14/10/2025,60176,60176-DDI00032,Ndevor Systems Ltd : Phorest Ireland : Phorest UK,11010 Accounts Receivable : Trade Debtors,GBP,1.0,238.64,10020 Bank : BOI current a/c GBP # 62100285,United Kingdom(Mainland),CARDSUCCESS,DDCARD PAYMENT:MESDDDZ4BI5IC4Q74KC3I,2.0,,ch_3SIBSuIdctIUMwHT2PGn6f7S,CPMT: 60176-DDI00032,CPMT: 60176-DDI00032-14/10/2025,
14/10/2025,60308,60308-DDI00034,Ndevor Systems Ltd : Phorest Ireland : Phorest UK,11010 Accounts Receivable : Trade Debtors,GBP,1.0,182.15,10020 Bank : BOI current a/c GBP # 62100285,United Kingdom(Mainland),CARDSUCCESS,DDCARD PAYMENT:MESDDDEQ0A6W3392XN26F,2.0,,ch_3SIBSyIdctIUMwHT09XtYSz3,CPMT: 60308-DDI00034,CPMT: 60308-DDI00034-14/10/2025,
14/10/2025,60365,60365-DDI00017,Ndevor Systems Ltd : Phorest Ireland : Phorest UK,11010 Accounts Receivable : Trade Debtors,GBP,1.0,298.8,10020 Bank : BOI current a/c GBP # 62100285,United Kingdom(Mainland),CARDSUCCESS,DDCARD PAYMENT:MESDDD0604DWMA93XN6M5,2.0,,ch_3SIBT1IdctIUMwHT2J4bFJ8v,CPMT: 60365-DDI00017,CPMT: 60365-DDI00017-14/10/2025,
14/10/2025,60419,60419-DDI00031,Ndevor Systems Ltd : Phorest Ireland : Phorest UK,11010 Accounts Receivable : Trade Debtors,GBP,1.0,334.64,10020 Bank : BOI current a/c GBP # 62100285,United Kingdom(Mainland),CARDSUCCESS,DDCARD PAYMENT:MESDDDDH38GB760NT0T94,2.0,,ch_3SIBT3IdctIUMwHT2mjXLpBD,CPMT: 60419-DDI00031,CPMT: 60419-DDI00031-14/10/2025,
14/10/2025,60490,60490-DDI00026,Ndevor Systems Ltd : Phorest Ireland : Phorest UK,11010 Accounts Receivable : Trade Debtors,GBP,1.0,58.8,10020 Bank : BOI current a/c GBP # 62100285,United Kingdom(Mainland),CARDSUCCESS,DDCARD PAYMENT:MESDDD71JVJ96G97Z5835,2.0,,ch_3SIBT6IdctIUMwHT1xsF8YU8,CPMT: 60490-DDI00026,CPMT: 60490-DDI00026-14/10/2025,
14/10/2025,60560,60560-DDI00031,Ndevor Systems Ltd : Phorest Ireland : Phorest UK,11010 Accounts Receivable : Trade Debtors,GBP,1.0,166.8,10020 Bank : BOI current a/c GBP # 62100285,United Kingdom(Mainland),CARDSUCCESS,DDCARD PAYMENT:MESDDD9B146WV0N590U7Y,2.0,,ch_3SIBT9IdctIUMwHT0EsvOeR6,CPMT: 60560-DDI00031,CPMT: 60560-DDI00031-14/10/2025,
14/10/2025,60563,60563-DDI00017,Ndevor Systems Ltd : Phorest Ireland : Phorest UK,11010 Accounts Receivable : Trade Debtors,GBP,1.0,283.62,10020 Bank : BOI current a/c GBP # 62100285,United Kingdom(Mainland),CARDSUCCESS,DDCARD PAYMENT:MESDDDY52T3OLL15665LT,2.0,,ch_3SIBTCIdctIUMwHT0wU07wwl,CPMT: 60563-DDI00017,CPMT: 60563-DDI00017-14/10/2025,
14/10/2025,60571,60571-DDI00031,Ndevor Systems Ltd : Phorest Ireland : Phorest UK,11010 Accounts Receivable : Trade Debtors,GBP,1.0,271.01,10020 Bank : BOI current a/c GBP # 62100285,United Kingdom(NI),CARDSUCCESS,DDCARD PAYMENT:MESDDDM383O185VW50193,2.0,,ch_3SIBTEIdctIUMwHT23ivDZHA,CPMT: 60571-DDI00031,CPMT: 60571-DDI00031-14/10/2025,
14/10/2025,60587,60587-DDI00032,Ndevor Systems Ltd : Phorest Ireland : Phorest UK,11010 Accounts Receivable : Trade Debtors,GBP,1.0,118.8,10020 Bank : BOI current a/c GBP # 62100285,United Kingdom(Mainland),CARDSUCCESS,DDCARD PAYMENT:MESDDD6T9U8ZBZE09CZ7V,2.0,,ch_3SIBTHIdctIUMwHT22oXpLBd,CPMT: 60587-DDI00032,CPMT: 60587-DDI00032-14/10/2025,
14/10/2025,60602,60602-DDI00016,Ndevor Systems Ltd : Phorest Ireland : Phorest UK,11010 Accounts Receivable : Trade Debtors,GBP,1.0,137.5,10020 Bank : BOI current a/c GBP # 62100285,United Kingdom(Mainland),CARDSUCCESS,DDCARD PAYMENT:MESDDD3LZ116ZLZ690JMQ,2.0,,ch_3SIBTJIdctIUMwHT01Hbadcu,CPMT: 60602-DDI00016,CPMT: 60602-DDI00016-14/10/2025,
14/10/2025,59870,59870-DDI00034,Ndevor Systems Ltd : Phorest Ireland : Phorest UK,11010 Accounts Receivable : Trade Debtors,GBP,1.0,262.54,10020 Bank : BOI current a/c GBP # 62100285,United Kingdom(Mainland),CARDSUCCESS,DDCARD PAYMENT:MESDDDK4OA7N309LZH68G,2.0,,ch_3SIBSdIdctIUMwHT2qL7UdS0,CPMT: 59870-DDI00034,CPMT: 59870-DDI00034-14/10/2025,
14/10/2025,60659,60659-DDI00032,Ndevor Systems Ltd : Phorest Ireland : Phorest UK,11010 Accounts Receivable : Trade Debtors,GBP,1.0,173.69,10020 Bank : BOI current a/c GBP # 62100285,United Kingdom(Mainland),CARDSUCCESS,DDCARD PAYMENT:MESDDD67Q4TV9N5QLM83E,2.0,,ch_3SIBTMIdctIUMwHT0538YWiX,CPMT: 60659-DDI00032,CPMT: 60659-DDI00032-14/10/2025,
14/10/2025,59000,59000-DDI00034,Ndevor Systems Ltd : Phorest Ireland : Phorest UK,11010 Accounts Receivable : Trade Debtors,GBP,1.0,118.8,10020 Bank : BOI current a/c GBP # 62100285,United Kingdom(Mainland),CARDSUCCESS,DDCARD PAYMENT:MESDDDBL14JDWUV05L7QZ,2.0,,ch_3SIBRqIdctIUMwHT2zuKrBQ7,CPMT: 59000-DDI00034,CPMT: 59000-DDI00034-14/10/2025,
14/10/2025,58661,58661-DDI00037,Ndevor Systems Ltd : Phorest Ireland : Phorest UK,11010 Accounts Receivable : Trade Debtors,GBP,1.0,215.28,10020 Bank : BOI current a/c GBP # 62100285,United Kingdom(Mainland),CARDSUCCESS,DDCARD PAYMENT:MESDDDA6M3JS75I025XKM,2.0,,ch_3SIBRgIdctIUMwHT0EeXVGTV,CPMT: 58661-DDI00037,CPMT: 58661-DDI00037-14/10/2025,
14/10/2025,56290,56290-DDI00046,Ndevor Systems Ltd : Phorest Ireland : Phorest UK,11010 Accounts Receivable : Trade Debtors,GBP,1.0,175.42,10020 Bank : BOI current a/c GBP # 62100285,United Kingdom(Mainland),CARDSUCCESS,DDCARD PAYMENT:MESDDD55B9RXGI2470055,2.0,,ch_3SIBQOIdctIUMwHT19lXlkec,CPMT: 56290-DDI00046,CPMT: 56290-DDI00046-14/10/2025,
14/10/2025,56310,56310-DDI00028,Ndevor Systems Ltd : Phorest Ireland : Phorest UK,11010 Accounts Receivable : Trade Debtors,GBP,1.0,118.8,10020 Bank : BOI current a/c GBP # 62100285,United Kingdom(Mainland),CARDSUCCESS,DDCARD PAYMENT:MESDDDJ729D1V9N6Q5M49,2.0,,ch_3SIBQQIdctIUMwHT265LoGUQ,CPMT: 56310-DDI00028,CPMT: 56310-DDI00028-14/10/2025,
14/10/2025,56576,56576-DDI00042,Ndevor Systems Ltd : Phorest Ireland : Phorest UK,11010 Accounts Receivable : Trade Debtors,GBP,1.0,280.19,10020 Bank : BOI current a/c GBP # 62100285,United Kingdom(NI),CARDSUCCESS,DDCARD PAYMENT:MESDDD9F3O05JU688L4G6,2.0,,ch_3SIBQTIdctIUMwHT1LndpwCC,CPMT: 56576-DDI00042,CPMT: 56576-DDI00042-14/10/2025,
14/10/2025,56708,56708-DDI00043,Ndevor Systems Ltd : Phorest Ireland : Phorest UK,11010 Accounts Receivable : Trade Debtors,GBP,1.0,308.29,10020 Bank : BOI current a/c GBP # 62100285,United Kingdom(Mainland),CARDSUCCESS,DDCARD PAYMENT:MESDDDD77A648606BWRH3,2.0,,ch_3SIBQVIdctIUMwHT0LrjRMJt,CPMT: 56708-DDI00043,CPMT: 56708-DDI00043-14/10/2025,
14/10/2025,56907,56907-DDI00034,Ndevor Systems Ltd : Phorest Ireland : Phorest UK,11010 Accounts Receivable : Trade Debtors,GBP,1.0,346.68,10020 Bank : BOI current a/c GBP # 62100285,United Kingdom(Mainland),CARDSUCCESS,DDCARD PAYMENT:MESDDDOR2XU9SZ7E6GU61,2.0,,ch_3SIBQYIdctIUMwHT0k56a8sd,CPMT: 56907-DDI00034,CPMT: 56907-DDI00034-14/10/2025,
14/10/2025,56983,56983-DDI00042,Ndevor Systems Ltd : Phorest Ireland : Phorest UK,11010 Accounts Receivable : Trade Debtors,GBP,1.0,245.99,10020 Bank : BOI current a/c GBP # 62100285,United Kingdom(Mainland),CARDSUCCESS,DDCARD PAYMENT:MESDDDSQDXAP5F22A3M1S,2.0,,ch_3SIBQaIdctIUMwHT2YGxQ0pR,CPMT: 56983-DDI00042,CPMT: 56983-DDI00042-14/10/2025,
14/10/2025,57305,57305-DDI00040,Ndevor Systems Ltd : Phorest Ireland : Phorest UK,11010 Accounts Receivable : Trade Debtors,GBP,1.0,166.9,10020 Bank : BOI current a/c GBP # 62100285,United Kingdom(Mainland),CARDSUCCESS,DDCARD PAYMENT:MESDDD152BKC87K630WA0,2.0,,ch_3SIBQcIdctIUMwHT0htTVAcl,CPMT: 57305-DDI00040,CPMT: 57305-DDI00040-14/10/2025,
14/10/2025,57320,57320-DDI00032,Ndevor Systems Ltd : Phorest Ireland : Phorest UK,11010 Accounts Receivable : Trade Debtors,GBP,1.0,322.8,10020 Bank : BOI current a/c GBP # 62100285,United Kingdom(Mainland),CARDSUCCESS,DDCARD PAYMENT:MESDDDBSP1794441336KU,2.0,,ch_3SIBQfIdctIUMwHT2ZFR3O2r,CPMT: 57320-DDI00032,CPMT: 57320-DDI00032-14/10/2025,
14/10/2025,56614,56614-DDI00026,Ndevor Systems Ltd : Phorest Ireland : Phorest UK,11010 Accounts Receivable : Trade Debtors,GBP,1.0,294.42,10020 Bank : BOI current a/c GBP # 62100285,United Kingdom(Mainland),CARDSUCCESS,DDCARD PAYMENT:MESDDDOY104SKC42DGSDW,2.0,,ch_3SIBQkIdctIUMwHT2vbagQQV,CPMT: 56614-DDI00026,CPMT: 56614-DDI00026-14/10/2025,
14/10/2025,57335,57335-DDI00039,Ndevor Systems Ltd : Phorest Ireland : Phorest UK,11010 Accounts Receivable : Trade Debtors,GBP,1.0,120.17,10020 Bank : BOI current a/c GBP # 62100285,United Kingdom(Mainland),CARDSUCCESS,DDCARD PAYMENT:MESDDDK006L0710808012,2.0,,ch_3SIBQmIdctIUMwHT1ygsggRa,CPMT: 57335-DDI00039,CPMT: 57335-DDI00039-14/10/2025,
14/10/2025,57511,57511-DDI00030,Ndevor Systems Ltd : Phorest Ireland : Phorest UK,11010 Accounts Receivable : Trade Debtors,GBP,1.0,166.8,10020 Bank : BOI current a/c GBP # 62100285,United Kingdom(Mainland),CARDSUCCESS,DDCARD PAYMENT:MESDDDQ40M86VDMQ72H65,2.0,,ch_3SIBQoIdctIUMwHT1Xt8RLhO,CPMT: 57511-DDI00030,CPMT: 57511-DDI00030-14/10/2025,
14/10/2025,57544,57544-DDI00019,Ndevor Systems Ltd : Phorest Ireland : Phorest UK,11010 Accounts Receivable : Trade Debtors,GBP,1.0,199.2,10020 Bank : BOI current a/c GBP # 62100285,United Kingdom(Mainland),CARDSUCCESS,DDCARD PAYMENT:MESDDDLEU4TPP4BYI49U7,2.0,,ch_3SIBQtIdctIUMwHT16PxqZLg,CPMT: 57544-DDI00019,CPMT: 57544-DDI00019-14/10/2025,
14/10/2025,57627,57627-DDI00039,Ndevor Systems Ltd : Phorest Ireland : Phorest UK,11010 Accounts Receivable : Trade Debtors,GBP,1.0,166.8,10020 Bank : BOI current a/c GBP # 62100285,United Kingdom(Mainland),CARDSUCCESS,DDCARD PAYMENT:MESDDD86D496HVLI5N8S4,2.0,,ch_3SIBQvIdctIUMwHT0oR1Opdb,CPMT: 57627-DDI00039,CPMT: 57627-DDI00039-14/10/2025,
14/10/2025,58717,58717-DDI00032,Ndevor Systems Ltd : Phorest Ireland : Phorest UK,11010 Accounts Receivable : Trade Debtors,GBP,1.0,199.2,10020 Bank : BOI current a/c GBP # 62100285,United Kingdom(Mainland),CARDSUCCESS,DDCARD PAYMENT:MESDDD3Y5L7207QR349V5,2.0,,ch_3SIBRjIdctIUMwHT1orXNtra,CPMT: 58717-DDI00032,CPMT: 58717-DDI00032-14/10/2025,
14/10/2025,57714,57714-DDI00042,Ndevor Systems Ltd : Phorest Ireland : Phorest UK,11010 Accounts Receivable : Trade Debtors,GBP,1.0,166.8,10020 Bank : BOI current a/c GBP # 62100285,United Kingdom(Mainland),CARDSUCCESS,DDCARD PAYMENT:MESDDDS73Z3675AWBV37L,2.0,,ch_3SIBQyIdctIUMwHT1CRz33Cf,CPMT: 57714-DDI00042,CPMT: 57714-DDI00042-14/10/2025,
14/10/2025,57761,57761-DDI00026,Ndevor Systems Ltd : Phorest Ireland : Phorest UK,11010 Accounts Receivable : Trade Debtors,GBP,1.0,156.77,10020 Bank : BOI current a/c GBP # 62100285,United Kingdom(Mainland),CARDSUCCESS,DDCARD PAYMENT:MESDDD7PW266Z30658XN1,2.0,,ch_3SIBR5IdctIUMwHT1KHwz3Wi,CPMT: 57761-DDI00026,CPMT: 57761-DDI00026-14/10/2025,
14/10/2025,57808,57808-DDI00040,Ndevor Systems Ltd : Phorest Ireland : Phorest UK,11010 Accounts Receivable : Trade Debtors,GBP,1.0,47.21,10020 Bank : BOI current a/c GBP # 62100285,United Kingdom(Mainland),CARDSUCCESS,DDCARD PAYMENT:MESDDDV91G949RN16TS1V,2.0,,ch_3SIBRAIdctIUMwHT1SKLfAzX,CPMT: 57808-DDI00040,CPMT: 57808-DDI00040-14/10/2025,
14/10/2025,57836,57836-DDI00020,Ndevor Systems Ltd : Phorest Ireland : Phorest UK,11010 Accounts Receivable : Trade Debtors,GBP,1.0,69.46,10020 Bank : BOI current a/c GBP # 62100285,United Kingdom(Mainland),CARDSUCCESS,DDCARD PAYMENT:MESDDDV55A1978L133W16,2.0,,ch_3SIBRDIdctIUMwHT0EX7lJ8T,CPMT: 57836-DDI00020,CPMT: 57836-DDI00020-14/10/2025,
14/10/2025,57917,57917-DDI00040,Ndevor Systems Ltd : Phorest Ireland : Phorest UK,11010 Accounts Receivable : Trade Debtors,GBP,1.0,166.8,10020 Bank : BOI current a/c GBP # 62100285,United Kingdom(Mainland),CARDSUCCESS,DDCARD PAYMENT:MESDDDDXD9S1D6R7K8QL2,2.0,,ch_3SIBRFIdctIUMwHT24f85sSQ,CPMT: 57917-DDI00040,CPMT: 57917-DDI00040-14/10/2025,
14/10/2025,58030,58030-DDI00035,Ndevor Systems Ltd : Phorest Ireland : Phorest UK,11010 Accounts Receivable : Trade Debtors,GBP,1.0,208.92,10020 Bank : BOI current a/c GBP # 62100285,United Kingdom(Mainland),CARDSUCCESS,DDCARD PAYMENT:MESDDDXH40DW3HD18V44P,2.0,,ch_3SIBRHIdctIUMwHT1dtpQz95,CPMT: 58030-DDI00035,CPMT: 58030-DDI00035-14/10/2025,
14/10/2025,58071,58071-DDI00018,Ndevor Systems Ltd : Phorest Ireland : Phorest UK,11010 Accounts Receivable : Trade Debtors,GBP,1.0,166.8,10020 Bank : BOI current a/c GBP # 62100285,United Kingdom(Mainland),CARDSUCCESS,DDCARD PAYMENT:MESDDDH6K618X1UG9OT8W,2.0,,ch_3SIBRKIdctIUMwHT1SIqCDI4,CPMT: 58071-DDI00018,CPMT: 58071-DDI00018-14/10/2025,
14/10/2025,58111,58111-DDI00036,Ndevor Systems Ltd : Phorest Ireland : Phorest UK,11010 Accounts Receivable : Trade Debtors,GBP,1.0,213.64,10020 Bank : BOI current a/c GBP # 62100285,United Kingdom(Mainland),CARDSUCCESS,DDCARD PAYMENT:MESDDD74V8KU23RU560CY,2.0,,ch_3SIBRMIdctIUMwHT0oEVzCIy,CPMT: 58111-DDI00036,CPMT: 58111-DDI00036-14/10/2025,
14/10/2025,58176,58176-DDI00039,Ndevor Systems Ltd : Phorest Ireland : Phorest UK,11010 Accounts Receivable : Trade Debtors,GBP,1.0,322.39,10020 Bank : BOI current a/c GBP # 62100285,United Kingdom(Mainland),CARDSUCCESS,DDCARD PAYMENT:MESDDD44F0XO2U739975E,2.0,,ch_3SIBRPIdctIUMwHT0ghtKBAv,CPMT: 58176-DDI00039,CPMT: 58176-DDI00039-14/10/2025,
14/10/2025,58262,58262-DDI00037,Ndevor Systems Ltd : Phorest Ireland : Phorest UK,11010 Accounts Receivable : Trade Debtors,GBP,1.0,134.88,10020 Bank : BOI current a/c GBP # 62100285,United Kingdom(Mainland),CARDSUCCESS,DDCARD PAYMENT:MESDDD5WM7G5F934K9547,2.0,,ch_3SIBRUIdctIUMwHT2RQ5fWYA,CPMT: 58262-DDI00037,CPMT: 58262-DDI00037-14/10/2025,
14/10/2025,58264,58264-DDI00036,Ndevor Systems Ltd : Phorest Ireland : Phorest UK,11010 Accounts Receivable : Trade Debtors,GBP,1.0,247.19,10020 Bank : BOI current a/c GBP # 62100285,United Kingdom(Mainland),CARDSUCCESS,DDCARD PAYMENT:MESDDDY3R0768UR0D93A6,2.0,,ch_3SIBRWIdctIUMwHT00Rs2Tj0,CPMT: 58264-DDI00036,CPMT: 58264-DDI00036-14/10/2025,
14/10/2025,58317,58317-DDI00035,Ndevor Systems Ltd : Phorest Ireland : Phorest UK,11010 Accounts Receivable : Trade Debtors,GBP,1.0,332.22,10020 Bank : BOI current a/c GBP # 62100285,United Kingdom(Mainland),CARDSUCCESS,DDCARD PAYMENT:MESDDD89GUEY4XD670G9N,2.0,,ch_3SIBRZIdctIUMwHT2VTOsnuq,CPMT: 58317-DDI00035,CPMT: 58317-DDI00035-14/10/2025,
14/10/2025,58346,58346-DDI00039,Ndevor Systems Ltd : Phorest Ireland : Phorest UK,11010 Accounts Receivable : Trade Debtors,GBP,1.0,363.56,10020 Bank : BOI current a/c GBP # 62100285,United Kingdom(Mainland),CARDSUCCESS,DDCARD PAYMENT:MESDDDTM93WC85429IO4W,2.0,,ch_3SIBRbIdctIUMwHT12t8P3c2,CPMT: 58346-DDI00039,CPMT: 58346-DDI00039-14/10/2025,
14/10/2025,58528,58528-DDI00036,Ndevor Systems Ltd : Phorest Ireland : Phorest UK,11010 Accounts Receivable : Trade Debtors,GBP,1.0,166.8,10020 Bank : BOI current a/c GBP # 62100285,United Kingdom(Mainland),CARDSUCCESS,DDCARD PAYMENT:MESDDD31JZ553Z12W405U,2.0,,ch_3SIBRdIdctIUMwHT1qbzCs4s,CPMT: 58528-DDI00036,CPMT: 58528-DDI00036-14/10/2025,
14/10/2025,57721,57721-DDI00041,Ndevor Systems Ltd : Phorest Ireland : Phorest UK,11010 Accounts Receivable : Trade Debtors,GBP,1.0,142.8,10020 Bank : BOI current a/c GBP # 62100285,United Kingdom(Mainland),CARDSUCCESS,DDCARD PAYMENT:MESDDD9503G4A5WY74IDE,2.0,,ch_3SIBR0IdctIUMwHT1g0DwZGO,CPMT: 57721-DDI00041,CPMT: 57721-DDI00041-14/10/2025,
14/10/2025,56210,56210-DDI00044,Ndevor Systems Ltd : Phorest Ireland : Phorest UK,11010 Accounts Receivable : Trade Debtors,GBP,1.0,168.2,10020 Bank : BOI current a/c GBP # 62100285,United Kingdom(Mainland),CARDSUCCESS,DDCARD PAYMENT:MESDDDWOSAC8H9A1WA201,2.0,,ch_3SIBQMIdctIUMwHT2Kg8P0F4,CPMT: 56210-DDI00044,CPMT: 56210-DDI00044-14/10/2025,
14/10/2025,60696,60696-DDI00033,Ndevor Systems Ltd : Phorest Ireland : Phorest UK,11010 Accounts Receivable : Trade Debtors,GBP,1.0,330.37,10020 Bank : BOI current a/c GBP # 62100285,United Kingdom(NI),CARDSUCCESS,DDCARD PAYMENT:MESDDD3A3Y2J444AGXV72,2.0,,ch_3SIBTOIdctIUMwHT1SqnPl03,CPMT: 60696-DDI00033,CPMT: 60696-DDI00033-14/10/2025,
14/10/2025,60785,60785-DDI00024,Ndevor Systems Ltd : Phorest Ireland : Phorest UK,11010 Accounts Receivable : Trade Debtors,GBP,1.0,238.98,10020 Bank : BOI current a/c GBP # 62100285,United Kingdom(Mainland),CARDSUCCESS,DDCARD PAYMENT:MESDDD46I595PVU76XLD7,2.0,,ch_3SIBTTIdctIUMwHT2NDOxHFc,CPMT: 60785-DDI00024,CPMT: 60785-DDI00024-14/10/2025,
14/10/2025,75813,75813-DDI00016,Ndevor Systems Ltd : Phorest Ireland : Phorest UK,11010 Accounts Receivable : Trade Debtors,GBP,1.0,166.9,10020 Bank : BOI current a/c GBP # 62100285,United Kingdom(Mainland),CARDSUCCESS,DDCARD PAYMENT:MESDDDHOZ5JI976W936W5,2.0,,ch_3SIBUwIdctIUMwHT0LNka1H9,CPMT: 75813-DDI00016,CPMT: 75813-DDI00016-14/10/2025,
14/10/2025,76174,76174-DDI00014,Ndevor Systems Ltd : Phorest Ireland : Phorest UK,11010 Accounts Receivable : Trade Debtors,GBP,1.0,183.04,10020 Bank : BOI current a/c GBP # 62100285,United Kingdom(Mainland),CARDSUCCESS,DDCARD PAYMENT:MESDDDS7SMMP4GK66NS4X,2.0,,ch_3SIBUyIdctIUMwHT0M17yuZI,CPMT: 76174-DDI00014,CPMT: 76174-DDI00014-14/10/2025,
14/10/2025,76355,76355-DDI00016,Ndevor Systems Ltd : Phorest Ireland : Phorest UK,11010 Accounts Receivable : Trade Debtors,GBP,1.0,298.8,10020 Bank : BOI current a/c GBP # 62100285,United Kingdom(Mainland),CARDSUCCESS,DDCARD PAYMENT:MESDDDA2FA4C7N08QN06T,2.0,,ch_3SIBV0IdctIUMwHT1XJgtySz,CPMT: 76355-DDI00016,CPMT: 76355-DDI00016-14/10/2025,
14/10/2025,76560,76560-DDI00012,Ndevor Systems Ltd : Phorest Ireland : Phorest UK,11010 Accounts Receivable : Trade Debtors,GBP,1.0,265.49,10020 Bank : BOI current a/c GBP # 62100285,United Kingdom(Mainland),CARDSUCCESS,DDCARD PAYMENT:MESDDDR7V3412795ZN9AU,2.0,,ch_3SIBV3IdctIUMwHT0ucY5Rf8,CPMT: 76560-DDI00012,CPMT: 76560-DDI00012-14/10/2025,
14/10/2025,76826,76826-DDI00016,Ndevor Systems Ltd : Phorest Ireland : Phorest UK,11010 Accounts Receivable : Trade Debtors,GBP,1.0,118.8,10020 Bank : BOI current a/c GBP # 62100285,United Kingdom(Mainland),CARDSUCCESS,DDCARD PAYMENT:MESDDD5H9W5W7YOA8N13X,2.0,,ch_3SIBV5IdctIUMwHT183h8MsQ,CPMT: 76826-DDI00016,CPMT: 76826-DDI00016-14/10/2025,
14/10/2025,77081,77081-DDI00015,Ndevor Systems Ltd : Phorest Ireland : Phorest UK,11010 Accounts Receivable : Trade Debtors,GBP,1.0,298.8,10020 Bank : BOI current a/c GBP # 62100285,United Kingdom(Mainland),CARDSUCCESS,DDCARD PAYMENT:MESDDD99L2J8955JY3I2Z,2.0,,ch_3SIBVBIdctIUMwHT2t4QEZNk,CPMT: 77081-DDI00015,CPMT: 77081-DDI00015-14/10/2025,
14/10/2025,81004,81004-DDI00013,Ndevor Systems Ltd : Phorest Ireland : Phorest UK,11010 Accounts Receivable : Trade Debtors,GBP,1.0,127.24,10020 Bank : BOI current a/c GBP # 62100285,United Kingdom(Mainland),CARDSUCCESS,DDCARD PAYMENT:MESDDDBBK1TWO6MPMJOT0,2.0,,ch_3SIBVPIdctIUMwHT1XMZUUBk,CPMT: 81004-DDI00013,CPMT: 81004-DDI00013-14/10/2025,
14/10/2025,81363,81363-DDI00011,Ndevor Systems Ltd : Phorest Ireland : Phorest UK,11010 Accounts Receivable : Trade Debtors,GBP,1.0,118.8,10020 Bank : BOI current a/c GBP # 62100285,United Kingdom(Mainland),CARDSUCCESS,DDCARD PAYMENT:MESDDD65X4302F23UR2EO,2.0,,ch_3SIBVUIdctIUMwHT1SThUBpD,CPMT: 81363-DDI00011,CPMT: 81363-DDI00011-14/10/2025,
14/10/2025,81781,81781-DDI00011,Ndevor Systems Ltd : Phorest Ireland : Phorest UK,11010 Accounts Receivable : Trade Debtors,GBP,1.0,118.8,10020 Bank : BOI current a/c GBP # 62100285,United Kingdom(Mainland),CARDSUCCESS,DDCARD PAYMENT:MESDDD0UKCV7H485NU3TE,2.0,,ch_3SIBVWIdctIUMwHT2Bnl2mfD,CPMT: 81781-DDI00011,CPMT: 81781-DDI00011-14/10/2025,
14/10/2025,82497,82497-DDI00010,Ndevor Systems Ltd : Phorest Ireland : Phorest UK,11010 Accounts Receivable : Trade Debtors,GBP,1.0,296.2,10020 Bank : BOI current a/c GBP # 62100285,United Kingdom(Mainland),CARDSUCCESS,DDCARD PAYMENT:MESDDD94TE92YQFQ55363,2.0,,ch_3SIBVZIdctIUMwHT0OoLz3sY,CPMT: 82497-DDI00010,CPMT: 82497-DDI00010-14/10/2025,
14/10/2025,82825,82825-DDI00006,Ndevor Systems Ltd : Phorest Ireland : Phorest UK,11010 Accounts Receivable : Trade Debtors,GBP,1.0,260.23,10020 Bank : BOI current a/c GBP # 62100285,United Kingdom(Mainland),CARDSUCCESS,DDCARD PAYMENT:MESDDDA3RN3YT6Y1Q4S84,2.0,,ch_3SIBVbIdctIUMwHT14Q7hZyQ,CPMT: 82825-DDI00006,CPMT: 82825-DDI00006-14/10/2025,
14/10/2025,82885,82885-DDI00009,Ndevor Systems Ltd : Phorest Ireland : Phorest UK,11010 Accounts Receivable : Trade Debtors,GBP,1.0,142.8,10020 Bank : BOI current a/c GBP # 62100285,United Kingdom(Mainland),CARDSUCCESS,DDCARD PAYMENT:MESDDD54OK3U0KEWI6012,2.0,,ch_3SIBVeIdctIUMwHT1VJHLo0n,CPMT: 82885-DDI00009,CPMT: 82885-DDI00009-14/10/2025,
14/10/2025,82906,82906-DDI00010,Ndevor Systems Ltd : Phorest Ireland : Phorest UK,11010 Accounts Receivable : Trade Debtors,GBP,1.0,166.8,10020 Bank : BOI current a/c GBP # 62100285,United Kingdom(Mainland),CARDSUCCESS,DDCARD PAYMENT:MESDDDO0J85G0XN49S799,2.0,,ch_3SIBVgIdctIUMwHT2OTUhBIk,CPMT: 82906-DDI00010,CPMT: 82906-DDI00010-14/10/2025,
14/10/2025,75353,75353-DDI00018,Ndevor Systems Ltd : Phorest Ireland : Phorest UK,11010 Accounts Receivable : Trade Debtors,GBP,1.0,191.8,10020 Bank : BOI current a/c GBP # 62100285,United Kingdom(Mainland),CARDSUCCESS,DDCARD PAYMENT:MESDDD4K511562AGFS307,2.0,,ch_3SIBUtIdctIUMwHT1DeJrhTL,CPMT: 75353-DDI00018,CPMT: 75353-DDI00018-14/10/2025,
14/10/2025,83241,83241-DDI00009,Ndevor Systems Ltd : Phorest Ireland : Phorest UK,11010 Accounts Receivable : Trade Debtors,GBP,1.0,154.8,10020 Bank : BOI current a/c GBP # 62100285,United Kingdom(Mainland),CARDSUCCESS,DDCARD PAYMENT:MESDDD40SY7F8Q007B927,2.0,,ch_3SIBViIdctIUMwHT25SQcbo9,CPMT: 83241-DDI00009,CPMT: 83241-DDI00009-14/10/2025,
14/10/2025,83503,83503-DDI00010,Ndevor Systems Ltd : Phorest Ireland : Phorest UK,11010 Accounts Receivable : Trade Debtors,GBP,1.0,148.79,10020 Bank : BOI current a/c GBP # 62100285,United Kingdom(NI),CARDSUCCESS,DDCARD PAYMENT:MESDDDM656Z869BJ0TNEU,2.0,,ch_3SIBVnIdctIUMwHT2fwdyVFr,CPMT: 83503-DDI00010,CPMT: 83503-DDI00010-14/10/2025,
14/10/2025,84694,84694-DDI00008,Ndevor Systems Ltd : Phorest Ireland : Phorest UK,11010 Accounts Receivable : Trade Debtors,GBP,1.0,58.8,10020 Bank : BOI current a/c GBP # 62100285,United Kingdom(Mainland),CARDSUCCESS,DDCARD PAYMENT:MESDDDMOZKD6NGH2184E8,2.0,,ch_3SIBVpIdctIUMwHT1wybbQLb,CPMT: 84694-DDI00008,CPMT: 84694-DDI00008-14/10/2025,
14/10/2025,84708,84708-DDI00009,Ndevor Systems Ltd : Phorest Ireland : Phorest UK,11010 Accounts Receivable : Trade Debtors,GBP,1.0,147.32,10020 Bank : BOI current a/c GBP # 62100285,United Kingdom(Mainland),CARDSUCCESS,DDCARD PAYMENT:MESDDDN8CEO35TBFBQ5PQ,2.0,,ch_3SIBVrIdctIUMwHT1BFiOIoi,CPMT: 84708-DDI00009,CPMT: 84708-DDI00009-14/10/2025,
14/10/2025,85266,85266-DDI00008,Ndevor Systems Ltd : Phorest Ireland : Phorest UK,11010 Accounts Receivable : Trade Debtors,GBP,1.0,160.09,10020 Bank : BOI current a/c GBP # 62100285,United Kingdom(Mainland),CARDSUCCESS,DDCARD PAYMENT:MESDDDZD5E4A1UL4V8Q05,2.0,,ch_3SIBVzIdctIUMwHT14UIh2hn,CPMT: 85266-DDI00008,CPMT: 85266-DDI00008-14/10/2025,
14/10/2025,85291,85291-DDI00007,Ndevor Systems Ltd : Phorest Ireland : Phorest UK,11010 Accounts Receivable : Trade Debtors,GBP,1.0,58.8,10020 Bank : BOI current a/c GBP # 62100285,United Kingdom(Mainland),CARDSUCCESS,DDCARD PAYMENT:MESDDD5NZEKWRYCAY5Z3X,2.0,,ch_3SIBW3IdctIUMwHT0jJrRqc6,CPMT: 85291-DDI00007,CPMT: 85291-DDI00007-14/10/2025,
14/10/2025,90550,90550-DDI00003,Ndevor Systems Ltd : Phorest Ireland : Phorest UK,11010 Accounts Receivable : Trade Debtors,GBP,1.0,71.26,10020 Bank : BOI current a/c GBP # 62100285,United Kingdom(Mainland),CARDSUCCESS,DDCARD PAYMENT:MESDDD0T0990R4MVCJP39,2.0,,ch_3SIBW8IdctIUMwHT01uffGmj,CPMT: 90550-DDI00003,CPMT: 90550-DDI00003-14/10/2025,
14/10/2025,90553,90553-DDI00005,Ndevor Systems Ltd : Phorest Ireland : Phorest UK,11010 Accounts Receivable : Trade Debtors,GBP,1.0,82.8,10020 Bank : BOI current a/c GBP # 62100285,United Kingdom(Mainland),CARDSUCCESS,DDCARD PAYMENT:MESDDDU5AR1N07EE44J60,2.0,,ch_3SIBWAIdctIUMwHT2rMcPonO,CPMT: 90553-DDI00005,CPMT: 90553-DDI00005-14/10/2025,
14/10/2025,8127,8127-DDI00252,Ndevor Systems Ltd : Phorest Ireland : Phorest UK,11010 Accounts Receivable : Trade Debtors,GBP,1.0,227.63,10020 Bank : BOI current a/c GBP # 62100285,Guernsey,CARDSUCCESS,DDCARD PAYMENT:MESDDD1686SOX43MAM027,2.0,,ch_3SIBWDIdctIUMwHT1s4Bm1mR,CPMT: 8127-DDI00252,CPMT: 8127-DDI00252-14/10/2025,
14/10/2025,8472,8472-DDI00175,Ndevor Systems Ltd : Phorest Ireland : Phorest UK,11010 Accounts Receivable : Trade Debtors,GBP,1.0,88.24,10020 Bank : BOI current a/c GBP # 62100285,Jersey,CARDSUCCESS,DDCARD PAYMENT:MESDDD7191MG0GO02713W,2.0,,ch_3SIBWFIdctIUMwHT0vppUEBM,CPMT: 8472-DDI00175,CPMT: 8472-DDI00175-14/10/2025,
14/10/2025,28443,28443-DDI00108,Ndevor Systems Ltd : Phorest Ireland : Phorest UK,11010 Accounts Receivable : Trade Debtors,GBP,1.0,161.17,10020 Bank : BOI current a/c GBP # 62100285,Guernsey,CARDSUCCESS,DDCARD PAYMENT:MESDDDIMU114Z9A76KET6,2.0,,ch_3SIBWIIdctIUMwHT1P5xb3VC,CPMT: 28443-DDI00108,CPMT: 28443-DDI00108-14/10/2025,
14/10/2025,42824,42824-DDI00044,Ndevor Systems Ltd : Phorest Ireland : Phorest UK,11010 Accounts Receivable : Trade Debtors,GBP,1.0,99.0,10020 Bank : BOI current a/c GBP # 62100285,Jersey,CARDSUCCESS,DDCARD PAYMENT:MESDDDYRYF3D7GF9MIF25,2.0,,ch_3SIBWKIdctIUMwHT1qeFCcPu,CPMT: 42824-DDI00044,CPMT: 42824-DDI00044-14/10/2025,
14/10/2025,42950,42950-DDI00045,Ndevor Systems Ltd : Phorest Ireland : Phorest UK,11010 Accounts Receivable : Trade Debtors,GBP,1.0,346.08,10020 Bank : BOI current a/c GBP # 62100285,Guernsey,CARDSUCCESS,DDCARD PAYMENT:MESDDD1Q2OBBP0830F7BD,2.0,,ch_3SIBWMIdctIUMwHT2C88Lkwc,CPMT: 42950-DDI00045,CPMT: 42950-DDI00045-14/10/2025,
14/10/2025,49962,49962-DDI00046,Ndevor Systems Ltd : Phorest Ireland : Phorest UK,11010 Accounts Receivable : Trade Debtors,GBP,1.0,189.0,10020 Bank : BOI current a/c GBP # 62100285,Guernsey,CARDSUCCESS,DDCARD PAYMENT:MESDDD8YLYKH4900SCJNG,2.0,,ch_3SIBWPIdctIUMwHT2adneUrl,CPMT: 49962-DDI00046,CPMT: 49962-DDI00046-14/10/2025,
14/10/2025,83243,83243-DDI00008,Ndevor Systems Ltd : Phorest Ireland : Phorest UK,11010 Accounts Receivable : Trade Debtors,GBP,1.0,280.01,10020 Bank : BOI current a/c GBP # 62100285,United Kingdom(Mainland),CARDSUCCESS,DDCARD PAYMENT:MESDDD5I5FAXEZPKGO740,2.0,,ch_3SIBVlIdctIUMwHT1EAdUwMq,CPMT: 83243-DDI00008,CPMT: 83243-DDI00008-14/10/2025,
14/10/2025,60783,60783-DDI00026,Ndevor Systems Ltd : Phorest Ireland : Phorest UK,11010 Accounts Receivable : Trade Debtors,GBP,1.0,168.08,10020 Bank : BOI current a/c GBP # 62100285,United Kingdom(Mainland),CARDSUCCESS,DDCARD PAYMENT:MESDDDWDJ78XIO1RZVWBI,2.0,,ch_3SIBTQIdctIUMwHT2jfncgck,CPMT: 60783-DDI00026,CPMT: 60783-DDI00026-14/10/2025,
14/10/2025,75325,75325-DDI00018,Ndevor Systems Ltd : Phorest Ireland : Phorest UK,11010 Accounts Receivable : Trade Debtors,GBP,1.0,172.61,10020 Bank : BOI current a/c GBP # 62100285,United Kingdom(Mainland),CARDSUCCESS,DDCARD PAYMENT:MESDDD8O57VW49595900Q,2.0,,ch_3SIBUrIdctIUMwHT1NHuODfQ,CPMT: 75325-DDI00018,CPMT: 75325-DDI00018-14/10/2025,
14/10/2025,73795,73795-DDI00020,Ndevor Systems Ltd : Phorest Ireland : Phorest UK,11010 Accounts Receivable : Trade Debtors,GBP,1.0,351.59,10020 Bank : BOI current a/c GBP # 62100285,United Kingdom(Mainland),CARDSUCCESS,DDCARD PAYMENT:MESDDD3C2I144G39L2U97,2.0,,ch_3SIBUnIdctIUMwHT2aAVQOl3,CPMT: 73795-DDI00020,CPMT: 73795-DDI00020-14/10/2025,
14/10/2025,60924,60924-DDI00031,Ndevor Systems Ltd : Phorest Ireland : Phorest UK,11010 Accounts Receivable : Trade Debtors,GBP,1.0,226.8,10020 Bank : BOI current a/c GBP # 62100285,United Kingdom(Mainland),CARDSUCCESS,DDCARD PAYMENT:MESDDDLE92K95682025XI,2.0,,ch_3SIBTVIdctIUMwHT21SRfT3m,CPMT: 60924-DDI00031,CPMT: 60924-DDI00031-14/10/2025,
14/10/2025,61001,61001-DDI00029,Ndevor Systems Ltd : Phorest Ireland : Phorest UK,11010 Accounts Receivable : Trade Debtors,GBP,1.0,234.0,10020 Bank : BOI current a/c GBP # 62100285,United Kingdom(Mainland),CARDSUCCESS,DDCARD PAYMENT:MESDDD256X2C547H09MCE,2.0,,ch_3SIBTYIdctIUMwHT2p1omi2H,CPMT: 61001-DDI00029,CPMT: 61001-DDI00029-14/10/2025,
14/10/2025,61017,61017-DDI00030,Ndevor Systems Ltd : Phorest Ireland : Phorest UK,11010 Accounts Receivable : Trade Debtors,GBP,1.0,97.75,10020 Bank : BOI current a/c GBP # 62100285,United Kingdom(Mainland),CARDSUCCESS,DDCARD PAYMENT:MESDDDUP1QL0F13F32626,2.0,,ch_3SIBTaIdctIUMwHT0zo0fPZN,CPMT: 61017-DDI00030,CPMT: 61017-DDI00030-14/10/2025,
14/10/2025,61273,61273-DDI00031,Ndevor Systems Ltd : Phorest Ireland : Phorest UK,11010 Accounts Receivable : Trade Debtors,GBP,1.0,181.26,10020 Bank : BOI current a/c GBP # 62100285,United Kingdom(Mainland),CARDSUCCESS,DDCARD PAYMENT:MESDDDA9R02ZQE00JVRLN,2.0,,ch_3SIBTdIdctIUMwHT2JynO4q1,CPMT: 61273-DDI00031,CPMT: 61273-DDI00031-14/10/2025,
14/10/2025,61479,61479-DDI00014,Ndevor Systems Ltd : Phorest Ireland : Phorest UK,11010 Accounts Receivable : Trade Debtors,GBP,1.0,166.8,10020 Bank : BOI current a/c GBP # 62100285,United Kingdom(Mainland),CARDSUCCESS,DDCARD PAYMENT:MESDDD7T7D23FA6JKF9FR,2.0,,ch_3SIBTfIdctIUMwHT2eaE20Am,CPMT: 61479-DDI00014,CPMT: 61479-DDI00014-14/10/2025,
14/10/2025,61511,61511-DDI00032,Ndevor Systems Ltd : Phorest Ireland : Phorest UK,11010 Accounts Receivable : Trade Debtors,GBP,1.0,226.8,10020 Bank : BOI current a/c GBP # 62100285,United Kingdom(Mainland),CARDSUCCESS,DDCARD PAYMENT:MESDDD4B2O64DF1RQTQES,2.0,,ch_3SIBThIdctIUMwHT0q5z9awM,CPMT: 61511-DDI00032,CPMT: 61511-DDI00032-14/10/2025,
14/10/2025,61513,61513-DDI00031,Ndevor Systems Ltd : Phorest Ireland : Phorest UK,11010 Accounts Receivable : Trade Debtors,GBP,1.0,333.6,10020 Bank : BOI current a/c GBP # 62100285,United Kingdom(Mainland),CARDSUCCESS,DDCARD PAYMENT:MESDDDJ641436RCF16OE4,2.0,,ch_3SIBTkIdctIUMwHT0LOcPNpy,CPMT: 61513-DDI00031,CPMT: 61513-DDI00031-14/10/2025,
14/10/2025,61827,61827-DDI00028,Ndevor Systems Ltd : Phorest Ireland : Phorest UK,11010 Accounts Receivable : Trade Debtors,GBP,1.0,195.08,10020 Bank : BOI current a/c GBP # 62100285,United Kingdom(Mainland),CARDSUCCESS,DDCARD PAYMENT:MESDDDTJ07213FWNL4Z79,2.0,,ch_3SIBTsIdctIUMwHT1jCiaa97,CPMT: 61827-DDI00028,CPMT: 61827-DDI00028-14/10/2025,
14/10/2025,61897,61897-DDI00029,Ndevor Systems Ltd : Phorest Ireland : Phorest UK,11010 Accounts Receivable : Trade Debtors,GBP,1.0,176.34,10020 Bank : BOI current a/c GBP # 62100285,United Kingdom(Mainland),CARDSUCCESS,DDCARD PAYMENT:MESDDD341J98LO91PWLR5,2.0,,ch_3SIBTuIdctIUMwHT2hcnn66J,CPMT: 61897-DDI00029,CPMT: 61897-DDI00029-14/10/2025,
14/10/2025,61960,61960-DDI00015,Ndevor Systems Ltd : Phorest Ireland : Phorest UK,11010 Accounts Receivable : Trade Debtors,GBP,1.0,302.0,10020 Bank : BOI current a/c GBP # 62100285,United Kingdom(Mainland),CARDSUCCESS,DDCARD PAYMENT:MESDDDGU3YN8Q27A62P2J,2.0,,ch_3SIBTwIdctIUMwHT0FqTDBla,CPMT: 61960-DDI00015,CPMT: 61960-DDI00015-14/10/2025,
14/10/2025,62029,62029-DDI00013,Ndevor Systems Ltd : Phorest Ireland : Phorest UK,11010 Accounts Receivable : Trade Debtors,GBP,1.0,232.01,10020 Bank : BOI current a/c GBP # 62100285,United Kingdom(Mainland),CARDSUCCESS,DDCARD PAYMENT:MESDDDWZU6Q12WOB3842U,2.0,,ch_3SIBTzIdctIUMwHT1yUd6fwh,CPMT: 62029-DDI00013,CPMT: 62029-DDI00013-14/10/2025,
14/10/2025,62099,62099-DDI00024,Ndevor Systems Ltd : Phorest Ireland : Phorest UK,11010 Accounts Receivable : Trade Debtors,GBP,1.0,298.8,10020 Bank : BOI current a/c GBP # 62100285,United Kingdom(Mainland),CARDSUCCESS,DDCARD PAYMENT:MESDDD329P26BI8QD577D,2.0,,ch_3SIBU1IdctIUMwHT1zAvALFq,CPMT: 62099-DDI00024,CPMT: 62099-DDI00024-14/10/2025,
14/10/2025,62276,62276-DDI00021,Ndevor Systems Ltd : Phorest Ireland : Phorest UK,11010 Accounts Receivable : Trade Debtors,GBP,1.0,309.55,10020 Bank : BOI current a/c GBP # 62100285,United Kingdom(Mainland),CARDSUCCESS,DDCARD PAYMENT:MESDDD7Y23N58844W24DX,2.0,,ch_3SIBU3IdctIUMwHT2eD2qMia,CPMT: 62276-DDI00021,CPMT: 62276-DDI00021-14/10/2025,
14/10/2025,74377,74377-DDI00016,Ndevor Systems Ltd : Phorest Ireland : Phorest UK,11010 Accounts Receivable : Trade Debtors,GBP,1.0,197.21,10020 Bank : BOI current a/c GBP # 62100285,United Kingdom(Mainland),CARDSUCCESS,DDCARD PAYMENT:MESDDD54LMMO0R5ZN325E,2.0,,ch_3SIBUpIdctIUMwHT0jAmqnBM,CPMT: 74377-DDI00016,CPMT: 74377-DDI00016-14/10/2025,
14/10/2025,62699,62699-DDI00027,Ndevor Systems Ltd : Phorest Ireland : Phorest UK,11010 Accounts Receivable : Trade Debtors,GBP,1.0,124.04,10020 Bank : BOI current a/c GBP # 62100285,United Kingdom(Mainland),CARDSUCCESS,DDCARD PAYMENT:MESDDD639516E75WX437M,2.0,,ch_3SIBU7IdctIUMwHT0ACj4Oi4,CPMT: 62699-DDI00027,CPMT: 62699-DDI00027-14/10/2025,
14/10/2025,63556,63556-DDI00015,Ndevor Systems Ltd : Phorest Ireland : Phorest UK,11010 Accounts Receivable : Trade Debtors,GBP,1.0,168.86,10020 Bank : BOI current a/c GBP # 62100285,United Kingdom(Mainland),CARDSUCCESS,DDCARD PAYMENT:MESDDD5Z232TOTCK49240,2.0,,ch_3SIBUCIdctIUMwHT0UfI2hSq,CPMT: 63556-DDI00015,CPMT: 63556-DDI00015-14/10/2025,
14/10/2025,64882,64882-DDI00025,Ndevor Systems Ltd : Phorest Ireland : Phorest UK,11010 Accounts Receivable : Trade Debtors,GBP,1.0,243.55,10020 Bank : BOI current a/c GBP # 62100285,United Kingdom(Mainland),CARDSUCCESS,DDCARD PAYMENT:MESDDD0XN28A6965DSHH0,2.0,,ch_3SIBUEIdctIUMwHT0Xr1aGpA,CPMT: 64882-DDI00025,CPMT: 64882-DDI00025-14/10/2025,
14/10/2025,66282,66282-DDI00012,Ndevor Systems Ltd : Phorest Ireland : Phorest UK,11010 Accounts Receivable : Trade Debtors,GBP,1.0,118.8,10020 Bank : BOI current a/c GBP # 62100285,United Kingdom(NI),CARDSUCCESS,DDCARD PAYMENT:MESDDD99J70R99TTG31Z2,2.0,,ch_3SIBUHIdctIUMwHT0DMNluA1,CPMT: 66282-DDI00012,CPMT: 66282-DDI00012-14/10/2025,
14/10/2025,67975,67975-DDI00020,Ndevor Systems Ltd : Phorest Ireland : Phorest UK,11010 Accounts Receivable : Trade Debtors,GBP,1.0,166.8,10020 Bank : BOI current a/c GBP # 62100285,United Kingdom(Mainland),CARDSUCCESS,DDCARD PAYMENT:MESDDD1P6T20Z8V47619U,2.0,,ch_3SIBUJIdctIUMwHT0YTX8geT,CPMT: 67975-DDI00020,CPMT: 67975-DDI00020-14/10/2025,
14/10/2025,69704,69704-DDI00026,Ndevor Systems Ltd : Phorest Ireland : Phorest UK,11010 Accounts Receivable : Trade Debtors,GBP,1.0,830.35,10020 Bank : BOI current a/c GBP # 62100285,United Kingdom(Mainland),CARDSUCCESS,DDCARD PAYMENT:MESDDD8X5658Y0Q4JYULU,2.0,,ch_3SIBULIdctIUMwHT0voV1JUC,CPMT: 69704-DDI00026,CPMT: 69704-DDI00026-14/10/2025,
14/10/2025,71017,71017-DDI00024,Ndevor Systems Ltd : Phorest Ireland : Phorest UK,11010 Accounts Receivable : Trade Debtors,GBP,1.0,261.24,10020 Bank : BOI current a/c GBP # 62100285,United Kingdom(Mainland),CARDSUCCESS,DDCARD PAYMENT:MESDDD95P01DSJNU84Y6D,2.0,,ch_3SIBUOIdctIUMwHT2RolPodV,CPMT: 71017-DDI00024,CPMT: 71017-DDI00024-14/10/2025,
14/10/2025,73154,73154-DDI00020,Ndevor Systems Ltd : Phorest Ireland : Phorest UK,11010 Accounts Receivable : Trade Debtors,GBP,1.0,263.29,10020 Bank : BOI current a/c GBP # 62100285,United Kingdom(Mainland),CARDSUCCESS,DDCARD PAYMENT:MESDDD9W1486X9P30XXNV,2.0,,ch_3SIBUQIdctIUMwHT2FVfKBP3,CPMT: 73154-DDI00020,CPMT: 73154-DDI00020-14/10/2025,
14/10/2025,71362,71362-DDI00022,Ndevor Systems Ltd : Phorest Ireland : Phorest UK,11010 Accounts Receivable : Trade Debtors,GBP,1.0,126.32,10020 Bank : BOI current a/c GBP # 62100285,United Kingdom(Mainland),CARDSUCCESS,DDCARD PAYMENT:MESDDDA2C9V431A6VLWDN,2.0,,ch_3SIBUSIdctIUMwHT0k2CQPI2,CPMT: 71362-DDI00022,CPMT: 71362-DDI00022-14/10/2025,
14/10/2025,71379,71379-DDI00023,Ndevor Systems Ltd : Phorest Ireland : Phorest UK,11010 Accounts Receivable : Trade Debtors,GBP,1.0,105.48,10020 Bank : BOI current a/c GBP # 62100285,United Kingdom(NI),CARDSUCCESS,DDCARD PAYMENT:MESDDD83098B37OMA2P50,2.0,,ch_3SIBUVIdctIUMwHT0z43rjfA,CPMT: 71379-DDI00023,CPMT: 71379-DDI00023-14/10/2025,
14/10/2025,72118,72118-DDI00016,Ndevor Systems Ltd : Phorest Ireland : Phorest UK,11010 Accounts Receivable : Trade Debtors,GBP,1.0,118.8,10020 Bank : BOI current a/c GBP # 62100285,United Kingdom(Mainland),CARDSUCCESS,DDCARD PAYMENT:MESDDD93WBSIZ0D0LKM77,2.0,,ch_3SIBUaIdctIUMwHT08Ublmhw,CPMT: 72118-DDI00016,CPMT: 72118-DDI00016-14/10/2025,
14/10/2025,72198,72198-DDI00018,Ndevor Systems Ltd : Phorest Ireland : Phorest UK,11010 Accounts Receivable : Trade Debtors,GBP,1.0,298.8,10020 Bank : BOI current a/c GBP # 62100285,United Kingdom(Mainland),CARDSUCCESS,DDCARD PAYMENT:MESDDDDM2VAMNW23CI02Y,2.0,,ch_3SIBUfIdctIUMwHT1L5sGDNu,CPMT: 72198-DDI00018,CPMT: 72198-DDI00018-14/10/2025,
14/10/2025,72579,72579-DDI00023,Ndevor Systems Ltd : Phorest Ireland : Phorest UK,11010 Accounts Receivable : Trade Debtors,GBP,1.0,166.8,10020 Bank : BOI current a/c GBP # 62100285,United Kingdom(Mainland),CARDSUCCESS,DDCARD PAYMENT:MESDDDHNZTQL00L15V70F,2.0,,ch_3SIBUhIdctIUMwHT0XY0Y4ld,CPMT: 72579-DDI00023,CPMT: 72579-DDI00023-14/10/2025,
14/10/2025,73503,73503-DDI00013,Ndevor Systems Ltd : Phorest Ireland : Phorest UK,11010 Accounts Receivable : Trade Debtors,GBP,1.0,177.53,10020 Bank : BOI current a/c GBP # 62100285,United Kingdom(Mainland),CARDSUCCESS,DDCARD PAYMENT:MESDDD44Y816BYP10R425,2.0,,ch_3SIBUkIdctIUMwHT0PRw7XAE,CPMT: 73503-DDI00013,CPMT: 73503-DDI00013-14/10/2025,
14/10/2025,62793,62793-DDI00027,Ndevor Systems Ltd : Phorest Ireland : Phorest UK,11010 Accounts Receivable : Trade Debtors,GBP,1.0,208.43,10020 Bank : BOI current a/c GBP # 62100285,United Kingdom(Mainland),CARDSUCCESS,DDCARD PAYMENT:MESDDDW6V7EP88R2S43S8,2.0,,ch_3SIBU9IdctIUMwHT1x0QBo6o,CPMT: 62793-DDI00027,CPMT: 62793-DDI00027-14/10/2025,
14/10/2025,56033,56033-DDI00041,Ndevor Systems Ltd : Phorest Ireland : Phorest UK,11010 Accounts Receivable : Trade Debtors,GBP,1.0,130.8,10020 Bank : BOI current a/c GBP # 62100285,United Kingdom(Mainland),CARDSUCCESS,DDCARD PAYMENT:MESDDD5U459U69IIWDKI9,2.0,,ch_3SIBQJIdctIUMwHT2xcDgXIQ,CPMT: 56033-DDI00041,CPMT: 56033-DDI00041-14/10/2025,
14/10/2025,55939,55939-DDI00046,Ndevor Systems Ltd : Phorest Ireland : Phorest UK,11010 Accounts Receivable : Trade Debtors,GBP,1.0,214.26,10020 Bank : BOI current a/c GBP # 62100285,United Kingdom(Mainland),CARDSUCCESS,DDCARD PAYMENT:MESDDD7FVJ5160WQA0XWL,2.0,,ch_3SIBQHIdctIUMwHT14qC11CJ,CPMT: 55939-DDI00046,CPMT: 55939-DDI00046-14/10/2025,
14/10/2025,55669,55669-DDI00049,Ndevor Systems Ltd : Phorest Ireland : Phorest UK,11010 Accounts Receivable : Trade Debtors,GBP,1.0,238.06,10020 Bank : BOI current a/c GBP # 62100285,United Kingdom(Mainland),CARDSUCCESS,DDCARD PAYMENT:MESDDDHAY9015GQ6GL1IN,2.0,,ch_3SIBQFIdctIUMwHT1wrIV1rz,CPMT: 55669-DDI00049,CPMT: 55669-DDI00049-14/10/2025,
14/10/2025,44331,44331-DDI00084,Ndevor Systems Ltd : Phorest Ireland : Phorest UK,11010 Accounts Receivable : Trade Debtors,GBP,1.0,200.57,10020 Bank : BOI current a/c GBP # 62100285,United Kingdom(Mainland),CARDSUCCESS,DDCARD PAYMENT:MESDDDK75V67EU19317V6,2.0,,ch_3SIBLtIdctIUMwHT0MJepCai,CPMT: 44331-DDI00084,CPMT: 44331-DDI00084-14/10/2025,
14/10/2025,44540,44540-DDI00076,Ndevor Systems Ltd : Phorest Ireland : Phorest UK,11010 Accounts Receivable : Trade Debtors,GBP,1.0,144.85,10020 Bank : BOI current a/c GBP # 62100285,United Kingdom(Mainland),CARDSUCCESS,DDCARD PAYMENT:MESDDDVDY71040NKZ7129,2.0,,ch_3SIBLvIdctIUMwHT0Vm7BDvx,CPMT: 44540-DDI00076,CPMT: 44540-DDI00076-14/10/2025,
14/10/2025,44687,44687-DDI00077,Ndevor Systems Ltd : Phorest Ireland : Phorest UK,11010 Accounts Receivable : Trade Debtors,GBP,1.0,199.9,10020 Bank : BOI current a/c GBP # 62100285,United Kingdom(Mainland),CARDSUCCESS,DDCARD PAYMENT:MESDDDPNF5QXKE1LULHNZ,2.0,,ch_3SIBLxIdctIUMwHT1cfy2UMu,CPMT: 44687-DDI00077,CPMT: 44687-DDI00077-14/10/2025,
14/10/2025,44792,44792-DDI00078,Ndevor Systems Ltd : Phorest Ireland : Phorest UK,11010 Accounts Receivable : Trade Debtors,GBP,1.0,190.8,10020 Bank : BOI current a/c GBP # 62100285,United Kingdom(Mainland),CARDSUCCESS,DDCARD PAYMENT:MESDDDY24LRRXH4NCGM16,2.0,,ch_3SIBM0IdctIUMwHT1VVkCPJ8,CPMT: 44792-DDI00078,CPMT: 44792-DDI00078-14/10/2025,
14/10/2025,44941,44941-DDI00050,Ndevor Systems Ltd : Phorest Ireland : Phorest UK,11010 Accounts Receivable : Trade Debtors,GBP,1.0,155.93,10020 Bank : BOI current a/c GBP # 62100285,United Kingdom(Mainland),CARDSUCCESS,DDCARD PAYMENT:MESDDD1GGN9WW82D0BP00,2.0,,ch_3SIBM2IdctIUMwHT2NfHCsKE,CPMT: 44941-DDI00050,CPMT: 44941-DDI00050-14/10/2025,
14/10/2025,45193,45193-DDI00067,Ndevor Systems Ltd : Phorest Ireland : Phorest UK,11010 Accounts Receivable : Trade Debtors,GBP,1.0,166.8,10020 Bank : BOI current a/c GBP # 62100285,United Kingdom(Mainland),CARDSUCCESS,DDCARD PAYMENT:MESDDD342530L61T9E5J0,2.0,,ch_3SIBM7IdctIUMwHT2tEYl5GS,CPMT: 45193-DDI00067,CPMT: 45193-DDI00067-14/10/2025,
14/10/2025,45286,45286-DDI00058,Ndevor Systems Ltd : Phorest Ireland : Phorest UK,11010 Accounts Receivable : Trade Debtors,GBP,1.0,243.2,10020 Bank : BOI current a/c GBP # 62100285,United Kingdom(Mainland),CARDSUCCESS,DDCARD PAYMENT:MESDDD9PP8K3G1159RVVC,2.0,,ch_3SIBM9IdctIUMwHT1KxU37X1,CPMT: 45286-DDI00058,CPMT: 45286-DDI00058-14/10/2025,
14/10/2025,45451,45451-DDI00076,Ndevor Systems Ltd : Phorest Ireland : Phorest UK,11010 Accounts Receivable : Trade Debtors,GBP,1.0,118.8,10020 Bank : BOI current a/c GBP # 62100285,United Kingdom(Mainland),CARDSUCCESS,DDCARD PAYMENT:MESDDDGOS7GCE34679LX1,2.0,,ch_3SIBMCIdctIUMwHT2fjtoPVu,CPMT: 45451-DDI00076,CPMT: 45451-DDI00076-14/10/2025,
14/10/2025,45571,45571-DDI00077,Ndevor Systems Ltd : Phorest Ireland : Phorest UK,11010 Accounts Receivable : Trade Debtors,GBP,1.0,217.26,10020 Bank : BOI current a/c GBP # 62100285,United Kingdom(Mainland),CARDSUCCESS,DDCARD PAYMENT:MESDDD86I3391L29YSU7X,2.0,,ch_3SIBMEIdctIUMwHT1LGUzW4D,CPMT: 45571-DDI00077,CPMT: 45571-DDI00077-14/10/2025,
14/10/2025,45703,45703-DDI00072,Ndevor Systems Ltd : Phorest Ireland : Phorest UK,11010 Accounts Receivable : Trade Debtors,GBP,1.0,118.8,10020 Bank : BOI current a/c GBP # 62100285,United Kingdom(Mainland),CARDSUCCESS,DDCARD PAYMENT:MESDDDV7NLG7YW7Z0LTL1,2.0,,ch_3SIBMGIdctIUMwHT05vddqKm,CPMT: 45703-DDI00072,CPMT: 45703-DDI00072-14/10/2025,
14/10/2025,45800,45800-DDI00074,Ndevor Systems Ltd : Phorest Ireland : Phorest UK,11010 Accounts Receivable : Trade Debtors,GBP,1.0,190.8,10020 Bank : BOI current a/c GBP # 62100285,United Kingdom(Mainland),CARDSUCCESS,DDCARD PAYMENT:MESDDDA34NW6RNMR47RK4,2.0,,ch_3SIBMJIdctIUMwHT0NBev9a4,CPMT: 45800-DDI00074,CPMT: 45800-DDI00074-14/10/2025,
14/10/2025,45836,45836-DDI00059,Ndevor Systems Ltd : Phorest Ireland : Phorest UK,11010 Accounts Receivable : Trade Debtors,GBP,1.0,130.8,10020 Bank : BOI current a/c GBP # 62100285,United Kingdom(Mainland),CARDSUCCESS,DDCARD PAYMENT:MESDDDMH48BM6QVA4AYB8,2.0,,ch_3SIBMLIdctIUMwHT0mK978BM,CPMT: 45836-DDI00059,CPMT: 45836-DDI00059-14/10/2025,
14/10/2025,45847,45847-DDI00071,Ndevor Systems Ltd : Phorest Ireland : Phorest UK,11010 Accounts Receivable : Trade Debtors,GBP,1.0,229.94,10020 Bank : BOI current a/c GBP # 62100285,United Kingdom(Mainland),CARDSUCCESS,DDCARD PAYMENT:MESDDDJQ3NS12KB763048,2.0,,ch_3SIBMOIdctIUMwHT0zKBOCBR,CPMT: 45847-DDI00071,CPMT: 45847-DDI00071-14/10/2025,
14/10/2025,44042,44042-DDI00080,Ndevor Systems Ltd : Phorest Ireland : Phorest UK,11010 Accounts Receivable : Trade Debtors,GBP,1.0,118.8,10020 Bank : BOI current a/c GBP # 62100285,United Kingdom(Mainland),CARDSUCCESS,DDCARD PAYMENT:MESDDDE79XZI1878T305N,2.0,,ch_3SIBLrIdctIUMwHT1YXhNf4M,CPMT: 44042-DDI00080,CPMT: 44042-DDI00080-14/10/2025,
14/10/2025,45915,45915-DDI00071,Ndevor Systems Ltd : Phorest Ireland : Phorest UK,11010 Accounts Receivable : Trade Debtors,GBP,1.0,166.8,10020 Bank : BOI current a/c GBP # 62100285,United Kingdom(Mainland),CARDSUCCESS,DDCARD PAYMENT:MESDDDUNYH7J1E25H5N62,2.0,,ch_3SIBMQIdctIUMwHT0pcS1wJL,CPMT: 45915-DDI00071,CPMT: 45915-DDI00071-14/10/2025,
14/10/2025,46139,46139-DDI00072,Ndevor Systems Ltd : Phorest Ireland : Phorest UK,11010 Accounts Receivable : Trade Debtors,GBP,1.0,135.64,10020 Bank : BOI current a/c GBP # 62100285,United Kingdom(Mainland),CARDSUCCESS,DDCARD PAYMENT:MESDDD99T63XHG33LI707,2.0,,ch_3SIBMUIdctIUMwHT2gnciob5,CPMT: 46139-DDI00072,CPMT: 46139-DDI00072-14/10/2025,
14/10/2025,46299,46299-DDI00071,Ndevor Systems Ltd : Phorest Ireland : Phorest UK,11010 Accounts Receivable : Trade Debtors,GBP,1.0,118.8,10020 Bank : BOI current a/c GBP # 62100285,United Kingdom(Mainland),CARDSUCCESS,DDCARD PAYMENT:MESDDD269QU5YQJV769WX,2.0,,ch_3SIBMXIdctIUMwHT2q6Ni9gw,CPMT: 46299-DDI00071,CPMT: 46299-DDI00071-14/10/2025,
14/10/2025,46306,46306-DDI00051,Ndevor Systems Ltd : Phorest Ireland : Phorest UK,11010 Accounts Receivable : Trade Debtors,GBP,1.0,260.84,10020 Bank : BOI current a/c GBP # 62100285,United Kingdom(Mainland),CARDSUCCESS,DDCARD PAYMENT:MESDDD473A264K36I2PBN,2.0,,ch_3SIBMaIdctIUMwHT2F9aEVaN,CPMT: 46306-DDI00051,CPMT: 46306-DDI00051-14/10/2025,
14/10/2025,46464,46464-DDI00057,Ndevor Systems Ltd : Phorest Ireland : Phorest UK,11010 Accounts Receivable : Trade Debtors,GBP,1.0,82.8,10020 Bank : BOI current a/c GBP # 62100285,United Kingdom(Mainland),CARDSUCCESS,DDCARD PAYMENT:MESDDD662VBBKPIB16FB0,2.0,,ch_3SIBMcIdctIUMwHT16RZGfB6,CPMT: 46464-DDI00057,CPMT: 46464-DDI00057-14/10/2025,
14/10/2025,46541,46541-DDI00072,Ndevor Systems Ltd : Phorest Ireland : Phorest UK,11010 Accounts Receivable : Trade Debtors,GBP,1.0,119.23,10020 Bank : BOI current a/c GBP # 62100285,United Kingdom(Mainland),CARDSUCCESS,DDCARD PAYMENT:MESDDD662A4H50NWK75Q3,2.0,,ch_3SIBMeIdctIUMwHT1M8RuDFB,CPMT: 46541-DDI00072,CPMT: 46541-DDI00072-14/10/2025,
14/10/2025,46742,46742-DDI00069,Ndevor Systems Ltd : Phorest Ireland : Phorest UK,11010 Accounts Receivable : Trade Debtors,GBP,1.0,166.8,10020 Bank : BOI current a/c GBP # 62100285,United Kingdom(Mainland),CARDSUCCESS,DDCARD PAYMENT:MESDDD7VLET6U017XS9S1,2.0,,ch_3SIBMhIdctIUMwHT0IX2PlWZ,CPMT: 46742-DDI00069,CPMT: 46742-DDI00069-14/10/2025,
14/10/2025,46938,46938-DDI00061,Ndevor Systems Ltd : Phorest Ireland : Phorest UK,11010 Accounts Receivable : Trade Debtors,GBP,1.0,173.35,10020 Bank : BOI current a/c GBP # 62100285,United Kingdom(Mainland),CARDSUCCESS,DDCARD PAYMENT:MESDDD625OFV61B3J3ZQF,2.0,,ch_3SIBMjIdctIUMwHT2zbMUmbS,CPMT: 46938-DDI00061,CPMT: 46938-DDI00061-14/10/2025,
14/10/2025,47024,47024-DDI00068,Ndevor Systems Ltd : Phorest Ireland : Phorest UK,11010 Accounts Receivable : Trade Debtors,GBP,1.0,280.93,10020 Bank : BOI current a/c GBP # 62100285,United Kingdom(Mainland),CARDSUCCESS,DDCARD PAYMENT:MESDDD0N4G1L727R00527,2.0,,ch_3SIBMlIdctIUMwHT1tqpkHgg,CPMT: 47024-DDI00068,CPMT: 47024-DDI00068-14/10/2025,
14/10/2025,47044,47044-DDI00070,Ndevor Systems Ltd : Phorest Ireland : Phorest UK,11010 Accounts Receivable : Trade Debtors,GBP,1.0,201.6,10020 Bank : BOI current a/c GBP # 62100285,United Kingdom(Mainland),CARDSUCCESS,DDCARD PAYMENT:MESDDDP3S0879UX93APAL,2.0,,ch_3SIBMnIdctIUMwHT0YCu1Uu5,CPMT: 47044-DDI00070,CPMT: 47044-DDI00070-14/10/2025,
14/10/2025,47045,47045-DDI00071,Ndevor Systems Ltd : Phorest Ireland : Phorest UK,11010 Accounts Receivable : Trade Debtors,GBP,1.0,201.6,10020 Bank : BOI current a/c GBP # 62100285,United Kingdom(Mainland),CARDSUCCESS,DDCARD PAYMENT:MESDDDA4K15S5M27OLHKN,2.0,,ch_3SIBMqIdctIUMwHT0UYel5ih,CPMT: 47045-DDI00071,CPMT: 47045-DDI00071-14/10/2025,
14/10/2025,47052,47052-DDI00070,Ndevor Systems Ltd : Phorest Ireland : Phorest UK,11010 Accounts Receivable : Trade Debtors,GBP,1.0,184.75,10020 Bank : BOI current a/c GBP # 62100285,United Kingdom(Mainland),CARDSUCCESS,DDCARD PAYMENT:MESDDDSJUW3X92G658I6E,2.0,,ch_3SIBMsIdctIUMwHT2K1kf7ZO,CPMT: 47052-DDI00070,CPMT: 47052-DDI00070-14/10/2025,
14/10/2025,47053,47053-DDI00068,Ndevor Systems Ltd : Phorest Ireland : Phorest UK,11010 Accounts Receivable : Trade Debtors,GBP,1.0,179.71,10020 Bank : BOI current a/c GBP # 62100285,United Kingdom(Mainland),CARDSUCCESS,DDCARD PAYMENT:MESDDDU8826JGWWHW02O6,2.0,,ch_3SIBMuIdctIUMwHT23yI7Px3,CPMT: 47053-DDI00068,CPMT: 47053-DDI00068-14/10/2025,
14/10/2025,47096,47096-DDI00069,Ndevor Systems Ltd : Phorest Ireland : Phorest UK,11010 Accounts Receivable : Trade Debtors,GBP,1.0,276.86,10020 Bank : BOI current a/c GBP # 62100285,United Kingdom(Mainland),CARDSUCCESS,DDCARD PAYMENT:MESDDD39QMU2UU8BBK62X,2.0,,ch_3SIBN0IdctIUMwHT2GOqPHjw,CPMT: 47096-DDI00069,CPMT: 47096-DDI00069-14/10/2025,
14/10/2025,45935,45935-DDI00036,Ndevor Systems Ltd : Phorest Ireland : Phorest UK,11010 Accounts Receivable : Trade Debtors,GBP,1.0,166.8,10020 Bank : BOI current a/c GBP # 62100285,United Kingdom(Mainland),CARDSUCCESS,DDCARD PAYMENT:MESDDD8Y934QJ5FOS30DC,2.0,,ch_3SIBMSIdctIUMwHT0Jeis3tp,CPMT: 45935-DDI00036,CPMT: 45935-DDI00036-14/10/2025,
14/10/2025,47113,47113-DDI00066,Ndevor Systems Ltd : Phorest Ireland : Phorest UK,11010 Accounts Receivable : Trade Debtors,GBP,1.0,210.0,10020 Bank : BOI current a/c GBP # 62100285,United Kingdom(Mainland),CARDSUCCESS,DDCARD PAYMENT:MESDDDO2W2XP8M1LU4564,2.0,,ch_3SIBN2IdctIUMwHT0kbQHpg1,CPMT: 47113-DDI00066,CPMT: 47113-DDI00066-14/10/2025,
14/10/2025,43973,43973-DDI00077,Ndevor Systems Ltd : Phorest Ireland : Phorest UK,11010 Accounts Receivable : Trade Debtors,GBP,1.0,218.6,10020 Bank : BOI current a/c GBP # 62100285,United Kingdom(Mainland),CARDSUCCESS,DDCARD PAYMENT:MESDDD1K102E773SQUV07,2.0,,ch_3SIBLoIdctIUMwHT1nO9MBHF,CPMT: 43973-DDI00077,CPMT: 43973-DDI00077-14/10/2025,
14/10/2025,43156,43156-DDI00080,Ndevor Systems Ltd : Phorest Ireland : Phorest UK,11010 Accounts Receivable : Trade Debtors,GBP,1.0,166.8,10020 Bank : BOI current a/c GBP # 62100285,United Kingdom(Mainland),CARDSUCCESS,DDCARD PAYMENT:MESDDD93BO25CRBKKIX16,2.0,,ch_3SIBLhIdctIUMwHT2fouA4DQ,CPMT: 43156-DDI00080,CPMT: 43156-DDI00080-14/10/2025,
14/10/2025,40459,40459-DDI00095,Ndevor Systems Ltd : Phorest Ireland : Phorest UK,11010 Accounts Receivable : Trade Debtors,GBP,1.0,221.72,10020 Bank : BOI current a/c GBP # 62100285,United Kingdom(Mainland),CARDSUCCESS,DDCARD PAYMENT:MESDDDEF5DW1V827FIQ05,2.0,,ch_3SIBKSIdctIUMwHT0IlNjoF0,CPMT: 40459-DDI00095,CPMT: 40459-DDI00095-14/10/2025,
14/10/2025,40463,40463-DDI00100,Ndevor Systems Ltd : Phorest Ireland : Phorest UK,11010 Accounts Receivable : Trade Debtors,GBP,1.0,275.05,10020 Bank : BOI current a/c GBP # 62100285,United Kingdom(Mainland),CARDSUCCESS,DDCARD PAYMENT:MESDDDN0P38SEY2PK58WI,2.0,,ch_3SIBKUIdctIUMwHT1LIydVLy,CPMT: 40463-DDI00100,CPMT: 40463-DDI00100-14/10/2025,
14/10/2025,40487,40487-DDI00093,Ndevor Systems Ltd : Phorest Ireland : Phorest UK,11010 Accounts Receivable : Trade Debtors,GBP,1.0,166.8,10020 Bank : BOI current a/c GBP # 62100285,United Kingdom(Mainland),CARDSUCCESS,DDCARD PAYMENT:MESDDDM8620GIUR13UO49,2.0,,ch_3SIBKWIdctIUMwHT1Rq79FOv,CPMT: 40487-DDI00093,CPMT: 40487-DDI00093-14/10/2025,
14/10/2025,40517,40517-DDI00089,Ndevor Systems Ltd : Phorest Ireland : Phorest UK,11010 Accounts Receivable : Trade Debtors,GBP,1.0,162.84,10020 Bank : BOI current a/c GBP # 62100285,United Kingdom(Mainland),CARDSUCCESS,DDCARD PAYMENT:MESDDDLI6567D375H9F2A,2.0,,ch_3SIBKYIdctIUMwHT1jGMy2Gh,CPMT: 40517-DDI00089,CPMT: 40517-DDI00089-14/10/2025,
14/10/2025,40599,40599-DDI00090,Ndevor Systems Ltd : Phorest Ireland : Phorest UK,11010 Accounts Receivable : Trade Debtors,GBP,1.0,298.8,10020 Bank : BOI current a/c GBP # 62100285,United Kingdom(Mainland),CARDSUCCESS,DDCARD PAYMENT:MESDDD9V68O8U129N7F21,2.0,,ch_3SIBKbIdctIUMwHT1Nfd3TU1,CPMT: 40599-DDI00090,CPMT: 40599-DDI00090-14/10/2025,
14/10/2025,40852,40852-DDI00072,Ndevor Systems Ltd : Phorest Ireland : Phorest UK,11010 Accounts Receivable : Trade Debtors,GBP,1.0,155.71,10020 Bank : BOI current a/c GBP # 62100285,United Kingdom(Mainland),CARDSUCCESS,DDCARD PAYMENT:MESDDD32E9S83L34W87SL,2.0,,ch_3SIBKdIdctIUMwHT2UzsBl6c,CPMT: 40852-DDI00072,CPMT: 40852-DDI00072-14/10/2025,
14/10/2025,40853,40853-DDI00090,Ndevor Systems Ltd : Phorest Ireland : Phorest UK,11010 Accounts Receivable : Trade Debtors,GBP,1.0,274.8,10020 Bank : BOI current a/c GBP # 62100285,United Kingdom(Mainland),CARDSUCCESS,DDCARD PAYMENT:MESDDD40ZE1S5V03IO013,2.0,,ch_3SIBKfIdctIUMwHT0uY3Z6KF,CPMT: 40853-DDI00090,CPMT: 40853-DDI00090-14/10/2025,
14/10/2025,19347,19347-DDI00095,Ndevor Systems Ltd : Phorest Ireland : Phorest UK,11010 Accounts Receivable : Trade Debtors,GBP,1.0,275.81,10020 Bank : BOI current a/c GBP # 62100285,United Kingdom(Mainland),CARDSUCCESS,DDCARD PAYMENT:MESDDDX7Z53M1O3BX5TW2,2.0,,ch_3SIB8pIdctIUMwHT2S3YbVnD,CPMT: 19347-DDI00095,CPMT: 19347-DDI00095-14/10/2025,
14/10/2025,41004,41004-DDI00089,Ndevor Systems Ltd : Phorest Ireland : Phorest UK,11010 Accounts Receivable : Trade Debtors,GBP,1.0,252.23,10020 Bank : BOI current a/c GBP # 62100285,United Kingdom(Mainland),CARDSUCCESS,DDCARD PAYMENT:MESDDD5M3L9G098LRV43S,2.0,,ch_3SIBKnIdctIUMwHT0ZaFQHIf,CPMT: 41004-DDI00089,CPMT: 41004-DDI00089-14/10/2025,
14/10/2025,41013,41013-DDI00089,Ndevor Systems Ltd : Phorest Ireland : Phorest UK,11010 Accounts Receivable : Trade Debtors,GBP,1.0,199.34,10020 Bank : BOI current a/c GBP # 62100285,United Kingdom(Mainland),CARDSUCCESS,DDCARD PAYMENT:MESDDD4QR68U0ECO839XV,2.0,,ch_3SIBKpIdctIUMwHT23ktss3S,CPMT: 41013-DDI00089,CPMT: 41013-DDI00089-14/10/2025,
14/10/2025,41333,41333-DDI00084,Ndevor Systems Ltd : Phorest Ireland : Phorest UK,11010 Accounts Receivable : Trade Debtors,GBP,1.0,190.8,10020 Bank : BOI current a/c GBP # 62100285,United Kingdom(Mainland),CARDSUCCESS,DDCARD PAYMENT:MESDDD3528D19JA6ML60A,2.0,,ch_3SIBKuIdctIUMwHT1U4CveHv,CPMT: 41333-DDI00084,CPMT: 41333-DDI00084-14/10/2025,
14/10/2025,41334,41334-DDI00068,Ndevor Systems Ltd : Phorest Ireland : Phorest UK,11010 Accounts Receivable : Trade Debtors,GBP,1.0,164.71,10020 Bank : BOI current a/c GBP # 62100285,United Kingdom(Mainland),CARDSUCCESS,DDCARD PAYMENT:MESDDD322CD30OLPQQCON,2.0,,ch_3SIBKwIdctIUMwHT2omlvDLu,CPMT: 41334-DDI00068,CPMT: 41334-DDI00068-14/10/2025,
14/10/2025,41456,41456-DDI00067,Ndevor Systems Ltd : Phorest Ireland : Phorest UK,11010 Accounts Receivable : Trade Debtors,GBP,1.0,58.8,10020 Bank : BOI current a/c GBP # 62100285,United Kingdom(Mainland),CARDSUCCESS,DDCARD PAYMENT:MESDDD9YR2I20059F5NRK,2.0,,ch_3SIBKyIdctIUMwHT0stuQxDh,CPMT: 41456-DDI00067,CPMT: 41456-DDI00067-14/10/2025,
14/10/2025,43398,43398-DDI00082,Ndevor Systems Ltd : Phorest Ireland : Phorest UK,11010 Accounts Receivable : Trade Debtors,GBP,1.0,166.8,10020 Bank : BOI current a/c GBP # 62100285,United Kingdom(Mainland),CARDSUCCESS,DDCARD PAYMENT:MESDDDC9598P64W1RE385,2.0,,ch_3SIBLmIdctIUMwHT010T45Br,CPMT: 43398-DDI00082,CPMT: 43398-DDI00082-14/10/2025,
14/10/2025,41539,41539-DDI00067,Ndevor Systems Ltd : Phorest Ireland : Phorest UK,11010 Accounts Receivable : Trade Debtors,GBP,1.0,187.43,10020 Bank : BOI current a/c GBP # 62100285,United Kingdom(Mainland),CARDSUCCESS,DDCARD PAYMENT:MESDDDC5FMW7T1R19953P,2.0,,ch_3SIBL1IdctIUMwHT2AcGVCvJ,CPMT: 41539-DDI00067,CPMT: 41539-DDI00067-14/10/2025,
14/10/2025,41654,41654-DDI00088,Ndevor Systems Ltd : Phorest Ireland : Phorest UK,11010 Accounts Receivable : Trade Debtors,GBP,1.0,154.8,10020 Bank : BOI current a/c GBP # 62100285,United Kingdom(NI),CARDSUCCESS,DDCARD PAYMENT:MESDDDHQ296833Q1FP889,2.0,,ch_3SIBL5IdctIUMwHT0cFcCvWy,CPMT: 41654-DDI00088,CPMT: 41654-DDI00088-14/10/2025,
14/10/2025,41928,41928-DDI00086,Ndevor Systems Ltd : Phorest Ireland : Phorest UK,11010 Accounts Receivable : Trade Debtors,GBP,1.0,58.8,10020 Bank : BOI current a/c GBP # 62100285,United Kingdom(Mainland),CARDSUCCESS,DDCARD PAYMENT:MESDDD97Z2FW95VP8P5AL,2.0,,ch_3SIBL8IdctIUMwHT2218MFzf,CPMT: 41928-DDI00086,CPMT: 41928-DDI00086-14/10/2025,
14/10/2025,42021,42021-DDI00087,Ndevor Systems Ltd : Phorest Ireland : Phorest UK,11010 Accounts Receivable : Trade Debtors,GBP,1.0,106.9,10020 Bank : BOI current a/c GBP # 62100285,United Kingdom(Mainland),CARDSUCCESS,DDCARD PAYMENT:MESDDD60RVK01026P261V,2.0,,ch_3SIBLAIdctIUMwHT1lSdbpiN,CPMT: 42021-DDI00087,CPMT: 42021-DDI00087-14/10/2025,
14/10/2025,42317,42317-DDI00085,Ndevor Systems Ltd : Phorest Ireland : Phorest UK,11010 Accounts Receivable : Trade Debtors,GBP,1.0,253.26,10020 Bank : BOI current a/c GBP # 62100285,United Kingdom(Mainland),CARDSUCCESS,DDCARD PAYMENT:MESDDDC0T36P635R5S5N8,2.0,,ch_3SIBLDIdctIUMwHT13SdznIM,CPMT: 42317-DDI00085,CPMT: 42317-DDI00085-14/10/2025,
14/10/2025,42863,42863-DDI00085,Ndevor Systems Ltd : Phorest Ireland : Phorest UK,11010 Accounts Receivable : Trade Debtors,GBP,1.0,226.8,10020 Bank : BOI current a/c GBP # 62100285,United Kingdom(Mainland),CARDSUCCESS,DDCARD PAYMENT:MESDDDTWM9PO94TPD9SY7,2.0,,ch_3SIBLFIdctIUMwHT0fdyZfE7,CPMT: 42863-DDI00085,CPMT: 42863-DDI00085-14/10/2025,
14/10/2025,42407,42407-DDI00087,Ndevor Systems Ltd : Phorest Ireland : Phorest UK,11010 Accounts Receivable : Trade Debtors,GBP,1.0,250.73,10020 Bank : BOI current a/c GBP # 62100285,United Kingdom(Mainland),CARDSUCCESS,DDCARD PAYMENT:MESDDD443X1SHQHQLFX2S,2.0,,ch_3SIBLHIdctIUMwHT1dlbWjav,CPMT: 42407-DDI00087,CPMT: 42407-DDI00087-14/10/2025,
14/10/2025,42491,42491-DDI00060,Ndevor Systems Ltd : Phorest Ireland : Phorest UK,11010 Accounts Receivable : Trade Debtors,GBP,1.0,154.8,10020 Bank : BOI current a/c GBP # 62100285,United Kingdom(Mainland),CARDSUCCESS,DDCARD PAYMENT:MESDDDDFZ096XYM3Q0135,2.0,,ch_3SIBLKIdctIUMwHT2xIhMgQe,CPMT: 42491-DDI00060,CPMT: 42491-DDI00060-14/10/2025,
14/10/2025,42649,42649-DDI00084,Ndevor Systems Ltd : Phorest Ireland : Phorest UK,11010 Accounts Receivable : Trade Debtors,GBP,1.0,175.16,10020 Bank : BOI current a/c GBP # 62100285,United Kingdom(Mainland),CARDSUCCESS,DDCARD PAYMENT:MESDDDAV7K7P955O525NZ,2.0,,ch_3SIBLQIdctIUMwHT17bVrYUi,CPMT: 42649-DDI00084,CPMT: 42649-DDI00084-14/10/2025,
14/10/2025,42675,42675-DDI00084,Ndevor Systems Ltd : Phorest Ireland : Phorest UK,11010 Accounts Receivable : Trade Debtors,GBP,1.0,248.06,10020 Bank : BOI current a/c GBP # 62100285,United Kingdom(Mainland),CARDSUCCESS,DDCARD PAYMENT:MESDDDA6O4C0P08G7521C,2.0,,ch_3SIBLTIdctIUMwHT0ZDCbS7d,CPMT: 42675-DDI00084,CPMT: 42675-DDI00084-14/10/2025,
14/10/2025,42757,42757-DDI00082,Ndevor Systems Ltd : Phorest Ireland : Phorest UK,11010 Accounts Receivable : Trade Debtors,GBP,1.0,256.45,10020 Bank : BOI current a/c GBP # 62100285,United Kingdom(Mainland),CARDSUCCESS,DDCARD PAYMENT:MESDDD0623E3G4JD48B9P,2.0,,ch_3SIBLVIdctIUMwHT1RctTrVL,CPMT: 42757-DDI00082,CPMT: 42757-DDI00082-14/10/2025,
14/10/2025,42816,42816-DDI00078,Ndevor Systems Ltd : Phorest Ireland : Phorest UK,11010 Accounts Receivable : Trade Debtors,GBP,1.0,311.75,10020 Bank : BOI current a/c GBP # 62100285,United Kingdom(Mainland),CARDSUCCESS,DDCARD PAYMENT:MESDDDR4W7400E1N269Q8,2.0,,ch_3SIBLXIdctIUMwHT19NDMTWl,CPMT: 42816-DDI00078,CPMT: 42816-DDI00078-14/10/2025,
14/10/2025,42988,42988-DDI00069,Ndevor Systems Ltd : Phorest Ireland : Phorest UK,11010 Accounts Receivable : Trade Debtors,GBP,1.0,166.8,10020 Bank : BOI current a/c GBP # 62100285,United Kingdom(Mainland),CARDSUCCESS,DDCARD PAYMENT:MESDDDJ87UWNMIGW35406,2.0,,ch_3SIBLaIdctIUMwHT1Eh9EqgJ,CPMT: 42988-DDI00069,CPMT: 42988-DDI00069-14/10/2025,
14/10/2025,43007,43007-DDI00084,Ndevor Systems Ltd : Phorest Ireland : Phorest UK,11010 Accounts Receivable : Trade Debtors,GBP,1.0,292.82,10020 Bank : BOI current a/c GBP # 62100285,United Kingdom(Mainland),CARDSUCCESS,DDCARD PAYMENT:MESDDD7Q4VYQI7KEFKGJ8,2.0,,ch_3SIBLcIdctIUMwHT1AA42PEN,CPMT: 43007-DDI00084,CPMT: 43007-DDI00084-14/10/2025,
14/10/2025,41612,41612-DDI00087,Ndevor Systems Ltd : Phorest Ireland : Phorest UK,11010 Accounts Receivable : Trade Debtors,GBP,1.0,298.8,10020 Bank : BOI current a/c GBP # 62100285,United Kingdom(Mainland),CARDSUCCESS,DDCARD PAYMENT:MESDDDROD395R8694GG72,2.0,,ch_3SIBL3IdctIUMwHT2teVN2vY,CPMT: 41612-DDI00087,CPMT: 41612-DDI00087-14/10/2025,
14/10/2025,47126,47126-DDI00065,Ndevor Systems Ltd : Phorest Ireland : Phorest UK,11010 Accounts Receivable : Trade Debtors,GBP,1.0,239.21,10020 Bank : BOI current a/c GBP # 62100285,United Kingdom(Mainland),CARDSUCCESS,DDCARD PAYMENT:MESDDDKOMA6S0RNY4L981,2.0,,ch_3SIBN5IdctIUMwHT2VQTVIH3,CPMT: 47126-DDI00065,CPMT: 47126-DDI00065-14/10/2025,
14/10/2025,47148,47148-DDI00066,Ndevor Systems Ltd : Phorest Ireland : Phorest UK,11010 Accounts Receivable : Trade Debtors,GBP,1.0,225.6,10020 Bank : BOI current a/c GBP # 62100285,United Kingdom(Mainland),CARDSUCCESS,DDCARD PAYMENT:MESDDDNJ7I18B64S0ZA8K,2.0,,ch_3SIBN7IdctIUMwHT2kUs1SLT,CPMT: 47148-DDI00066,CPMT: 47148-DDI00066-14/10/2025,
14/10/2025,47830,47830-DDI00042,Ndevor Systems Ltd : Phorest Ireland : Phorest UK,11010 Accounts Receivable : Trade Debtors,GBP,1.0,106.8,10020 Bank : BOI current a/c GBP # 62100285,United Kingdom(Mainland),CARDSUCCESS,DDCARD PAYMENT:MESDDDXW2O5KL754YB3RT,2.0,,ch_3SIBNCIdctIUMwHT2NRf1DK3,CPMT: 47830-DDI00042,CPMT: 47830-DDI00042-14/10/2025,
14/10/2025,50387,50387-DDI00055,Ndevor Systems Ltd : Phorest Ireland : Phorest UK,11010 Accounts Receivable : Trade Debtors,GBP,1.0,173.77,10020 Bank : BOI current a/c GBP # 62100285,United Kingdom(Mainland),CARDSUCCESS,DDCARD PAYMENT:MESDDD379G2722T412315,2.0,,ch_3SIBOmIdctIUMwHT1LBYqdaw,CPMT: 50387-DDI00055,CPMT: 50387-DDI00055-14/10/2025,
14/10/2025,50686,50686-DDI00055,Ndevor Systems Ltd : Phorest Ireland : Phorest UK,11010 Accounts Receivable : Trade Debtors,GBP,1.0,175.22,10020 Bank : BOI current a/c GBP # 62100285,United Kingdom(Mainland),CARDSUCCESS,DDCARD PAYMENT:MESDDDEHJ58IPC7MJJ7GZ,2.0,,ch_3SIBOoIdctIUMwHT0kQzdNHR,CPMT: 50686-DDI00055,CPMT: 50686-DDI00055-14/10/2025,
14/10/2025,50793,50793-DDI00056,Ndevor Systems Ltd : Phorest Ireland : Phorest UK,11010 Accounts Receivable : Trade Debtors,GBP,1.0,169.12,10020 Bank : BOI current a/c GBP # 62100285,United Kingdom(Mainland),CARDSUCCESS,DDCARD PAYMENT:MESDDD1GWZ8UT74OAP5WK,2.0,,ch_3SIBOqIdctIUMwHT02hj6HTg,CPMT: 50793-DDI00056,CPMT: 50793-DDI00056-14/10/2025,
14/10/2025,50856,50856-DDI00055,Ndevor Systems Ltd : Phorest Ireland : Phorest UK,11010 Accounts Receivable : Trade Debtors,GBP,1.0,154.8,10020 Bank : BOI current a/c GBP # 62100285,United Kingdom(Mainland),CARDSUCCESS,DDCARD PAYMENT:MESDDDT2YYG6Q9ZPXZ209,2.0,,ch_3SIBOtIdctIUMwHT0NNXi6VF,CPMT: 50856-DDI00055,CPMT: 50856-DDI00055-14/10/2025,
14/10/2025,50989,50989-DDI00055,Ndevor Systems Ltd : Phorest Ireland : Phorest UK,11010 Accounts Receivable : Trade Debtors,GBP,1.0,154.8,10020 Bank : BOI current a/c GBP # 62100285,United Kingdom(Mainland),CARDSUCCESS,DDCARD PAYMENT:MESDDDL81Q85W964BSALV,2.0,,ch_3SIBOvIdctIUMwHT2zMklFbu,CPMT: 50989-DDI00055,CPMT: 50989-DDI00055-14/10/2025,
14/10/2025,51024,51024-DDI00053,Ndevor Systems Ltd : Phorest Ireland : Phorest UK,11010 Accounts Receivable : Trade Debtors,GBP,1.0,514.91,10020 Bank : BOI current a/c GBP # 62100285,United Kingdom(Mainland),CARDSUCCESS,DDCARD PAYMENT:MESDDDL713E9BS4682EZ0,2.0,,ch_3SIBOyIdctIUMwHT2TJaOZvL,CPMT: 51024-DDI00053,CPMT: 51024-DDI00053-14/10/2025,
14/10/2025,51373,51373-DDI00053,Ndevor Systems Ltd : Phorest Ireland : Phorest UK,11010 Accounts Receivable : Trade Debtors,GBP,1.0,289.01,10020 Bank : BOI current a/c GBP # 62100285,United Kingdom(Mainland),CARDSUCCESS,DDCARD PAYMENT:MESDDD9U55T7I5035R4M2,2.0,,ch_3SIBP8IdctIUMwHT13gnzUUq,CPMT: 51373-DDI00053,CPMT: 51373-DDI00053-14/10/2025,
14/10/2025,51375,51375-DDI00051,Ndevor Systems Ltd : Phorest Ireland : Phorest UK,11010 Accounts Receivable : Trade Debtors,GBP,1.0,118.8,10020 Bank : BOI current a/c GBP # 62100285,United Kingdom(Mainland),CARDSUCCESS,DDCARD PAYMENT:MESDDD1N5Y2MH7RL53MZ8,2.0,,ch_3SIBPBIdctIUMwHT1ywD8Bdi,CPMT: 51375-DDI00051,CPMT: 51375-DDI00051-14/10/2025,
14/10/2025,51484,51484-DDI00026,Ndevor Systems Ltd : Phorest Ireland : Phorest UK,11010 Accounts Receivable : Trade Debtors,GBP,1.0,82.8,10020 Bank : BOI current a/c GBP # 62100285,United Kingdom(Mainland),CARDSUCCESS,DDCARD PAYMENT:MESDDD73VSF8IK77TLQ5K,2.0,,ch_3SIBPDIdctIUMwHT0XQdf8hv,CPMT: 51484-DDI00026,CPMT: 51484-DDI00026-14/10/2025,
14/10/2025,51578,51578-DDI00027,Ndevor Systems Ltd : Phorest Ireland : Phorest UK,11010 Accounts Receivable : Trade Debtors,GBP,1.0,150.89,10020 Bank : BOI current a/c GBP # 62100285,United Kingdom(Mainland),CARDSUCCESS,DDCARD PAYMENT:MESDDDFEOGTS1T71RFO48,2.0,,ch_3SIBPHIdctIUMwHT0XnKZPhT,CPMT: 51578-DDI00027,CPMT: 51578-DDI00027-14/10/2025,
14/10/2025,52032,52032-DDI00053,Ndevor Systems Ltd : Phorest Ireland : Phorest UK,11010 Accounts Receivable : Trade Debtors,GBP,1.0,67.85,10020 Bank : BOI current a/c GBP # 62100285,United Kingdom(Mainland),CARDSUCCESS,DDCARD PAYMENT:MESDDD6BDCB8092C82WD9,2.0,,ch_3SIBPMIdctIUMwHT0tlu4oBB,CPMT: 52032-DDI00053,CPMT: 52032-DDI00053-14/10/2025,
14/10/2025,52227,52227-DDI00052,Ndevor Systems Ltd : Phorest Ireland : Phorest UK,11010 Accounts Receivable : Trade Debtors,GBP,1.0,187.85,10020 Bank : BOI current a/c GBP # 62100285,United Kingdom(Mainland),CARDSUCCESS,DDCARD PAYMENT:MESDDD03SP3713I9BHGKN,2.0,,ch_3SIBPOIdctIUMwHT2v5CNa99,CPMT: 52227-DDI00052,CPMT: 52227-DDI00052-14/10/2025,
14/10/2025,52272,52272-DDI00024,Ndevor Systems Ltd : Phorest Ireland : Phorest UK,11010 Accounts Receivable : Trade Debtors,GBP,1.0,193.57,10020 Bank : BOI current a/c GBP # 62100285,United Kingdom(Mainland),CARDSUCCESS,DDCARD PAYMENT:MESDDD5Y90W7LLT5Q1UGL,2.0,,ch_3SIBPRIdctIUMwHT2fEAiroW,CPMT: 52272-DDI00024,CPMT: 52272-DDI00024-14/10/2025,
14/10/2025,50080,50080-DDI00058,Ndevor Systems Ltd : Phorest Ireland : Phorest UK,11010 Accounts Receivable : Trade Debtors,GBP,1.0,154.8,10020 Bank : BOI current a/c GBP # 62100285,United Kingdom(Mainland),CARDSUCCESS,DDCARD PAYMENT:MESDDD565QYX19L6G3IVM,2.0,,ch_3SIBOjIdctIUMwHT0ISN7Eh7,CPMT: 50080-DDI00058,CPMT: 50080-DDI00058-14/10/2025,
14/10/2025,52311,52311-DDI00052,Ndevor Systems Ltd : Phorest Ireland : Phorest UK,11010 Accounts Receivable : Trade Debtors,GBP,1.0,243.2,10020 Bank : BOI current a/c GBP # 62100285,United Kingdom(Mainland),CARDSUCCESS,DDCARD PAYMENT:MESDDD2EC646O16L3KQKB,2.0,,ch_3SIBPUIdctIUMwHT0GWe8NT4,CPMT: 52311-DDI00052,CPMT: 52311-DDI00052-14/10/2025,
14/10/2025,52571,52571-DDI00047,Ndevor Systems Ltd : Phorest Ireland : Phorest UK,11010 Accounts Receivable : Trade Debtors,GBP,1.0,171.07,10020 Bank : BOI current a/c GBP # 62100285,United Kingdom(Mainland),CARDSUCCESS,DDCARD PAYMENT:MESDDDPT3483K528DQ0U5,2.0,,ch_3SIBPbIdctIUMwHT2zq8nZ9X,CPMT: 52571-DDI00047,CPMT: 52571-DDI00047-14/10/2025,
14/10/2025,52901,52901-DDI00052,Ndevor Systems Ltd : Phorest Ireland : Phorest UK,11010 Accounts Receivable : Trade Debtors,GBP,1.0,166.8,10020 Bank : BOI current a/c GBP # 62100285,United Kingdom(Mainland),CARDSUCCESS,DDCARD PAYMENT:MESDDD2793X69I3G3OS96,2.0,,ch_3SIBPgIdctIUMwHT2sScapPK,CPMT: 52901-DDI00052,CPMT: 52901-DDI00052-14/10/2025,
14/10/2025,53050,53050-DDI00032,Ndevor Systems Ltd : Phorest Ireland : Phorest UK,11010 Accounts Receivable : Trade Debtors,GBP,1.0,151.52,10020 Bank : BOI current a/c GBP # 62100285,United Kingdom(Mainland),CARDSUCCESS,DDCARD PAYMENT:MESDDDPA17IA986XO7CW8,2.0,,ch_3SIBPiIdctIUMwHT2Lg8ro97,CPMT: 53050-DDI00032,CPMT: 53050-DDI00032-14/10/2025,
14/10/2025,53093,53093-DDI00049,Ndevor Systems Ltd : Phorest Ireland : Phorest UK,11010 Accounts Receivable : Trade Debtors,GBP,1.0,166.8,10020 Bank : BOI current a/c GBP # 62100285,United Kingdom(Mainland),CARDSUCCESS,DDCARD PAYMENT:MESDDD2CT9C32KJSB9YCC,2.0,,ch_3SIBPkIdctIUMwHT2ESGpewv,CPMT: 53093-DDI00049,CPMT: 53093-DDI00049-14/10/2025,
14/10/2025,53658,53658-DDI00052,Ndevor Systems Ltd : Phorest Ireland : Phorest UK,11010 Accounts Receivable : Trade Debtors,GBP,1.0,124.96,10020 Bank : BOI current a/c GBP # 62100285,United Kingdom(Mainland),CARDSUCCESS,DDCARD PAYMENT:MESDDDGK5923A6W9TG0M7,2.0,,ch_3SIBPnIdctIUMwHT2tjPrcIP,CPMT: 53658-DDI00052,CPMT: 53658-DDI00052-14/10/2025,
14/10/2025,53875,53875-DDI00050,Ndevor Systems Ltd : Phorest Ireland : Phorest UK,11010 Accounts Receivable : Trade Debtors,GBP,1.0,346.88,10020 Bank : BOI current a/c GBP # 62100285,United Kingdom(Mainland),CARDSUCCESS,DDCARD PAYMENT:MESDDDQILJHI06V71U5G1,2.0,,ch_3SIBPsIdctIUMwHT0uLMdylS,CPMT: 53875-DDI00050,CPMT: 53875-DDI00050-14/10/2025,
14/10/2025,54294,54294-DDI00025,Ndevor Systems Ltd : Phorest Ireland : Phorest UK,11010 Accounts Receivable : Trade Debtors,GBP,1.0,124.31,10020 Bank : BOI current a/c GBP # 62100285,United Kingdom(Mainland),CARDSUCCESS,DDCARD PAYMENT:MESDDD6NAQ4IGLVY987WV,2.0,,ch_3SIBPuIdctIUMwHT2b1tTmbM,CPMT: 54294-DDI00025,CPMT: 54294-DDI00025-14/10/2025,
14/10/2025,54449,54449-DDI00046,Ndevor Systems Ltd : Phorest Ireland : Phorest UK,11010 Accounts Receivable : Trade Debtors,GBP,1.0,232.22,10020 Bank : BOI current a/c GBP # 62100285,United Kingdom(Mainland),CARDSUCCESS,DDCARD PAYMENT:MESDDDL5B188R2AM3P341,2.0,,ch_3SIBPwIdctIUMwHT0Z3MeN1v,CPMT: 54449-DDI00046,CPMT: 54449-DDI00046-14/10/2025,
14/10/2025,55451,55451-DDI00044,Ndevor Systems Ltd : Phorest Ireland : Phorest UK,11010 Accounts Receivable : Trade Debtors,GBP,1.0,130.8,10020 Bank : BOI current a/c GBP # 62100285,United Kingdom(Mainland),CARDSUCCESS,DDCARD PAYMENT:MESDDD9TZ3M720287N97A,2.0,,ch_3SIBQ2IdctIUMwHT1Ihn3izv,CPMT: 55451-DDI00044,CPMT: 55451-DDI00044-14/10/2025,
14/10/2025,55452,55452-DDI00044,Ndevor Systems Ltd : Phorest Ireland : Phorest UK,11010 Accounts Receivable : Trade Debtors,GBP,1.0,130.8,10020 Bank : BOI current a/c GBP # 62100285,United Kingdom(Mainland),CARDSUCCESS,DDCARD PAYMENT:MESDDDUP532WJF1849620,2.0,,ch_3SIBQ4IdctIUMwHT2CL5Zaee,CPMT: 55452-DDI00044,CPMT: 55452-DDI00044-14/10/2025,
14/10/2025,55453,55453-DDI00044,Ndevor Systems Ltd : Phorest Ireland : Phorest UK,11010 Accounts Receivable : Trade Debtors,GBP,1.0,130.8,10020 Bank : BOI current a/c GBP # 62100285,United Kingdom(Mainland),CARDSUCCESS,DDCARD PAYMENT:MESDDDZD64EON62BL7D9P,2.0,,ch_3SIBQ6IdctIUMwHT1AfGZGRH,CPMT: 55453-DDI00044,CPMT: 55453-DDI00044-14/10/2025,
14/10/2025,55454,55454-DDI00044,Ndevor Systems Ltd : Phorest Ireland : Phorest UK,11010 Accounts Receivable : Trade Debtors,GBP,1.0,130.8,10020 Bank : BOI current a/c GBP # 62100285,United Kingdom(Mainland),CARDSUCCESS,DDCARD PAYMENT:MESDDDSSMZ9OD0YQASQ27,2.0,,ch_3SIBQ9IdctIUMwHT2HmQpaMl,CPMT: 55454-DDI00044,CPMT: 55454-DDI00044-14/10/2025,
14/10/2025,55562,55562-DDI00047,Ndevor Systems Ltd : Phorest Ireland : Phorest UK,11010 Accounts Receivable : Trade Debtors,GBP,1.0,189.46,10020 Bank : BOI current a/c GBP # 62100285,United Kingdom(Mainland),CARDSUCCESS,DDCARD PAYMENT:MESDDDD2C825YR30J1GU0,2.0,,ch_3SIBQBIdctIUMwHT05BfLt0Q,CPMT: 55562-DDI00047,CPMT: 55562-DDI00047-14/10/2025,
14/10/2025,52339,52339-DDI00046,Ndevor Systems Ltd : Phorest Ireland : Phorest UK,11010 Accounts Receivable : Trade Debtors,GBP,1.0,324.61,10020 Bank : BOI current a/c GBP # 62100285,United Kingdom(Mainland),CARDSUCCESS,DDCARD PAYMENT:MESDDD3Q1VT9N2156AA23,2.0,,ch_3SIBPZIdctIUMwHT2eADzs4V,CPMT: 52339-DDI00046,CPMT: 52339-DDI00046-14/10/2025,
14/10/2025,49961,49961-DDI00058,Ndevor Systems Ltd : Phorest Ireland : Phorest UK,11010 Accounts Receivable : Trade Debtors,GBP,1.0,154.8,10020 Bank : BOI current a/c GBP # 62100285,United Kingdom(Mainland),CARDSUCCESS,DDCARD PAYMENT:MESDDDQ357G804NB4S0M5,2.0,,ch_3SIBOhIdctIUMwHT2W3K6SA5,CPMT: 49961-DDI00058,CPMT: 49961-DDI00058-14/10/2025,
14/10/2025,49937,49937-DDI00058,Ndevor Systems Ltd : Phorest Ireland : Phorest UK,11010 Accounts Receivable : Trade Debtors,GBP,1.0,161.16,10020 Bank : BOI current a/c GBP # 62100285,United Kingdom(Mainland),CARDSUCCESS,DDCARD PAYMENT:MESDDD8DWAK81YVDTR8X3,2.0,,ch_3SIBOfIdctIUMwHT22I3IyXg,CPMT: 49937-DDI00058,CPMT: 49937-DDI00058-14/10/2025,
14/10/2025,49878,49878-DDI00055,Ndevor Systems Ltd : Phorest Ireland : Phorest UK,11010 Accounts Receivable : Trade Debtors,GBP,1.0,214.8,10020 Bank : BOI current a/c GBP # 62100285,United Kingdom(Mainland),CARDSUCCESS,DDCARD PAYMENT:MESDDD04X38H834H1UJ3T,2.0,,ch_3SIBOcIdctIUMwHT2n7uaj9A,CPMT: 49878-DDI00055,CPMT: 49878-DDI00055-14/10/2025,
14/10/2025,47880,47880-DDI00064,Ndevor Systems Ltd : Phorest Ireland : Phorest UK,11010 Accounts Receivable : Trade Debtors,GBP,1.0,222.0,10020 Bank : BOI current a/c GBP # 62100285,United Kingdom(Mainland),CARDSUCCESS,DDCARD PAYMENT:MESDDD4FJZC08LHPCD0O6,2.0,,ch_3SIBNEIdctIUMwHT1BB0HWJO,CPMT: 47880-DDI00064,CPMT: 47880-DDI00064-14/10/2025,
14/10/2025,47888,47888-DDI00066,Ndevor Systems Ltd : Phorest Ireland : Phorest UK,11010 Accounts Receivable : Trade Debtors,GBP,1.0,260.69,10020 Bank : BOI current a/c GBP # 62100285,United Kingdom(Mainland),CARDSUCCESS,DDCARD PAYMENT:MESDDDFOZZI39402PH0ZJ,2.0,,ch_3SIBNHIdctIUMwHT1MJCvU6H,CPMT: 47888-DDI00066,CPMT: 47888-DDI00066-14/10/2025,
14/10/2025,47955,47955-DDI00064,Ndevor Systems Ltd : Phorest Ireland : Phorest UK,11010 Accounts Receivable : Trade Debtors,GBP,1.0,168.31,10020 Bank : BOI current a/c GBP # 62100285,United Kingdom(Mainland),CARDSUCCESS,DDCARD PAYMENT:MESDDD53V587YJT1EFC92,2.0,,ch_3SIBNJIdctIUMwHT2Qbb8rfg,CPMT: 47955-DDI00064,CPMT: 47955-DDI00064-14/10/2025,
14/10/2025,48000,48000-DDI00062,Ndevor Systems Ltd : Phorest Ireland : Phorest UK,11010 Accounts Receivable : Trade Debtors,GBP,1.0,168.64,10020 Bank : BOI current a/c GBP # 62100285,United Kingdom(Mainland),CARDSUCCESS,DDCARD PAYMENT:MESDDDO4YJ00A2281P32B,2.0,,ch_3SIBNMIdctIUMwHT1FCJPHXp,CPMT: 48000-DDI00062,CPMT: 48000-DDI00062-14/10/2025,
14/10/2025,48178,48178-DDI00064,Ndevor Systems Ltd : Phorest Ireland : Phorest UK,11010 Accounts Receivable : Trade Debtors,GBP,1.0,271.63,10020 Bank : BOI current a/c GBP # 62100285,United Kingdom(Mainland),CARDSUCCESS,DDCARD PAYMENT:MESDDDHUWJ9YQO4533S2P,2.0,,ch_3SIBNOIdctIUMwHT2O7S4IA2,CPMT: 48178-DDI00064,CPMT: 48178-DDI00064-14/10/2025,
14/10/2025,48585,48585-DDI00034,Ndevor Systems Ltd : Phorest Ireland : Phorest UK,11010 Accounts Receivable : Trade Debtors,GBP,1.0,174.0,10020 Bank : BOI current a/c GBP # 62100285,United Kingdom(Mainland),CARDSUCCESS,DDCARD PAYMENT:MESDDDG02OJ8QPSAIDWX1,2.0,,ch_3SIBNQIdctIUMwHT2NoAzDX6,CPMT: 48585-DDI00034,CPMT: 48585-DDI00034-14/10/2025,
14/10/2025,48639,48639-DDI00063,Ndevor Systems Ltd : Phorest Ireland : Phorest UK,11010 Accounts Receivable : Trade Debtors,GBP,1.0,58.8,10020 Bank : BOI current a/c GBP # 62100285,United Kingdom(Mainland),CARDSUCCESS,DDCARD PAYMENT:MESDDDXGA29DGG4Z9OWD0,2.0,,ch_3SIBNWIdctIUMwHT14dNpWzx,CPMT: 48639-DDI00063,CPMT: 48639-DDI00063-14/10/2025,
14/10/2025,48641,48641-DDI00031,Ndevor Systems Ltd : Phorest Ireland : Phorest UK,11010 Accounts Receivable : Trade Debtors,GBP,1.0,205.85,10020 Bank : BOI current a/c GBP # 62100285,United Kingdom(Mainland),CARDSUCCESS,DDCARD PAYMENT:MESDDDT834T964233FKKF,2.0,,ch_3SIBNYIdctIUMwHT1S1iDB5R,CPMT: 48641-DDI00031,CPMT: 48641-DDI00031-14/10/2025,
14/10/2025,48225,48225-DDI00065,Ndevor Systems Ltd : Phorest Ireland : Phorest UK,11010 Accounts Receivable : Trade Debtors,GBP,1.0,238.1,10020 Bank : BOI current a/c GBP # 62100285,United Kingdom(Mainland),CARDSUCCESS,DDCARD PAYMENT:MESDDD7FD1HL05J932RVO,2.0,,ch_3SIBNbIdctIUMwHT2MAR502A,CPMT: 48225-DDI00065,CPMT: 48225-DDI00065-14/10/2025,
14/10/2025,48227,48227-DDI00063,Ndevor Systems Ltd : Phorest Ireland : Phorest UK,11010 Accounts Receivable : Trade Debtors,GBP,1.0,118.8,10020 Bank : BOI current a/c GBP # 62100285,United Kingdom(Mainland),CARDSUCCESS,DDCARD PAYMENT:MESDDD18QS97LY9M89MKN,2.0,,ch_3SIBNdIdctIUMwHT03mqz5AE,CPMT: 48227-DDI00063,CPMT: 48227-DDI00063-14/10/2025,
14/10/2025,48303,48303-DDI00057,Ndevor Systems Ltd : Phorest Ireland : Phorest UK,11010 Accounts Receivable : Trade Debtors,GBP,1.0,298.8,10020 Bank : BOI current a/c GBP # 62100285,United Kingdom(Mainland),CARDSUCCESS,DDCARD PAYMENT:MESDDDX2Y07XFU5JNFODR,2.0,,ch_3SIBNiIdctIUMwHT2kr94Nq0,CPMT: 48303-DDI00057,CPMT: 48303-DDI00057-14/10/2025,
14/10/2025,48412,48412-DDI00041,Ndevor Systems Ltd : Phorest Ireland : Phorest UK,11010 Accounts Receivable : Trade Debtors,GBP,1.0,138.1,10020 Bank : BOI current a/c GBP # 62100285,United Kingdom(Mainland),CARDSUCCESS,DDCARD PAYMENT:MESDDDNAB44H19P64I4HV,2.0,,ch_3SIBNkIdctIUMwHT2Av9yYpR,CPMT: 48412-DDI00041,CPMT: 48412-DDI00041-14/10/2025,
14/10/2025,48491,48491-DDI00059,Ndevor Systems Ltd : Phorest Ireland : Phorest UK,11010 Accounts Receivable : Trade Debtors,GBP,1.0,124.61,10020 Bank : BOI current a/c GBP # 62100285,United Kingdom(Mainland),CARDSUCCESS,DDCARD PAYMENT:MESDDD299QCY14N67S3ZU,2.0,,ch_3SIBNnIdctIUMwHT0rKJEd9R,CPMT: 48491-DDI00059,CPMT: 48491-DDI00059-14/10/2025,
14/10/2025,48583,48583-DDI00063,Ndevor Systems Ltd : Phorest Ireland : Phorest UK,11010 Accounts Receivable : Trade Debtors,GBP,1.0,131.4,10020 Bank : BOI current a/c GBP # 62100285,United Kingdom(NI),CARDSUCCESS,DDCARD PAYMENT:MESDDD966PO1H4989KN80,2.0,,ch_3SIBNsIdctIUMwHT1nNLVZhz,CPMT: 48583-DDI00063,CPMT: 48583-DDI00063-14/10/2025,
14/10/2025,48647,48647-DDI00063,Ndevor Systems Ltd : Phorest Ireland : Phorest UK,11010 Accounts Receivable : Trade Debtors,GBP,1.0,154.8,10020 Bank : BOI current a/c GBP # 62100285,United Kingdom(Mainland),CARDSUCCESS,DDCARD PAYMENT:MESDDDVV7LFLPUT2MC2P7,2.0,,ch_3SIBNuIdctIUMwHT0m2c2ZdZ,CPMT: 48647-DDI00063,CPMT: 48647-DDI00063-14/10/2025,
14/10/2025,48754,48754-DDI00062,Ndevor Systems Ltd : Phorest Ireland : Phorest UK,11010 Accounts Receivable : Trade Debtors,GBP,1.0,175.63,10020 Bank : BOI current a/c GBP # 62100285,United Kingdom(Mainland),CARDSUCCESS,DDCARD PAYMENT:MESDDD7R70PPX8NIAI73G,2.0,,ch_3SIBNxIdctIUMwHT0jdEHtGG,CPMT: 48754-DDI00062,CPMT: 48754-DDI00062-14/10/2025,
14/10/2025,48800,48800-DDI00061,Ndevor Systems Ltd : Phorest Ireland : Phorest UK,11010 Accounts Receivable : Trade Debtors,GBP,1.0,204.8,10020 Bank : BOI current a/c GBP # 62100285,United Kingdom(Mainland),CARDSUCCESS,DDCARD PAYMENT:MESDDDSD7XK3G1TYH5G41,2.0,,ch_3SIBNzIdctIUMwHT22wttTYI,CPMT: 48800-DDI00061,CPMT: 48800-DDI00061-14/10/2025,
14/10/2025,48951,48951-DDI00059,Ndevor Systems Ltd : Phorest Ireland : Phorest UK,11010 Accounts Receivable : Trade Debtors,GBP,1.0,152.4,10020 Bank : BOI current a/c GBP # 62100285,United Kingdom(Mainland),CARDSUCCESS,DDCARD PAYMENT:MESDDDNV3Q5PJO0PI75EJ,2.0,,ch_3SIBO4IdctIUMwHT2c4DY5J2,CPMT: 48951-DDI00059,CPMT: 48951-DDI00059-14/10/2025,
14/10/2025,48981,48981-DDI00065,Ndevor Systems Ltd : Phorest Ireland : Phorest UK,11010 Accounts Receivable : Trade Debtors,GBP,1.0,118.8,10020 Bank : BOI current a/c GBP # 62100285,United Kingdom(Mainland),CARDSUCCESS,DDCARD PAYMENT:MESDDDI2Q625AM9116YNV,2.0,,ch_3SIBO6IdctIUMwHT2PBUE3Fo,CPMT: 48981-DDI00065,CPMT: 48981-DDI00065-14/10/2025,
14/10/2025,48996,48996-DDI00047,Ndevor Systems Ltd : Phorest Ireland : Phorest UK,11010 Accounts Receivable : Trade Debtors,GBP,1.0,246.72,10020 Bank : BOI current a/c GBP # 62100285,United Kingdom(Mainland),CARDSUCCESS,DDCARD PAYMENT:MESDDDHE98Y6M610B7N84,2.0,,ch_3SIBO9IdctIUMwHT0VLezRSB,CPMT: 48996-DDI00047,CPMT: 48996-DDI00047-14/10/2025,
14/10/2025,49038,49038-DDI00062,Ndevor Systems Ltd : Phorest Ireland : Phorest UK,11010 Accounts Receivable : Trade Debtors,GBP,1.0,253.97,10020 Bank : BOI current a/c GBP # 62100285,United Kingdom(Mainland),CARDSUCCESS,DDCARD PAYMENT:MESDDDPR68U7P28IM05F9,2.0,,ch_3SIBOBIdctIUMwHT2Vt2mi6R,CPMT: 49038-DDI00062,CPMT: 49038-DDI00062-14/10/2025,
14/10/2025,49244,49244-DDI00059,Ndevor Systems Ltd : Phorest Ireland : Phorest UK,11010 Accounts Receivable : Trade Debtors,GBP,1.0,166.4,10020 Bank : BOI current a/c GBP # 62100285,United Kingdom(Mainland),CARDSUCCESS,DDCARD PAYMENT:MESDDD2W8300Q56WP1HN8,2.0,,ch_3SIBOGIdctIUMwHT0QvAMoy1,CPMT: 49244-DDI00059,CPMT: 49244-DDI00059-14/10/2025,
14/10/2025,49326,49326-DDI00058,Ndevor Systems Ltd : Phorest Ireland : Phorest UK,11010 Accounts Receivable : Trade Debtors,GBP,1.0,323.09,10020 Bank : BOI current a/c GBP # 62100285,United Kingdom(Mainland),CARDSUCCESS,DDCARD PAYMENT:MESDDDN2PVFT90M4PQF18,2.0,,ch_3SIBOJIdctIUMwHT0ylKRs6L,CPMT: 49326-DDI00058,CPMT: 49326-DDI00058-14/10/2025,
14/10/2025,49347,49347-DDI00060,Ndevor Systems Ltd : Phorest Ireland : Phorest UK,11010 Accounts Receivable : Trade Debtors,GBP,1.0,230.52,10020 Bank : BOI current a/c GBP # 62100285,United Kingdom(Mainland),CARDSUCCESS,DDCARD PAYMENT:MESDDDMLGF8Z9N4EP8I36,2.0,,ch_3SIBOMIdctIUMwHT0qYF9TSE,CPMT: 49347-DDI00060,CPMT: 49347-DDI00060-14/10/2025,
14/10/2025,49403,49403-DDI00060,Ndevor Systems Ltd : Phorest Ireland : Phorest UK,11010 Accounts Receivable : Trade Debtors,GBP,1.0,237.72,10020 Bank : BOI current a/c GBP # 62100285,United Kingdom(Mainland),CARDSUCCESS,DDCARD PAYMENT:MESDDD4XYI9L95X6WSZJ2,2.0,,ch_3SIBOOIdctIUMwHT1TMn65eL,CPMT: 49403-DDI00060,CPMT: 49403-DDI00060-14/10/2025,
14/10/2025,49419,49419-DDI00058,Ndevor Systems Ltd : Phorest Ireland : Phorest UK,11010 Accounts Receivable : Trade Debtors,GBP,1.0,299.08,10020 Bank : BOI current a/c GBP # 62100285,United Kingdom(Mainland),CARDSUCCESS,DDCARD PAYMENT:MESDDD87P47XW6XGB0053,2.0,,ch_3SIBORIdctIUMwHT0zG9lrQg,CPMT: 49419-DDI00058,CPMT: 49419-DDI00058-14/10/2025,
14/10/2025,49611,49611-DDI00059,Ndevor Systems Ltd : Phorest Ireland : Phorest UK,11010 Accounts Receivable : Trade Debtors,GBP,1.0,118.8,10020 Bank : BOI current a/c GBP # 62100285,United Kingdom(Mainland),CARDSUCCESS,DDCARD PAYMENT:MESDDD693EYRYXD3NY06N,2.0,,ch_3SIBOTIdctIUMwHT2wcUheUU,CPMT: 49611-DDI00059,CPMT: 49611-DDI00059-14/10/2025,
14/10/2025,49720,49720-DDI00062,Ndevor Systems Ltd : Phorest Ireland : Phorest UK,11010 Accounts Receivable : Trade Debtors,GBP,1.0,164.53,10020 Bank : BOI current a/c GBP # 62100285,United Kingdom(Mainland),CARDSUCCESS,DDCARD PAYMENT:MESDDDM0WKQ2CBV8759UK,2.0,,ch_3SIBOVIdctIUMwHT0EGS93Ud,CPMT: 49720-DDI00062,CPMT: 49720-DDI00062-14/10/2025,
14/10/2025,49854,49854-DDI00058,Ndevor Systems Ltd : Phorest Ireland : Phorest UK,11010 Accounts Receivable : Trade Debtors,GBP,1.0,238.36,10020 Bank : BOI current a/c GBP # 62100285,United Kingdom(Mainland),CARDSUCCESS,DDCARD PAYMENT:MESDDDWJS86QC98MNI005,2.0,,ch_3SIBOaIdctIUMwHT2X9621J8,CPMT: 49854-DDI00058,CPMT: 49854-DDI00058-14/10/2025,
14/10/2025,40252,40252-DDI00046,Ndevor Systems Ltd : Phorest Ireland : Phorest UK,11010 Accounts Receivable : Trade Debtors,GBP,1.0,146.84,10020 Bank : BOI current a/c GBP # 62100285,United Kingdom(Mainland),CARDSUCCESS,DDCARD PAYMENT:MESDDD4L853B8702316LG,2.0,,ch_3SIBKHIdctIUMwHT2wjKGwL1,CPMT: 40252-DDI00046,CPMT: 40252-DDI00046-14/10/2025,
14/10/2025,19345,19345-DDI00085,Ndevor Systems Ltd : Phorest Ireland : Phorest UK,11010 Accounts Receivable : Trade Debtors,GBP,1.0,165.64,10020 Bank : BOI current a/c GBP # 62100285,United Kingdom(Mainland),CARDSUCCESS,DDCARD PAYMENT:MESDDD4AFV65WO051K7H9,2.0,,ch_3SIB8mIdctIUMwHT2Io5ppVX,CPMT: 19345-DDI00085,CPMT: 19345-DDI00085-14/10/2025,
14/10/2025,20842,20842-DDI00128,Ndevor Systems Ltd : Phorest Ireland : Phorest UK,11010 Accounts Receivable : Trade Debtors,GBP,1.0,242.35,10020 Bank : BOI current a/c GBP # 62100285,United Kingdom(Mainland),CARDSUCCESS,DDCARD PAYMENT:MESDDDG387B5N6PTTJT8E,2.0,,ch_3SIB9nIdctIUMwHT0zBat8QV,CPMT: 20842-DDI00128,CPMT: 20842-DDI00128-14/10/2025,
14/10/2025,19300,19300-DDI00100,Ndevor Systems Ltd : Phorest Ireland : Phorest UK,11010 Accounts Receivable : Trade Debtors,GBP,1.0,154.8,10020 Bank : BOI current a/c GBP # 62100285,United Kingdom(Mainland),CARDSUCCESS,DDCARD PAYMENT:MESDDD7SG3S1YQI4O33K3,2.0,,ch_3SIB8hIdctIUMwHT24XwhZKW,CPMT: 19300-DDI00100,CPMT: 19300-DDI00100-14/10/2025,
14/10/2025,9110,9110-DDI00202,Ndevor Systems Ltd : Phorest Ireland : Phorest UK,11010 Accounts Receivable : Trade Debtors,GBP,1.0,208.8,10020 Bank : BOI current a/c GBP # 62100285,United Kingdom(Mainland),CARDSUCCESS,DDCARD PAYMENT:MESDDDK3FD9R18N265P0K,2.0,,ch_3SIAvsIdctIUMwHT1Y10Hetk,CPMT: 9110-DDI00202,CPMT: 9110-DDI00202-14/10/2025,
14/10/2025,9135,9135-DDI00172,Ndevor Systems Ltd : Phorest Ireland : Phorest UK,11010 Accounts Receivable : Trade Debtors,GBP,1.0,39.28,10020 Bank : BOI current a/c GBP # 62100285,United Kingdom(Mainland),CARDSUCCESS,DDCARD PAYMENT:MESDDDV2VZ6LTGEFIV81H,2.0,,ch_3SIAvvIdctIUMwHT2GXiOAsR,CPMT: 9135-DDI00172,CPMT: 9135-DDI00172-14/10/2025,
14/10/2025,9153,9153-DDI00205,Ndevor Systems Ltd : Phorest Ireland : Phorest UK,11010 Accounts Receivable : Trade Debtors,GBP,1.0,191.39,10020 Bank : BOI current a/c GBP # 62100285,United Kingdom(Mainland),CARDSUCCESS,DDCARD PAYMENT:MESDDD5M7IY1YS5OW0XRK,2.0,,ch_3SIAvxIdctIUMwHT0IHyBHs6,CPMT: 9153-DDI00205,CPMT: 9153-DDI00205-14/10/2025,
14/10/2025,9160,9160-DDI00145,Ndevor Systems Ltd : Phorest Ireland : Phorest UK,11010 Accounts Receivable : Trade Debtors,GBP,1.0,66.0,10020 Bank : BOI current a/c GBP # 62100285,United Kingdom(Mainland),CARDSUCCESS,DDCARD PAYMENT:MESDDDVP2BZ9SL7BMQ4J1,2.0,,ch_3SIAvzIdctIUMwHT2AlxTVeg,CPMT: 9160-DDI00145,CPMT: 9160-DDI00145-14/10/2025,
14/10/2025,9168,9168-DDI00169,Ndevor Systems Ltd : Phorest Ireland : Phorest UK,11010 Accounts Receivable : Trade Debtors,GBP,1.0,587.53,10020 Bank : BOI current a/c GBP # 62100285,United Kingdom(Mainland),CARDSUCCESS,DDCARD PAYMENT:MESDDD53GAJ3MCJ4GVBT5,2.0,,ch_3SIAw2IdctIUMwHT2e8BKyKs,CPMT: 9168-DDI00169,CPMT: 9168-DDI00169-14/10/2025,
14/10/2025,9182,9182-DDI00178,Ndevor Systems Ltd : Phorest Ireland : Phorest UK,11010 Accounts Receivable : Trade Debtors,GBP,1.0,298.8,10020 Bank : BOI current a/c GBP # 62100285,United Kingdom(Mainland),CARDSUCCESS,DDCARD PAYMENT:MESDDDJK57K1330125993,2.0,,ch_3SIAw4IdctIUMwHT2GZILAxM,CPMT: 9182-DDI00178,CPMT: 9182-DDI00178-14/10/2025,
14/10/2025,9207,9207-DDI00168,Ndevor Systems Ltd : Phorest Ireland : Phorest UK,11010 Accounts Receivable : Trade Debtors,GBP,1.0,209.81,10020 Bank : BOI current a/c GBP # 62100285,United Kingdom(Mainland),CARDSUCCESS,DDCARD PAYMENT:MESDDDF0N13SHF3A7184M,2.0,,ch_3SIAw6IdctIUMwHT2MPYthVV,CPMT: 9207-DDI00168,CPMT: 9207-DDI00168-14/10/2025,
14/10/2025,9210,9210-DDI00143,Ndevor Systems Ltd : Phorest Ireland : Phorest UK,11010 Accounts Receivable : Trade Debtors,GBP,1.0,59.23,10020 Bank : BOI current a/c GBP # 62100285,United Kingdom(Mainland),CARDSUCCESS,DDCARD PAYMENT:MESDDD49I5B8WONX4653O,2.0,,ch_3SIAw9IdctIUMwHT0pXGBxgn,CPMT: 9210-DDI00143,CPMT: 9210-DDI00143-14/10/2025,
14/10/2025,9226,9226-DDI00208,Ndevor Systems Ltd : Phorest Ireland : Phorest UK,11010 Accounts Receivable : Trade Debtors,GBP,1.0,303.86,10020 Bank : BOI current a/c GBP # 62100285,United Kingdom(Mainland),CARDSUCCESS,DDCARD PAYMENT:MESDDD30C9UW8ZTI1MF0E,2.0,,ch_3SIAwDIdctIUMwHT24FLF3Bs,CPMT: 9226-DDI00208,CPMT: 9226-DDI00208-14/10/2025,
14/10/2025,9238,9238-DDI00173,Ndevor Systems Ltd : Phorest Ireland : Phorest UK,11010 Accounts Receivable : Trade Debtors,GBP,1.0,170.66,10020 Bank : BOI current a/c GBP # 62100285,United Kingdom(Mainland),CARDSUCCESS,DDCARD PAYMENT:MESDDD76E164934306H8F,2.0,,ch_3SIAwGIdctIUMwHT0TuT5q37,CPMT: 9238-DDI00173,CPMT: 9238-DDI00173-14/10/2025,
14/10/2025,9253,9253-DDI00186,Ndevor Systems Ltd : Phorest Ireland : Phorest UK,11010 Accounts Receivable : Trade Debtors,GBP,1.0,259.51,10020 Bank : BOI current a/c GBP # 62100285,United Kingdom(Mainland),CARDSUCCESS,DDCARD PAYMENT:MESDDD99N127AQB50P77F,2.0,,ch_3SIAwIIdctIUMwHT2tbxa2lS,CPMT: 9253-DDI00186,CPMT: 9253-DDI00186-14/10/2025,
14/10/2025,9254,9254-DDI00179,Ndevor Systems Ltd : Phorest Ireland : Phorest UK,11010 Accounts Receivable : Trade Debtors,GBP,1.0,394.25,10020 Bank : BOI current a/c GBP # 62100285,United Kingdom(Mainland),CARDSUCCESS,DDCARD PAYMENT:MESDDD1PE5341MJQ6ZLZZ,2.0,,ch_3SIAwLIdctIUMwHT2mWzye7M,CPMT: 9254-DDI00179,CPMT: 9254-DDI00179-14/10/2025,
14/10/2025,9267,9267-DDI00154,Ndevor Systems Ltd : Phorest Ireland : Phorest UK,11010 Accounts Receivable : Trade Debtors,GBP,1.0,82.8,10020 Bank : BOI current a/c GBP # 62100285,United Kingdom(Mainland),CARDSUCCESS,DDCARD PAYMENT:MESDDD9078305QJ0WVEKL,2.0,,ch_3SIAwNIdctIUMwHT23T9h0Us,CPMT: 9267-DDI00154,CPMT: 9267-DDI00154-14/10/2025,
14/10/2025,9279,9279-DDI00122,Ndevor Systems Ltd : Phorest Ireland : Phorest UK,11010 Accounts Receivable : Trade Debtors,GBP,1.0,224.58,10020 Bank : BOI current a/c GBP # 62100285,United Kingdom(Mainland),CARDSUCCESS,DDCARD PAYMENT:MESDDDFK76RF9X4FU1313,2.0,,ch_3SIAwQIdctIUMwHT2ywARf5l,CPMT: 9279-DDI00122,CPMT: 9279-DDI00122-14/10/2025,
14/10/2025,9290,9290-DDI00144,Ndevor Systems Ltd : Phorest Ireland : Phorest UK,11010 Accounts Receivable : Trade Debtors,GBP,1.0,156.68,10020 Bank : BOI current a/c GBP # 62100285,United Kingdom(Mainland),CARDSUCCESS,DDCARD PAYMENT:MESDDD4H03C52PT8O7JVE,2.0,,ch_3SIAwVIdctIUMwHT1thRxBqP,CPMT: 9290-DDI00144,CPMT: 9290-DDI00144-14/10/2025,
14/10/2025,9292,9292-DDI00204,Ndevor Systems Ltd : Phorest Ireland : Phorest UK,11010 Accounts Receivable : Trade Debtors,GBP,1.0,343.46,10020 Bank : BOI current a/c GBP # 62100285,United Kingdom(Mainland),CARDSUCCESS,DDCARD PAYMENT:MESDDDW0C1O5H4709N3LK,2.0,,ch_3SIAwXIdctIUMwHT1YHU559h,CPMT: 9292-DDI00204,CPMT: 9292-DDI00204-14/10/2025,
14/10/2025,9293,9293-DDI00144,Ndevor Systems Ltd : Phorest Ireland : Phorest UK,11010 Accounts Receivable : Trade Debtors,GBP,1.0,160.72,10020 Bank : BOI current a/c GBP # 62100285,United Kingdom(Mainland),CARDSUCCESS,DDCARD PAYMENT:MESDDD1XS8EUDYN3NK26Q,2.0,,ch_3SIAwZIdctIUMwHT1yZviLNX,CPMT: 9293-DDI00144,CPMT: 9293-DDI00144-14/10/2025,
14/10/2025,9360,9360-DDI00192,Ndevor Systems Ltd : Phorest Ireland : Phorest UK,11010 Accounts Receivable : Trade Debtors,GBP,1.0,166.21,10020 Bank : BOI current a/c GBP # 62100285,United Kingdom(Mainland),CARDSUCCESS,DDCARD PAYMENT:MESDDD7A9W54E5Y0U1R3J,2.0,,ch_3SIAwcIdctIUMwHT0FHBDGwm,CPMT: 9360-DDI00192,CPMT: 9360-DDI00192-14/10/2025,
14/10/2025,9384,9384-DDI00186,Ndevor Systems Ltd : Phorest Ireland : Phorest UK,11010 Accounts Receivable : Trade Debtors,GBP,1.0,154.8,10020 Bank : BOI current a/c GBP # 62100285,United Kingdom(Mainland),CARDSUCCESS,DDCARD PAYMENT:MESDDD26934DY27901I4E,2.0,,ch_3SIAwmIdctIUMwHT2v8mjoRr,CPMT: 9384-DDI00186,CPMT: 9384-DDI00186-14/10/2025,
14/10/2025,9391,9391-DDI00142,Ndevor Systems Ltd : Phorest Ireland : Phorest UK,11010 Accounts Receivable : Trade Debtors,GBP,1.0,158.76,10020 Bank : BOI current a/c GBP # 62100285,United Kingdom(Mainland),CARDSUCCESS,DDCARD PAYMENT:MESDDD4RLH09N18PC88TS,2.0,,ch_3SIAwoIdctIUMwHT2QqEeLfm,CPMT: 9391-DDI00142,CPMT: 9391-DDI00142-14/10/2025,
14/10/2025,9440,9440-DDI00186,Ndevor Systems Ltd : Phorest Ireland : Phorest UK,11010 Accounts Receivable : Trade Debtors,GBP,1.0,173.22,10020 Bank : BOI current a/c GBP # 62100285,United Kingdom(Mainland),CARDSUCCESS,DDCARD PAYMENT:MESDDD7ZS30HJVN4O6TDV,2.0,,ch_3SIAwtIdctIUMwHT268PfmZ6,CPMT: 9440-DDI00186,CPMT: 9440-DDI00186-14/10/2025,
14/10/2025,9499,9499-DDI00134,Ndevor Systems Ltd : Phorest Ireland : Phorest UK,11010 Accounts Receivable : Trade Debtors,GBP,1.0,68.93,10020 Bank : BOI current a/c GBP # 62100285,United Kingdom(Mainland),CARDSUCCESS,DDCARD PAYMENT:MESDDD07KLFF67822P48C,2.0,,ch_3SIAwwIdctIUMwHT1aepaPmp,CPMT: 9499-DDI00134,CPMT: 9499-DDI00134-14/10/2025,
14/10/2025,9504,9504-DDI00213,Ndevor Systems Ltd : Phorest Ireland : Phorest UK,11010 Accounts Receivable : Trade Debtors,GBP,1.0,5854.8,10020 Bank : BOI current a/c GBP # 62100285,United Kingdom(Mainland),CARDSUCCESS,DDCARD PAYMENT:MESDDDDCNN35518IVAP25,2.0,,ch_3SIAwyIdctIUMwHT2Bky0v8c,CPMT: 9504-DDI00213,CPMT: 9504-DDI00213-14/10/2025,
14/10/2025,9096,9096-DDI00169,Ndevor Systems Ltd : Phorest Ireland : Phorest UK,11010 Accounts Receivable : Trade Debtors,GBP,1.0,116.98,10020 Bank : BOI current a/c GBP # 62100285,United Kingdom(Mainland),CARDSUCCESS,DDCARD PAYMENT:MESDDDLP0C4BEW88522J3,2.0,,ch_3SIAvqIdctIUMwHT1LCz35FP,CPMT: 9096-DDI00169,CPMT: 9096-DDI00169-14/10/2025,
14/10/2025,9512,9512-DDI00173,Ndevor Systems Ltd : Phorest Ireland : Phorest UK,11010 Accounts Receivable : Trade Debtors,GBP,1.0,154.8,10020 Bank : BOI current a/c GBP # 62100285,United Kingdom(Mainland),CARDSUCCESS,DDCARD PAYMENT:MESDDD4C19JD2PS4K6129,2.0,,ch_3SIAx1IdctIUMwHT2tYjFrRR,CPMT: 9512-DDI00173,CPMT: 9512-DDI00173-14/10/2025,
14/10/2025,9086,9086-DDI00230,Ndevor Systems Ltd : Phorest Ireland : Phorest UK,11010 Accounts Receivable : Trade Debtors,GBP,1.0,676.87,10020 Bank : BOI current a/c GBP # 62100285,United Kingdom(Mainland),CARDSUCCESS,DDCARD PAYMENT:MESDDDKI40723MG21E36V,2.0,,ch_3SIAvoIdctIUMwHT2BrJhixp,CPMT: 9086-DDI00230,CPMT: 9086-DDI00230-14/10/2025,
14/10/2025,9066,9066-DDI00167,Ndevor Systems Ltd : Phorest Ireland : Phorest UK,11010 Accounts Receivable : Trade Debtors,GBP,1.0,227.35,10020 Bank : BOI current a/c GBP # 62100285,United Kingdom(Mainland),CARDSUCCESS,DDCARD PAYMENT:MESDDDX844UH2605DO40E,2.0,,ch_3SIAvjIdctIUMwHT0ulv8VXC,CPMT: 9066-DDI00167,CPMT: 9066-DDI00167-14/10/2025,
14/10/2025,8813,8813-DDI00197,Ndevor Systems Ltd : Phorest Ireland : Phorest UK,11010 Accounts Receivable : Trade Debtors,GBP,1.0,102.46,10020 Bank : BOI current a/c GBP # 62100285,United Kingdom(Mainland),CARDSUCCESS,DDCARD PAYMENT:MESDDD395RE6J08F45V0I,2.0,,ch_3SIAumIdctIUMwHT2lzmYUUK,CPMT: 8813-DDI00197,CPMT: 8813-DDI00197-14/10/2025,
14/10/2025,8821,8821-DDI00162,Ndevor Systems Ltd : Phorest Ireland : Phorest UK,11010 Accounts Receivable : Trade Debtors,GBP,1.0,201.17,10020 Bank : BOI current a/c GBP # 62100285,United Kingdom(Mainland),CARDSUCCESS,DDCARD PAYMENT:MESDDD95JW15TRAARP53P,2.0,,ch_3SIAupIdctIUMwHT2L86jzU3,CPMT: 8821-DDI00162,CPMT: 8821-DDI00162-14/10/2025,
14/10/2025,8822,8822-DDI00174,Ndevor Systems Ltd : Phorest Ireland : Phorest UK,11010 Accounts Receivable : Trade Debtors,GBP,1.0,169.14,10020 Bank : BOI current a/c GBP # 62100285,United Kingdom(Mainland),CARDSUCCESS,DDCARD PAYMENT:MESDDD95E2Q46C7S3QD0M,2.0,,ch_3SIAurIdctIUMwHT0gAFoYTR,CPMT: 8822-DDI00174,CPMT: 8822-DDI00174-14/10/2025,
14/10/2025,8832,8832-DDI00156,Ndevor Systems Ltd : Phorest Ireland : Phorest UK,11010 Accounts Receivable : Trade Debtors,GBP,1.0,25.46,10020 Bank : BOI current a/c GBP # 62100285,United Kingdom(NI),CARDSUCCESS,DDCARD PAYMENT:MESDDD0B02387A703CT02,2.0,,ch_3SIAutIdctIUMwHT03vFyACd,CPMT: 8832-DDI00156,CPMT: 8832-DDI00156-14/10/2025,
14/10/2025,8842,8842-DDI00227,Ndevor Systems Ltd : Phorest Ireland : Phorest UK,11010 Accounts Receivable : Trade Debtors,GBP,1.0,295.42,10020 Bank : BOI current a/c GBP # 62100285,United Kingdom(Mainland),CARDSUCCESS,DDCARD PAYMENT:MESDDD2N25H70Y8Y189Q9,2.0,,ch_3SIAuwIdctIUMwHT14fGexVC,CPMT: 8842-DDI00227,CPMT: 8842-DDI00227-14/10/2025,
14/10/2025,8859,8859-DDI00186,Ndevor Systems Ltd : Phorest Ireland : Phorest UK,11010 Accounts Receivable : Trade Debtors,GBP,1.0,322.61,10020 Bank : BOI current a/c GBP # 62100285,United Kingdom(Mainland),CARDSUCCESS,DDCARD PAYMENT:MESDDDFZZY57M9EV7O6E7,2.0,,ch_3SIAv1IdctIUMwHT1zfvoxBF,CPMT: 8859-DDI00186,CPMT: 8859-DDI00186-14/10/2025,
14/10/2025,8861,8861-DDI00151,Ndevor Systems Ltd : Phorest Ireland : Phorest UK,11010 Accounts Receivable : Trade Debtors,GBP,1.0,112.84,10020 Bank : BOI current a/c GBP # 62100285,United Kingdom(Mainland),CARDSUCCESS,DDCARD PAYMENT:MESDDDOK2LI075UVF15Y4,2.0,,ch_3SIAv3IdctIUMwHT1N7r8YF7,CPMT: 8861-DDI00151,CPMT: 8861-DDI00151-14/10/2025,
14/10/2025,8897,8897-DDI00215,Ndevor Systems Ltd : Phorest Ireland : Phorest UK,11010 Accounts Receivable : Trade Debtors,GBP,1.0,141.88,10020 Bank : BOI current a/c GBP # 62100285,United Kingdom(Mainland),CARDSUCCESS,DDCARD PAYMENT:MESDDDVQ465C77574EQG7,2.0,,ch_3SIAv5IdctIUMwHT2U2Vr8Mr,CPMT: 8897-DDI00215,CPMT: 8897-DDI00215-14/10/2025,
14/10/2025,8906,8906-DDI00170,Ndevor Systems Ltd : Phorest Ireland : Phorest UK,11010 Accounts Receivable : Trade Debtors,GBP,1.0,106.92,10020 Bank : BOI current a/c GBP # 62100285,United Kingdom(Mainland),CARDSUCCESS,DDCARD PAYMENT:MESDDD31X2M15PMXJJ7JG,2.0,,ch_3SIAv8IdctIUMwHT0gftBunB,CPMT: 8906-DDI00170,CPMT: 8906-DDI00170-14/10/2025,
14/10/2025,8918,8918-DDI00189,Ndevor Systems Ltd : Phorest Ireland : Phorest UK,11010 Accounts Receivable : Trade Debtors,GBP,1.0,170.46,10020 Bank : BOI current a/c GBP # 62100285,United Kingdom(Mainland),CARDSUCCESS,DDCARD PAYMENT:MESDDD54A4Y30S4Q96T3X,2.0,,ch_3SIAvAIdctIUMwHT2sp28thu,CPMT: 8918-DDI00189,CPMT: 8918-DDI00189-14/10/2025,
14/10/2025,8927,8927-DDI00150,Ndevor Systems Ltd : Phorest Ireland : Phorest UK,11010 Accounts Receivable : Trade Debtors,GBP,1.0,58.8,10020 Bank : BOI current a/c GBP # 62100285,United Kingdom(Mainland),CARDSUCCESS,DDCARD PAYMENT:MESDDDAK4G8AYTSXAYZBW,2.0,,ch_3SIAvCIdctIUMwHT04d3EOIr,CPMT: 8927-DDI00150,CPMT: 8927-DDI00150-14/10/2025,
14/10/2025,8929,8929-DDI00181,Ndevor Systems Ltd : Phorest Ireland : Phorest UK,11010 Accounts Receivable : Trade Debtors,GBP,1.0,190.8,10020 Bank : BOI current a/c GBP # 62100285,United Kingdom(Mainland),CARDSUCCESS,DDCARD PAYMENT:MESDDDOR25YQK524LFCD5,2.0,,ch_3SIAvFIdctIUMwHT1XFVhUts,CPMT: 8929-DDI00181,CPMT: 8929-DDI00181-14/10/2025,
14/10/2025,8931,8931-DDI00217,Ndevor Systems Ltd : Phorest Ireland : Phorest UK,11010 Accounts Receivable : Trade Debtors,GBP,1.0,274.46,10020 Bank : BOI current a/c GBP # 62100285,United Kingdom(Mainland),CARDSUCCESS,DDCARD PAYMENT:MESDDDK1078925QL5P66D,2.0,,ch_3SIAvHIdctIUMwHT09hVwWGw,CPMT: 8931-DDI00217,CPMT: 8931-DDI00217-14/10/2025,
14/10/2025,8933,8933-DDI00151,Ndevor Systems Ltd : Phorest Ireland : Phorest UK,11010 Accounts Receivable : Trade Debtors,GBP,1.0,82.8,10020 Bank : BOI current a/c GBP # 62100285,United Kingdom(Mainland),CARDSUCCESS,DDCARD PAYMENT:MESDDD7XK710DP57LK96M,2.0,,ch_3SIAvJIdctIUMwHT2MjcTRx2,CPMT: 8933-DDI00151,CPMT: 8933-DDI00151-14/10/2025,
14/10/2025,8941,8941-DDI00183,Ndevor Systems Ltd : Phorest Ireland : Phorest UK,11010 Accounts Receivable : Trade Debtors,GBP,1.0,119.05,10020 Bank : BOI current a/c GBP # 62100285,United Kingdom(Mainland),CARDSUCCESS,DDCARD PAYMENT:MESDDD47B57S14TP625M8,2.0,,ch_3SIAvMIdctIUMwHT1c5pHxc5,CPMT: 8941-DDI00183,CPMT: 8941-DDI00183-14/10/2025,
14/10/2025,8945,8945-DDI00160,Ndevor Systems Ltd : Phorest Ireland : Phorest UK,11010 Accounts Receivable : Trade Debtors,GBP,1.0,95.9,10020 Bank : BOI current a/c GBP # 62100285,United Kingdom(Mainland),CARDSUCCESS,DDCARD PAYMENT:MESDDD8131PSM83ISX95B,2.0,,ch_3SIAvOIdctIUMwHT2ExIeWZh,CPMT: 8945-DDI00160,CPMT: 8945-DDI00160-14/10/2025,
14/10/2025,8946,8946-DDI00195,Ndevor Systems Ltd : Phorest Ireland : Phorest UK,11010 Accounts Receivable : Trade Debtors,GBP,1.0,58.8,10020 Bank : BOI current a/c GBP # 62100285,United Kingdom(Mainland),CARDSUCCESS,DDCARD PAYMENT:MESDDDX7UFLT65MK035JJ,2.0,,ch_3SIAvQIdctIUMwHT24WsIc4w,CPMT: 8946-DDI00195,CPMT: 8946-DDI00195-14/10/2025,
14/10/2025,19308,19308-DDI00086,Ndevor Systems Ltd : Phorest Ireland : Phorest UK,11010 Accounts Receivable : Trade Debtors,GBP,1.0,190.28,10020 Bank : BOI current a/c GBP # 62100285,United Kingdom(Mainland),CARDSUCCESS,DDCARD PAYMENT:MESDDD3829807A5Z2437F,2.0,,ch_3SIB8jIdctIUMwHT2nsiKfFm,CPMT: 19308-DDI00086,CPMT: 19308-DDI00086-14/10/2025,
14/10/2025,8968,8968-DDI00202,Ndevor Systems Ltd : Phorest Ireland : Phorest UK,11010 Accounts Receivable : Trade Debtors,GBP,1.0,123.12,10020 Bank : BOI current a/c GBP # 62100285,United Kingdom(Mainland),CARDSUCCESS,DDCARD PAYMENT:MESDDDF0EA347H8733D69,2.0,,ch_3SIAvVIdctIUMwHT03wfudVn,CPMT: 8968-DDI00202,CPMT: 8968-DDI00202-14/10/2025,
14/10/2025,8971,8971-DDI00203,Ndevor Systems Ltd : Phorest Ireland : Phorest UK,11010 Accounts Receivable : Trade Debtors,GBP,1.0,281.6,10020 Bank : BOI current a/c GBP # 62100285,United Kingdom(Mainland),CARDSUCCESS,DDCARD PAYMENT:MESDDDEUZ22BL44V627Q5,2.0,,ch_3SIAvXIdctIUMwHT0vQtulE6,CPMT: 8971-DDI00203,CPMT: 8971-DDI00203-14/10/2025,
14/10/2025,8999,8999-DDI00183,Ndevor Systems Ltd : Phorest Ireland : Phorest UK,11010 Accounts Receivable : Trade Debtors,GBP,1.0,171.25,10020 Bank : BOI current a/c GBP # 62100285,United Kingdom(Mainland),CARDSUCCESS,DDCARD PAYMENT:MESDDDNHEW2432VNWAT5W,2.0,,ch_3SIAvaIdctIUMwHT1DPlhgE5,CPMT: 8999-DDI00183,CPMT: 8999-DDI00183-14/10/2025,
14/10/2025,9011,9011-DDI00151,Ndevor Systems Ltd : Phorest Ireland : Phorest UK,11010 Accounts Receivable : Trade Debtors,GBP,1.0,104.21,10020 Bank : BOI current a/c GBP # 62100285,United Kingdom(Mainland),CARDSUCCESS,DDCARD PAYMENT:MESDDD7ZLFNG0A97V47V2,2.0,,ch_3SIAvcIdctIUMwHT1Cw6q7Oa,CPMT: 9011-DDI00151,CPMT: 9011-DDI00151-14/10/2025,
14/10/2025,9061,9061-DDI00161,Ndevor Systems Ltd : Phorest Ireland : Phorest UK,11010 Accounts Receivable : Trade Debtors,GBP,1.0,189.41,10020 Bank : BOI current a/c GBP # 62100285,United Kingdom(Mainland),CARDSUCCESS,DDCARD PAYMENT:MESDDD1R0013FUL3DP1U2,2.0,,ch_3SIAvhIdctIUMwHT27EcHhWk,CPMT: 9061-DDI00161,CPMT: 9061-DDI00161-14/10/2025,
14/10/2025,9079,9079-DDI00208,Ndevor Systems Ltd : Phorest Ireland : Phorest UK,11010 Accounts Receivable : Trade Debtors,GBP,1.0,323.9,10020 Bank : BOI current a/c GBP # 62100285,United Kingdom(Mainland),CARDSUCCESS,DDCARD PAYMENT:MESDDD52G0898J7NF54E8,2.0,,ch_3SIAvlIdctIUMwHT165wVjFP,CPMT: 9079-DDI00208,CPMT: 9079-DDI00208-14/10/2025,
14/10/2025,9519,9519-DDI00153,Ndevor Systems Ltd : Phorest Ireland : Phorest UK,11010 Accounts Receivable : Trade Debtors,GBP,1.0,217.93,10020 Bank : BOI current a/c GBP # 62100285,United Kingdom(Mainland),CARDSUCCESS,DDCARD PAYMENT:MESDDDXQ915I5SKNGVXVL,2.0,,ch_3SIAx6IdctIUMwHT0KNxmZhZ,CPMT: 9519-DDI00153,CPMT: 9519-DDI00153-14/10/2025,
14/10/2025,9528,9528-DDI00170,Ndevor Systems Ltd : Phorest Ireland : Phorest UK,11010 Accounts Receivable : Trade Debtors,GBP,1.0,145.26,10020 Bank : BOI current a/c GBP # 62100285,United Kingdom(Mainland),CARDSUCCESS,DDCARD PAYMENT:MESDDD29XX13K6KS2J122,2.0,,ch_3SIAxBIdctIUMwHT0H78Dhdd,CPMT: 9528-DDI00170,CPMT: 9528-DDI00170-14/10/2025,
14/10/2025,9536,9536-DDI00188,Ndevor Systems Ltd : Phorest Ireland : Phorest UK,11010 Accounts Receivable : Trade Debtors,GBP,1.0,218.6,10020 Bank : BOI current a/c GBP # 62100285,United Kingdom(Mainland),CARDSUCCESS,DDCARD PAYMENT:MESDDDKC70407C9LADKGW,2.0,,ch_3SIAxEIdctIUMwHT27CednM6,CPMT: 9536-DDI00188,CPMT: 9536-DDI00188-14/10/2025,
14/10/2025,10086,10086-DDI00141,Ndevor Systems Ltd : Phorest Ireland : Phorest UK,11010 Accounts Receivable : Trade Debtors,GBP,1.0,190.8,10020 Bank : BOI current a/c GBP # 62100285,United Kingdom(Mainland),CARDSUCCESS,DDCARD PAYMENT:MESDDDS73E4R5UFCCKID1,2.0,,ch_3SIAybIdctIUMwHT0MkZN2EU,CPMT: 10086-DDI00141,CPMT: 10086-DDI00141-14/10/2025,
14/10/2025,10090,10090-DDI00175,Ndevor Systems Ltd : Phorest Ireland : Phorest UK,11010 Accounts Receivable : Trade Debtors,GBP,1.0,222.98,10020 Bank : BOI current a/c GBP # 62100285,United Kingdom(Mainland),CARDSUCCESS,DDCARD PAYMENT:MESDDD0M1GFUT71G8D3EF,2.0,,ch_3SIAydIdctIUMwHT0clLu1gU,CPMT: 10090-DDI00175,CPMT: 10090-DDI00175-14/10/2025,
14/10/2025,10113,10113-DDI00126,Ndevor Systems Ltd : Phorest Ireland : Phorest UK,11010 Accounts Receivable : Trade Debtors,GBP,1.0,54.0,10020 Bank : BOI current a/c GBP # 62100285,United Kingdom(NI),CARDSUCCESS,DDCARD PAYMENT:MESDDD40C6P1UB13GJ9NT,2.0,,ch_3SIAygIdctIUMwHT0o4eecKQ,CPMT: 10113-DDI00126,CPMT: 10113-DDI00126-14/10/2025,
14/10/2025,10136,10136-DDI00132,Ndevor Systems Ltd : Phorest Ireland : Phorest UK,11010 Accounts Receivable : Trade Debtors,GBP,1.0,82.8,10020 Bank : BOI current a/c GBP # 62100285,United Kingdom(Mainland),CARDSUCCESS,DDCARD PAYMENT:MESDDD9W5K98819VVOAR7,2.0,,ch_3SIAyiIdctIUMwHT15TudC3M,CPMT: 10136-DDI00132,CPMT: 10136-DDI00132-14/10/2025,
14/10/2025,10179,10179-DDI00125,Ndevor Systems Ltd : Phorest Ireland : Phorest UK,11010 Accounts Receivable : Trade Debtors,GBP,1.0,149.63,10020 Bank : BOI current a/c GBP # 62100285,United Kingdom(NI),CARDSUCCESS,DDCARD PAYMENT:MESDDD3VVE92RGR1L0V94,2.0,,ch_3SIAylIdctIUMwHT1Rpbewye,CPMT: 10179-DDI00125,CPMT: 10179-DDI00125-14/10/2025,
14/10/2025,10206,10206-DDI00122,Ndevor Systems Ltd : Phorest Ireland : Phorest UK,11010 Accounts Receivable : Trade Debtors,GBP,1.0,94.6,10020 Bank : BOI current a/c GBP # 62100285,United Kingdom(Mainland),CARDSUCCESS,DDCARD PAYMENT:MESDDD58870L553S3SV42,2.0,,ch_3SIAynIdctIUMwHT00joJY5J,CPMT: 10206-DDI00122,CPMT: 10206-DDI00122-14/10/2025,
14/10/2025,10213,10213-DDI00183,Ndevor Systems Ltd : Phorest Ireland : Phorest UK,11010 Accounts Receivable : Trade Debtors,GBP,1.0,170.69,10020 Bank : BOI current a/c GBP # 62100285,United Kingdom(Mainland),CARDSUCCESS,DDCARD PAYMENT:MESDDD28118NNW3A58KL8,2.0,,ch_3SIAypIdctIUMwHT2S10XXrV,CPMT: 10213-DDI00183,CPMT: 10213-DDI00183-14/10/2025,
14/10/2025,10224,10224-DDI00174,Ndevor Systems Ltd : Phorest Ireland : Phorest UK,11010 Accounts Receivable : Trade Debtors,GBP,1.0,153.43,10020 Bank : BOI current a/c GBP # 62100285,United Kingdom(Mainland),CARDSUCCESS,DDCARD PAYMENT:MESDDDTBZI00W2YAYEFE7,2.0,,ch_3SIAysIdctIUMwHT1iQu1iPT,CPMT: 10224-DDI00174,CPMT: 10224-DDI00174-14/10/2025,
14/10/2025,10238,10238-DDI00139,Ndevor Systems Ltd : Phorest Ireland : Phorest UK,11010 Accounts Receivable : Trade Debtors,GBP,1.0,190.8,10020 Bank : BOI current a/c GBP # 62100285,United Kingdom(Mainland),CARDSUCCESS,DDCARD PAYMENT:MESDDD145L4IOTJ2B1DR8,2.0,,ch_3SIAyuIdctIUMwHT21rvTtIJ,CPMT: 10238-DDI00139,CPMT: 10238-DDI00139-14/10/2025,
14/10/2025,10299,10299-DDI00122,Ndevor Systems Ltd : Phorest Ireland : Phorest UK,11010 Accounts Receivable : Trade Debtors,GBP,1.0,140.92,10020 Bank : BOI current a/c GBP # 62100285,United Kingdom(Mainland),CARDSUCCESS,DDCARD PAYMENT:MESDDDSW7DKOW74LHOX2K,2.0,,ch_3SIAywIdctIUMwHT1R8PXSy4,CPMT: 10299-DDI00122,CPMT: 10299-DDI00122-14/10/2025,
14/10/2025,10305,10305-DDI00159,Ndevor Systems Ltd : Phorest Ireland : Phorest UK,11010 Accounts Receivable : Trade Debtors,GBP,1.0,235.62,10020 Bank : BOI current a/c GBP # 62100285,United Kingdom(Mainland),CARDSUCCESS,DDCARD PAYMENT:MESDDD929SIDRM8BGDCBH,2.0,,ch_3SIAyzIdctIUMwHT2FPJ9hZY,CPMT: 10305-DDI00159,CPMT: 10305-DDI00159-14/10/2025,
14/10/2025,10324,10324-DDI00150,Ndevor Systems Ltd : Phorest Ireland : Phorest UK,11010 Accounts Receivable : Trade Debtors,GBP,1.0,166.8,10020 Bank : BOI current a/c GBP # 62100285,United Kingdom(Mainland),CARDSUCCESS,DDCARD PAYMENT:MESDDDMZ5B50XY7397949,2.0,,ch_3SIAz1IdctIUMwHT1VUjZPUY,CPMT: 10324-DDI00150,CPMT: 10324-DDI00150-14/10/2025,
14/10/2025,10325,10325-DDI00122,Ndevor Systems Ltd : Phorest Ireland : Phorest UK,11010 Accounts Receivable : Trade Debtors,GBP,1.0,282.11,10020 Bank : BOI current a/c GBP # 62100285,United Kingdom(Mainland),CARDSUCCESS,DDCARD PAYMENT:MESDDD3S53X4YFJ6P2182,2.0,,ch_3SIAz3IdctIUMwHT01KGika9,CPMT: 10325-DDI00122,CPMT: 10325-DDI00122-14/10/2025,
14/10/2025,10343,10343-DDI00191,Ndevor Systems Ltd : Phorest Ireland : Phorest UK,11010 Accounts Receivable : Trade Debtors,GBP,1.0,122.98,10020 Bank : BOI current a/c GBP # 62100285,United Kingdom(Mainland),CARDSUCCESS,DDCARD PAYMENT:MESDDD708783D5322TH8G,2.0,,ch_3SIAz6IdctIUMwHT0VoOXTBp,CPMT: 10343-DDI00191,CPMT: 10343-DDI00191-14/10/2025,
14/10/2025,10373,10373-DDI00130,Ndevor Systems Ltd : Phorest Ireland : Phorest UK,11010 Accounts Receivable : Trade Debtors,GBP,1.0,171.83,10020 Bank : BOI current a/c GBP # 62100285,United Kingdom(Mainland),CARDSUCCESS,DDCARD PAYMENT:MESDDDLO04A6N0214255R,2.0,,ch_3SIAz9IdctIUMwHT19DLs4cw,CPMT: 10373-DDI00130,CPMT: 10373-DDI00130-14/10/2025,
14/10/2025,10384,10384-DDI00174,Ndevor Systems Ltd : Phorest Ireland : Phorest UK,11010 Accounts Receivable : Trade Debtors,GBP,1.0,163.91,10020 Bank : BOI current a/c GBP # 62100285,United Kingdom(NI),CARDSUCCESS,DDCARD PAYMENT:MESDDDBB59KB7H8S9DBC6,2.0,,ch_3SIAzBIdctIUMwHT1j2uCkF0,CPMT: 10384-DDI00174,CPMT: 10384-DDI00174-14/10/2025,
14/10/2025,10386,10386-DDI00170,Ndevor Systems Ltd : Phorest Ireland : Phorest UK,11010 Accounts Receivable : Trade Debtors,GBP,1.0,190.46,10020 Bank : BOI current a/c GBP # 62100285,United Kingdom(NI),CARDSUCCESS,DDCARD PAYMENT:MESDDDDJ55L5O77LX5O17,2.0,,ch_3SIAzEIdctIUMwHT1Ta1BNfV,CPMT: 10386-DDI00170,CPMT: 10386-DDI00170-14/10/2025,
14/10/2025,10387,10387-DDI00168,Ndevor Systems Ltd : Phorest Ireland : Phorest UK,11010 Accounts Receivable : Trade Debtors,GBP,1.0,175.55,10020 Bank : BOI current a/c GBP # 62100285,United Kingdom(Mainland),CARDSUCCESS,DDCARD PAYMENT:MESDDDAHJ5MAT99RI9C45,2.0,,ch_3SIAzGIdctIUMwHT1S2aqvLp,CPMT: 10387-DDI00168,CPMT: 10387-DDI00168-14/10/2025,
14/10/2025,10411,10411-DDI00175,Ndevor Systems Ltd : Phorest Ireland : Phorest UK,11010 Accounts Receivable : Trade Debtors,GBP,1.0,249.52,10020 Bank : BOI current a/c GBP # 62100285,United Kingdom(Mainland),CARDSUCCESS,DDCARD PAYMENT:MESDDDW79M8W5KK5584WJ,2.0,,ch_3SIAzMIdctIUMwHT25JrNqX6,CPMT: 10411-DDI00175,CPMT: 10411-DDI00175-14/10/2025,
14/10/2025,10423,10423-DDI00183,Ndevor Systems Ltd : Phorest Ireland : Phorest UK,11010 Accounts Receivable : Trade Debtors,GBP,1.0,58.8,10020 Bank : BOI current a/c GBP # 62100285,United Kingdom(Mainland),CARDSUCCESS,DDCARD PAYMENT:MESDDDA6ZCW9UN3N6NW9I,2.0,,ch_3SIAzOIdctIUMwHT1AZ8pFH7,CPMT: 10423-DDI00183,CPMT: 10423-DDI00183-14/10/2025,
14/10/2025,10437,10437-DDI00113,Ndevor Systems Ltd : Phorest Ireland : Phorest UK,11010 Accounts Receivable : Trade Debtors,GBP,1.0,132.0,10020 Bank : BOI current a/c GBP # 62100285,United Kingdom(Mainland),CARDSUCCESS,DDCARD PAYMENT:MESDDD3ZHS126J7D6UR7B,2.0,,ch_3SIAzQIdctIUMwHT2wjNSZyu,CPMT: 10437-DDI00113,CPMT: 10437-DDI00113-14/10/2025,
14/10/2025,10464,10464-DDI00177,Ndevor Systems Ltd : Phorest Ireland : Phorest UK,11010 Accounts Receivable : Trade Debtors,GBP,1.0,119.0,10020 Bank : BOI current a/c GBP # 62100285,United Kingdom(Mainland),CARDSUCCESS,DDCARD PAYMENT:MESDDD65POEI8I8K3LP11,2.0,,ch_3SIAzTIdctIUMwHT0MMvoSJ0,CPMT: 10464-DDI00177,CPMT: 10464-DDI00177-14/10/2025,
14/10/2025,10496,10496-DDI00155,Ndevor Systems Ltd : Phorest Ireland : Phorest UK,11010 Accounts Receivable : Trade Debtors,GBP,1.0,126.65,10020 Bank : BOI current a/c GBP # 62100285,United Kingdom(Mainland),CARDSUCCESS,DDCARD PAYMENT:MESDDDMFESR5495X8JEN7,2.0,,ch_3SIAzVIdctIUMwHT1TAuScP3,CPMT: 10496-DDI00155,CPMT: 10496-DDI00155-14/10/2025,
14/10/2025,10008,10008-DDI00210,Ndevor Systems Ltd : Phorest Ireland : Phorest UK,11010 Accounts Receivable : Trade Debtors,GBP,1.0,302.99,10020 Bank : BOI current a/c GBP # 62100285,United Kingdom(Mainland),CARDSUCCESS,DDCARD PAYMENT:MESDDDZ183648LX9GF7T9,2.0,,ch_3SIAyTIdctIUMwHT2Oiz9Qey,CPMT: 10008-DDI00210,CPMT: 10008-DDI00210-14/10/2025,
14/10/2025,9999,9999-DDI00164,Ndevor Systems Ltd : Phorest Ireland : Phorest UK,11010 Accounts Receivable : Trade Debtors,GBP,1.0,110.93,10020 Bank : BOI current a/c GBP # 62100285,United Kingdom(Mainland),CARDSUCCESS,DDCARD PAYMENT:MESDDD86WX98UB9905T52,2.0,,ch_3SIAyRIdctIUMwHT0Ql7xAku,CPMT: 9999-DDI00164,CPMT: 9999-DDI00164-14/10/2025,
14/10/2025,9964,9964-DDI00170,Ndevor Systems Ltd : Phorest Ireland : Phorest UK,11010 Accounts Receivable : Trade Debtors,GBP,1.0,236.64,10020 Bank : BOI current a/c GBP # 62100285,United Kingdom(Mainland),CARDSUCCESS,DDCARD PAYMENT:MESDDDVJNRYNN8022211C,2.0,,ch_3SIAyIIdctIUMwHT07tZBynl,CPMT: 9964-DDI00170,CPMT: 9964-DDI00170-14/10/2025,
14/10/2025,9957,9957-DDI00176,Ndevor Systems Ltd : Phorest Ireland : Phorest UK,11010 Accounts Receivable : Trade Debtors,GBP,1.0,207.18,10020 Bank : BOI current a/c GBP # 62100285,United Kingdom(Mainland),CARDSUCCESS,DDCARD PAYMENT:MESDDD76H7170P7ZI8S51,2.0,,ch_3SIAyGIdctIUMwHT2iIKegWB,CPMT: 9957-DDI00176,CPMT: 9957-DDI00176-14/10/2025,
14/10/2025,9562,9562-DDI00167,Ndevor Systems Ltd : Phorest Ireland : Phorest UK,11010 Accounts Receivable : Trade Debtors,GBP,1.0,58.8,10020 Bank : BOI current a/c GBP # 62100285,United Kingdom(Mainland),CARDSUCCESS,DDCARD PAYMENT:MESDDD0GYF73U6YIPZK90,2.0,,ch_3SIAxHIdctIUMwHT0w6SFxcS,CPMT: 9562-DDI00167,CPMT: 9562-DDI00167-14/10/2025,
14/10/2025,9572,9572-DDI00167,Ndevor Systems Ltd : Phorest Ireland : Phorest UK,11010 Accounts Receivable : Trade Debtors,GBP,1.0,221.46,10020 Bank : BOI current a/c GBP # 62100285,United Kingdom(Mainland),CARDSUCCESS,DDCARD PAYMENT:MESDDDIOGYOAG4E984J6C,2.0,,ch_3SIAxJIdctIUMwHT0Mt5GxCp,CPMT: 9572-DDI00167,CPMT: 9572-DDI00167-14/10/2025,
14/10/2025,9580,9580-DDI00181,Ndevor Systems Ltd : Phorest Ireland : Phorest UK,11010 Accounts Receivable : Trade Debtors,GBP,1.0,130.06,10020 Bank : BOI current a/c GBP # 62100285,United Kingdom(Mainland),CARDSUCCESS,DDCARD PAYMENT:MESDDDJ6A5GWYRLJBVI6J,2.0,,ch_3SIAxMIdctIUMwHT0U8gvliR,CPMT: 9580-DDI00181,CPMT: 9580-DDI00181-14/10/2025,
14/10/2025,9598,9598-DDI00163,Ndevor Systems Ltd : Phorest Ireland : Phorest UK,11010 Accounts Receivable : Trade Debtors,GBP,1.0,164.06,10020 Bank : BOI current a/c GBP # 62100285,United Kingdom(Mainland),CARDSUCCESS,DDCARD PAYMENT:MESDDDBRQ9VULHBG9HRO8,2.0,,ch_3SIAxOIdctIUMwHT1LpvlZQ7,CPMT: 9598-DDI00163,CPMT: 9598-DDI00163-14/10/2025,
14/10/2025,9610,9610-DDI00147,Ndevor Systems Ltd : Phorest Ireland : Phorest UK,11010 Accounts Receivable : Trade Debtors,GBP,1.0,154.8,10020 Bank : BOI current a/c GBP # 62100285,United Kingdom(Mainland),CARDSUCCESS,DDCARD PAYMENT:MESDDDETT6H73103L6O5Z,2.0,,ch_3SIAxQIdctIUMwHT191nxq0f,CPMT: 9610-DDI00147,CPMT: 9610-DDI00147-14/10/2025,
14/10/2025,9619,9619-DDI00144,Ndevor Systems Ltd : Phorest Ireland : Phorest UK,11010 Accounts Receivable : Trade Debtors,GBP,1.0,154.8,10020 Bank : BOI current a/c GBP # 62100285,United Kingdom(Mainland),CARDSUCCESS,DDCARD PAYMENT:MESDDDFER0EU3CTBQ6YMB,2.0,,ch_3SIAxTIdctIUMwHT1eE6eEzA,CPMT: 9619-DDI00144,CPMT: 9619-DDI00144-14/10/2025,
14/10/2025,9626,9626-DDI00138,Ndevor Systems Ltd : Phorest Ireland : Phorest UK,11010 Accounts Receivable : Trade Debtors,GBP,1.0,132.0,10020 Bank : BOI current a/c GBP # 62100285,United Kingdom(Mainland),CARDSUCCESS,DDCARD PAYMENT:MESDDDXGEFCE6DP4NH5H8,2.0,,ch_3SIAxVIdctIUMwHT05v0zH7u,CPMT: 9626-DDI00138,CPMT: 9626-DDI00138-14/10/2025,
14/10/2025,9662,9662-DDI00223,Ndevor Systems Ltd : Phorest Ireland : Phorest UK,11010 Accounts Receivable : Trade Debtors,GBP,1.0,302.58,10020 Bank : BOI current a/c GBP # 62100285,United Kingdom(Mainland),CARDSUCCESS,DDCARD PAYMENT:MESDDD6D6C2GS8VWOX386,2.0,,ch_3SIAxXIdctIUMwHT1gAoXF1p,CPMT: 9662-DDI00223,CPMT: 9662-DDI00223-14/10/2025,
14/10/2025,9674,9674-DDI00204,Ndevor Systems Ltd : Phorest Ireland : Phorest UK,11010 Accounts Receivable : Trade Debtors,GBP,1.0,137.99,10020 Bank : BOI current a/c GBP # 62100285,United Kingdom(Mainland),CARDSUCCESS,DDCARD PAYMENT:MESDDDB9899YBVK4R014B,2.0,,ch_3SIAxaIdctIUMwHT1ZqlJeEB,CPMT: 9674-DDI00204,CPMT: 9674-DDI00204-14/10/2025,
14/10/2025,9689,9689-DDI00132,Ndevor Systems Ltd : Phorest Ireland : Phorest UK,11010 Accounts Receivable : Trade Debtors,GBP,1.0,93.08,10020 Bank : BOI current a/c GBP # 62100285,United Kingdom(Mainland),CARDSUCCESS,DDCARD PAYMENT:MESDDD779M3N5J4Z4WOM1,2.0,,ch_3SIAxcIdctIUMwHT11Rq4QAX,CPMT: 9689-DDI00132,CPMT: 9689-DDI00132-14/10/2025,
14/10/2025,9706,9706-DDI00189,Ndevor Systems Ltd : Phorest Ireland : Phorest UK,11010 Accounts Receivable : Trade Debtors,GBP,1.0,121.08,10020 Bank : BOI current a/c GBP # 62100285,United Kingdom(Mainland),CARDSUCCESS,DDCARD PAYMENT:MESDDDUQTR2HE9730N178,2.0,,ch_3SIAxfIdctIUMwHT2VS6FJFZ,CPMT: 9706-DDI00189,CPMT: 9706-DDI00189-14/10/2025,
14/10/2025,8792,8792-DDI00208,Ndevor Systems Ltd : Phorest Ireland : Phorest UK,11010 Accounts Receivable : Trade Debtors,GBP,1.0,224.52,10020 Bank : BOI current a/c GBP # 62100285,United Kingdom(Mainland),CARDSUCCESS,DDCARD PAYMENT:MESDDDBZ8TRUJ2JBLJ3QX,2.0,,ch_3SIAukIdctIUMwHT2SFazczc,CPMT: 8792-DDI00208,CPMT: 8792-DDI00208-14/10/2025,
14/10/2025,9727,9727-DDI00159,Ndevor Systems Ltd : Phorest Ireland : Phorest UK,11010 Accounts Receivable : Trade Debtors,GBP,1.0,97.09,10020 Bank : BOI current a/c GBP # 62100285,United Kingdom(Mainland),CARDSUCCESS,DDCARD PAYMENT:MESDDDV5OTXU5BHVKH717,2.0,,ch_3SIAxhIdctIUMwHT1hCapOKA,CPMT: 9727-DDI00159,CPMT: 9727-DDI00159-14/10/2025,
14/10/2025,9763,9763-DDI00208,Ndevor Systems Ltd : Phorest Ireland : Phorest UK,11010 Accounts Receivable : Trade Debtors,GBP,1.0,58.8,10020 Bank : BOI current a/c GBP # 62100285,United Kingdom(Mainland),CARDSUCCESS,DDCARD PAYMENT:MESDDDWHI28IA5198791A,2.0,,ch_3SIAxmIdctIUMwHT1mripCwV,CPMT: 9763-DDI00208,CPMT: 9763-DDI00208-14/10/2025,
14/10/2025,9765,9765-DDI00178,Ndevor Systems Ltd : Phorest Ireland : Phorest UK,11010 Accounts Receivable : Trade Debtors,GBP,1.0,154.8,10020 Bank : BOI current a/c GBP # 62100285,United Kingdom(Mainland),CARDSUCCESS,DDCARD PAYMENT:MESDDDEOC6O987Z7G87J7,2.0,,ch_3SIAxoIdctIUMwHT1uMw9jy0,CPMT: 9765-DDI00178,CPMT: 9765-DDI00178-14/10/2025,
14/10/2025,9773,9773-DDI00140,Ndevor Systems Ltd : Phorest Ireland : Phorest UK,11010 Accounts Receivable : Trade Debtors,GBP,1.0,14.66,10020 Bank : BOI current a/c GBP # 62100285,United Kingdom(Mainland),CARDSUCCESS,DDCARD PAYMENT:MESDDD6UHURX24BQO3L52,2.0,,ch_3SIAxqIdctIUMwHT15dGcxpH,CPMT: 9773-DDI00140,CPMT: 9773-DDI00140-14/10/2025,
14/10/2025,9776,9776-DDI00180,Ndevor Systems Ltd : Phorest Ireland : Phorest UK,11010 Accounts Receivable : Trade Debtors,GBP,1.0,146.57,10020 Bank : BOI current a/c GBP # 62100285,United Kingdom(Mainland),CARDSUCCESS,DDCARD PAYMENT:MESDDDXQ3SS60YHYRLHR6,2.0,,ch_3SIAxtIdctIUMwHT0O6VsPja,CPMT: 9776-DDI00180,CPMT: 9776-DDI00180-14/10/2025,
14/10/2025,9777,9777-DDI00213,Ndevor Systems Ltd : Phorest Ireland : Phorest UK,11010 Accounts Receivable : Trade Debtors,GBP,1.0,253.73,10020 Bank : BOI current a/c GBP # 62100285,United Kingdom(Mainland),CARDSUCCESS,DDCARD PAYMENT:MESDDD9CMH5F01O293560,2.0,,ch_3SIAxvIdctIUMwHT07DK9Pes,CPMT: 9777-DDI00213,CPMT: 9777-DDI00213-14/10/2025,
14/10/2025,9832,9832-DDI00185,Ndevor Systems Ltd : Phorest Ireland : Phorest UK,11010 Accounts Receivable : Trade Debtors,GBP,1.0,82.8,10020 Bank : BOI current a/c GBP # 62100285,United Kingdom(Mainland),CARDSUCCESS,DDCARD PAYMENT:MESDDDN9ALSE4YV919OP8,2.0,,ch_3SIAy0IdctIUMwHT0gNUPvZV,CPMT: 9832-DDI00185,CPMT: 9832-DDI00185-14/10/2025,
14/10/2025,9839,9839-DDI00209,Ndevor Systems Ltd : Phorest Ireland : Phorest UK,11010 Accounts Receivable : Trade Debtors,GBP,1.0,236.09,10020 Bank : BOI current a/c GBP # 62100285,United Kingdom(Mainland),CARDSUCCESS,DDCARD PAYMENT:MESDDD93HX4R4WU94M33T,2.0,,ch_3SIAy2IdctIUMwHT0QCl472Z,CPMT: 9839-DDI00209,CPMT: 9839-DDI00209-14/10/2025,
14/10/2025,9886,9886-DDI00193,Ndevor Systems Ltd : Phorest Ireland : Phorest UK,11010 Accounts Receivable : Trade Debtors,GBP,1.0,136.82,10020 Bank : BOI current a/c GBP # 62100285,United Kingdom(Mainland),CARDSUCCESS,DDCARD PAYMENT:MESDDDQY83YGC1C3D7215,2.0,,ch_3SIAy5IdctIUMwHT1VLL9CJr,CPMT: 9886-DDI00193,CPMT: 9886-DDI00193-14/10/2025,
14/10/2025,9917,9917-DDI00183,Ndevor Systems Ltd : Phorest Ireland : Phorest UK,11010 Accounts Receivable : Trade Debtors,GBP,1.0,67.2,10020 Bank : BOI current a/c GBP # 62100285,United Kingdom(Mainland),CARDSUCCESS,DDCARD PAYMENT:MESDDDG11F6X5554S0Z77,2.0,,ch_3SIAy7IdctIUMwHT0sOAe6O7,CPMT: 9917-DDI00183,CPMT: 9917-DDI00183-14/10/2025,
14/10/2025,9928,9928-DDI00151,Ndevor Systems Ltd : Phorest Ireland : Phorest UK,11010 Accounts Receivable : Trade Debtors,GBP,1.0,191.22,10020 Bank : BOI current a/c GBP # 62100285,United Kingdom(Mainland),CARDSUCCESS,DDCARD PAYMENT:MESDDDECZILJ6CNXM2WPW,2.0,,ch_3SIAyBIdctIUMwHT26se3Dj4,CPMT: 9928-DDI00151,CPMT: 9928-DDI00151-14/10/2025,
14/10/2025,9941,9941-DDI00198,Ndevor Systems Ltd : Phorest Ireland : Phorest UK,11010 Accounts Receivable : Trade Debtors,GBP,1.0,754.92,10020 Bank : BOI current a/c GBP # 62100285,United Kingdom(Mainland),CARDSUCCESS,DDCARD PAYMENT:MESDDDVS2CZ11CHFHI82N,2.0,,ch_3SIAyDIdctIUMwHT27wJ683u,CPMT: 9941-DDI00198,CPMT: 9941-DDI00198-14/10/2025,
14/10/2025,9758,9758-DDI00156,Ndevor Systems Ltd : Phorest Ireland : Phorest UK,11010 Accounts Receivable : Trade Debtors,GBP,1.0,218.86,10020 Bank : BOI current a/c GBP # 62100285,United Kingdom(Mainland),CARDSUCCESS,DDCARD PAYMENT:MESDDDG950S1XJQ2C621O,2.0,,ch_3SIAxjIdctIUMwHT2NKdU1JP,CPMT: 9758-DDI00156,CPMT: 9758-DDI00156-14/10/2025,
14/10/2025,10517,10517-DDI00121,Ndevor Systems Ltd : Phorest Ireland : Phorest UK,11010 Accounts Receivable : Trade Debtors,GBP,1.0,88.14,10020 Bank : BOI current a/c GBP # 62100285,United Kingdom(Mainland),CARDSUCCESS,DDCARD PAYMENT:MESDDDA3H4WC3TAPOGW7B,2.0,,ch_3SIAzXIdctIUMwHT2dVMF8HH,CPMT: 10517-DDI00121,CPMT: 10517-DDI00121-14/10/2025,
14/10/2025,8791,8791-DDI00210,Ndevor Systems Ltd : Phorest Ireland : Phorest UK,11010 Accounts Receivable : Trade Debtors,GBP,1.0,253.88,10020 Bank : BOI current a/c GBP # 62100285,United Kingdom(Mainland),CARDSUCCESS,DDCARD PAYMENT:MESDDD7D5S26763RXV4E4,2.0,,ch_3SIAuiIdctIUMwHT1zQhCYQT,CPMT: 8791-DDI00210,CPMT: 8791-DDI00210-14/10/2025,
14/10/2025,8777,8777-DDI00251,Ndevor Systems Ltd : Phorest Ireland : Phorest UK,11010 Accounts Receivable : Trade Debtors,GBP,1.0,345.19,10020 Bank : BOI current a/c GBP # 62100285,United Kingdom(Mainland),CARDSUCCESS,DDCARD PAYMENT:MESDDDO2UU3K389V7W10K,2.0,,ch_3SIAudIdctIUMwHT0x9aqBr4,CPMT: 8777-DDI00251,CPMT: 8777-DDI00251-14/10/2025,
14/10/2025,44562,44562-DDI00078,Ndevor Systems Ltd : Phorest Ireland : Phorest UK,11010 Accounts Receivable : Trade Debtors,GBP,1.0,354.6,10020 Bank : BOI current a/c GBP # 62100285,United Kingdom(Mainland),CARDSUCCESS,DDCARD PAYMENT:MESDDD5R86O38D721YXV5,2.0,,ch_3SIAqlIdctIUMwHT13bX4D2e,CPMT: 44562-DDI00078,CPMT: 44562-DDI00078-14/10/2025,
14/10/2025,76971,76971-DDI00013,Ndevor Systems Ltd : Phorest Ireland : Phorest UK,11010 Accounts Receivable : Trade Debtors,GBP,1.0,296.52,10020 Bank : BOI current a/c GBP # 62100285,United Kingdom(Mainland),CARDSUCCESS,DDCARD PAYMENT:MESDDDAPU0I5E7WU80LH4,2.0,,ch_3SIArFIdctIUMwHT2BlYBuX9,CPMT: 76971-DDI00013,CPMT: 76971-DDI00013-14/10/2025,
14/10/2025,80433,80433-DDI00013,Ndevor Systems Ltd : Phorest Ireland : Phorest UK,11010 Accounts Receivable : Trade Debtors,GBP,1.0,394.17,10020 Bank : BOI current a/c GBP # 62100285,United Kingdom(Mainland),CARDSUCCESS,DDCARD PAYMENT:MESDDDTB7427580J0324Y,2.0,,ch_3SIArNIdctIUMwHT2O9mVLRC,CPMT: 80433-DDI00013,CPMT: 80433-DDI00013-14/10/2025,
14/10/2025,2533,2533-DDI00282,Ndevor Systems Ltd : Phorest Ireland : Phorest UK,11010 Accounts Receivable : Trade Debtors,GBP,1.0,298.8,10020 Bank : BOI current a/c GBP # 62100285,United Kingdom(NI),CARDSUCCESS,DDCARD PAYMENT:MESDDDZ93545DOK98844Y,2.0,,ch_3SIAriIdctIUMwHT2VblAMxk,CPMT: 2533-DDI00282,CPMT: 2533-DDI00282-14/10/2025,
14/10/2025,3720,3720-DDI00277,Ndevor Systems Ltd : Phorest Ireland : Phorest UK,11010 Accounts Receivable : Trade Debtors,GBP,1.0,162.35,10020 Bank : BOI current a/c GBP # 62100285,United Kingdom(NI),CARDSUCCESS,DDCARD PAYMENT:MESDDDY1700H20Y6RF3B4,2.0,,ch_3SIArkIdctIUMwHT2qkK864m,CPMT: 3720-DDI00277,CPMT: 3720-DDI00277-14/10/2025,
14/10/2025,3784,3784-DDI00191,Ndevor Systems Ltd : Phorest Ireland : Phorest UK,11010 Accounts Receivable : Trade Debtors,GBP,1.0,89.45,10020 Bank : BOI current a/c GBP # 62100285,United Kingdom(NI),CARDSUCCESS,DDCARD PAYMENT:MESDDD3PW34B9S48PQTGB,2.0,,ch_3SIArmIdctIUMwHT0eqcjaki,CPMT: 3784-DDI00191,CPMT: 3784-DDI00191-14/10/2025,
14/10/2025,4149,4149-DDI00245,Ndevor Systems Ltd : Phorest Ireland : Phorest UK,11010 Accounts Receivable : Trade Debtors,GBP,1.0,67.32,10020 Bank : BOI current a/c GBP # 62100285,United Kingdom(NI),CARDSUCCESS,DDCARD PAYMENT:MESDDD56J8LR23L2Y497Q,2.0,,ch_3SIArpIdctIUMwHT2mT5DQrm,CPMT: 4149-DDI00245,CPMT: 4149-DDI00245-14/10/2025,
14/10/2025,4260,4260-DDI00239,Ndevor Systems Ltd : Phorest Ireland : Phorest UK,11010 Accounts Receivable : Trade Debtors,GBP,1.0,90.0,10020 Bank : BOI current a/c GBP # 62100285,United Kingdom(NI),CARDSUCCESS,DDCARD PAYMENT:MESDDDV1H5YG84V028D13,2.0,,ch_3SIArrIdctIUMwHT1QALRvIU,CPMT: 4260-DDI00239,CPMT: 4260-DDI00239-14/10/2025,
14/10/2025,4284,4284-DDI00300,Ndevor Systems Ltd : Phorest Ireland : Phorest UK,11010 Accounts Receivable : Trade Debtors,GBP,1.0,192.32,10020 Bank : BOI current a/c GBP # 62100285,United Kingdom(Mainland),CARDSUCCESS,DDCARD PAYMENT:MESDDDON4Q1WFV6JB95ZJ,2.0,,ch_3SIArtIdctIUMwHT0Ilq48Dx,CPMT: 4284-DDI00300,CPMT: 4284-DDI00300-14/10/2025,
14/10/2025,6150,6150-DDI00238,Ndevor Systems Ltd : Phorest Ireland : Phorest UK,11010 Accounts Receivable : Trade Debtors,GBP,1.0,202.75,10020 Bank : BOI current a/c GBP # 62100285,United Kingdom(Mainland),CARDSUCCESS,DDCARD PAYMENT:MESDDDD4N8B9V491RMJD7,2.0,,ch_3SIArwIdctIUMwHT2XCRsv9t,CPMT: 6150-DDI00238,CPMT: 6150-DDI00238-14/10/2025,
14/10/2025,6312,6312-DDI00268,Ndevor Systems Ltd : Phorest Ireland : Phorest UK,11010 Accounts Receivable : Trade Debtors,GBP,1.0,99.13,10020 Bank : BOI current a/c GBP # 62100285,United Kingdom(Mainland),CARDSUCCESS,DDCARD PAYMENT:MESDDD8NXBTSMR1TZ6JQ3,2.0,,ch_3SIAs0IdctIUMwHT0gwnrRfE,CPMT: 6312-DDI00268,CPMT: 6312-DDI00268-14/10/2025,
14/10/2025,6855,6855-DDI00247,Ndevor Systems Ltd : Phorest Ireland : Phorest UK,11010 Accounts Receivable : Trade Debtors,GBP,1.0,208.21,10020 Bank : BOI current a/c GBP # 62100285,United Kingdom(Mainland),CARDSUCCESS,DDCARD PAYMENT:MESDDDUMT94JZ70LA72H2,2.0,,ch_3SIAs3IdctIUMwHT0b4S1A1f,CPMT: 6855-DDI00247,CPMT: 6855-DDI00247-14/10/2025,
14/10/2025,7080,7080-DDI00274,Ndevor Systems Ltd : Phorest Ireland : Phorest UK,11010 Accounts Receivable : Trade Debtors,GBP,1.0,308.09,10020 Bank : BOI current a/c GBP # 62100285,United Kingdom(Mainland),CARDSUCCESS,DDCARD PAYMENT:MESDDDA91Y0VSUBZ22480,2.0,,ch_3SIAs5IdctIUMwHT1rOhufgl,CPMT: 7080-DDI00274,CPMT: 7080-DDI00274-14/10/2025,
14/10/2025,7120,7120-DDI00271,Ndevor Systems Ltd : Phorest Ireland : Phorest UK,11010 Accounts Receivable : Trade Debtors,GBP,1.0,66.71,10020 Bank : BOI current a/c GBP # 62100285,United Kingdom(Mainland),CARDSUCCESS,DDCARD PAYMENT:MESDDD685XHDQ2D9TX5C5,2.0,,ch_3SIAs7IdctIUMwHT2JxtmDGM,CPMT: 7120-DDI00271,CPMT: 7120-DDI00271-14/10/2025,
14/10/2025,7619,7619-DDI00223,Ndevor Systems Ltd : Phorest Ireland : Phorest UK,11010 Accounts Receivable : Trade Debtors,GBP,1.0,116.06,10020 Bank : BOI current a/c GBP # 62100285,United Kingdom(Mainland),CARDSUCCESS,DDCARD PAYMENT:MESDDDXML261E59PNN4JK,2.0,,ch_3SIAsAIdctIUMwHT2ksvsW6g,CPMT: 7619-DDI00223,CPMT: 7619-DDI00223-14/10/2025,
14/10/2025,7810,7810-DDI00155,Ndevor Systems Ltd : Phorest Ireland : Phorest UK,11010 Accounts Receivable : Trade Debtors,GBP,1.0,150.5,10020 Bank : BOI current a/c GBP # 62100285,United Kingdom(Mainland),CARDSUCCESS,DDCARD PAYMENT:MESDDD42NYMDD8LE4UI74,2.0,,ch_3SIAsDIdctIUMwHT2kKF1xlu,CPMT: 7810-DDI00155,CPMT: 7810-DDI00155-14/10/2025,
14/10/2025,7852,7852-DDI00227,Ndevor Systems Ltd : Phorest Ireland : Phorest UK,11010 Accounts Receivable : Trade Debtors,GBP,1.0,213.79,10020 Bank : BOI current a/c GBP # 62100285,United Kingdom(Mainland),CARDSUCCESS,DDCARD PAYMENT:MESDDD18HV18341D003TR,2.0,,ch_3SIAsFIdctIUMwHT0aOCyq3p,CPMT: 7852-DDI00227,CPMT: 7852-DDI00227-14/10/2025,
14/10/2025,7866,7866-DDI00245,Ndevor Systems Ltd : Phorest Ireland : Phorest UK,11010 Accounts Receivable : Trade Debtors,GBP,1.0,63.31,10020 Bank : BOI current a/c GBP # 62100285,United Kingdom(NI),CARDSUCCESS,DDCARD PAYMENT:MESDDD4YJ0CI375CN9EY9,2.0,,ch_3SIAsHIdctIUMwHT09O52iIL,CPMT: 7866-DDI00245,CPMT: 7866-DDI00245-14/10/2025,
14/10/2025,7879,7879-DDI00170,Ndevor Systems Ltd : Phorest Ireland : Phorest UK,11010 Accounts Receivable : Trade Debtors,GBP,1.0,139.46,10020 Bank : BOI current a/c GBP # 62100285,United Kingdom(Mainland),CARDSUCCESS,DDCARD PAYMENT:MESDDDI858Y3A8I713K43,2.0,,ch_3SIAsJIdctIUMwHT2OSXHzEf,CPMT: 7879-DDI00170,CPMT: 7879-DDI00170-14/10/2025,
14/10/2025,7961,7961-DDI00242,Ndevor Systems Ltd : Phorest Ireland : Phorest UK,11010 Accounts Receivable : Trade Debtors,GBP,1.0,114.46,10020 Bank : BOI current a/c GBP # 62100285,United Kingdom(Mainland),CARDSUCCESS,DDCARD PAYMENT:MESDDD0H4R4762AE3C111,2.0,,ch_3SIAsMIdctIUMwHT0RHdlT3N,CPMT: 7961-DDI00242,CPMT: 7961-DDI00242-14/10/2025,
14/10/2025,8026,8026-DDI00186,Ndevor Systems Ltd : Phorest Ireland : Phorest UK,11010 Accounts Receivable : Trade Debtors,GBP,1.0,113.51,10020 Bank : BOI current a/c GBP # 62100285,United Kingdom(Mainland),CARDSUCCESS,DDCARD PAYMENT:MESDDD16I3Q6A639I463C,2.0,,ch_3SIAsOIdctIUMwHT0R44TK6t,CPMT: 8026-DDI00186,CPMT: 8026-DDI00186-14/10/2025,
14/10/2025,38335,38335-DDI00080,Ndevor Systems Ltd : Phorest Ireland : Phorest UK,11010 Accounts Receivable : Trade Debtors,GBP,1.0,87.66,10020 Bank : BOI current a/c GBP # 62100285,United Kingdom(Mainland),CARDSUCCESS,DDCARD PAYMENT:MESDDDX42R32FFT2R34I8,2.0,,ch_3SIAqdIdctIUMwHT14KdAWTn,CPMT: 38335-DDI00080,CPMT: 38335-DDI00080-14/10/2025,
14/10/2025,8037,8037-DDI00265,Ndevor Systems Ltd : Phorest Ireland : Phorest UK,11010 Accounts Receivable : Trade Debtors,GBP,1.0,667.04,10020 Bank : BOI current a/c GBP # 62100285,United Kingdom(Mainland),CARDSUCCESS,DDCARD PAYMENT:MESDDD4AKXOW3WT9C7S1R,2.0,,ch_3SIAsRIdctIUMwHT2KVW1CMu,CPMT: 8037-DDI00265,CPMT: 8037-DDI00265-14/10/2025,
14/10/2025,37958,37958-DDI00074,Ndevor Systems Ltd : Phorest Ireland : Phorest UK,11010 Accounts Receivable : Trade Debtors,GBP,1.0,161.79,10020 Bank : BOI current a/c GBP # 62100285,United Kingdom(Mainland),CARDSUCCESS,DDCARD PAYMENT:MESDDDT38A9P8C8LH3R79,2.0,,ch_3SIAqbIdctIUMwHT08061b2n,CPMT: 37958-DDI00074,CPMT: 37958-DDI00074-14/10/2025,
14/10/2025,22653,22653-DDI00134,Ndevor Systems Ltd : Phorest Ireland : Phorest UK,11010 Accounts Receivable : Trade Debtors,GBP,1.0,449.95,10020 Bank : BOI current a/c GBP # 62100285,United Kingdom(Mainland),CARDSUCCESS,DDCARD PAYMENT:MESDDDT11RBB457CNSEDE,2.0,,ch_3SIAqKIdctIUMwHT2KBDqkNV,CPMT: 22653-DDI00134,CPMT: 22653-DDI00134-14/10/2025,
14/10/2025,8856,8856-DDI00222,Ndevor Systems Ltd : Phorest Ireland : Phorest UK,11010 Accounts Receivable : Trade Debtors,GBP,1.0,104.39,10020 Bank : BOI current a/c GBP # 62100285,United Kingdom(Mainland),CARDSUCCESS,DDCARD PAYMENT:MESDDDF6O8EHQW9D6640M,2.0,,ch_3SIAnzIdctIUMwHT2W0rZaWe,CPMT: 8856-DDI00222,CPMT: 8856-DDI00222-14/10/2025,
14/10/2025,9070,9070-DDI00193,Ndevor Systems Ltd : Phorest Ireland : Phorest UK,11010 Accounts Receivable : Trade Debtors,GBP,1.0,243.90999999999997,10020 Bank : BOI current a/c GBP # 62100285,United Kingdom(Mainland),CARDSUCCESS,DDCARD PAYMENT:MESDDD1TQE9NJ2G6HBJS5,2.0,,ch_3SIAo1IdctIUMwHT06cN68CP,CPMT: 9070-DDI00193,CPMT: 9070-DDI00193-14/10/2025,
14/10/2025,9560,9560-DDI00192,Ndevor Systems Ltd : Phorest Ireland : Phorest UK,11010 Accounts Receivable : Trade Debtors,GBP,1.0,218.44,10020 Bank : BOI current a/c GBP # 62100285,United Kingdom(Mainland),CARDSUCCESS,DDCARD PAYMENT:MESDDDW58985VN8UMXSQ3,2.0,,ch_3SIAo3IdctIUMwHT0GmlltCg,CPMT: 9560-DDI00192,CPMT: 9560-DDI00192-14/10/2025,
14/10/2025,10902,10902-DDI00151,Ndevor Systems Ltd : Phorest Ireland : Phorest UK,11010 Accounts Receivable : Trade Debtors,GBP,1.0,166.79999999999998,10020 Bank : BOI current a/c GBP # 62100285,United Kingdom(Mainland),CARDSUCCESS,DDCARD PAYMENT:MESDDD95J8PO66SE4O079,2.0,,ch_3SIAo8IdctIUMwHT07kN9QYy,CPMT: 10902-DDI00151,CPMT: 10902-DDI00151-14/10/2025,
14/10/2025,11119,11119-DDI00157,Ndevor Systems Ltd : Phorest Ireland : Phorest UK,11010 Accounts Receivable : Trade Debtors,GBP,1.0,82.80000000000001,10020 Bank : BOI current a/c GBP # 62100285,United Kingdom(Mainland),CARDSUCCESS,DDCARD PAYMENT:MESDDDKU1291C70378D30,2.0,,ch_3SIAoBIdctIUMwHT1qe2kfdp,CPMT: 11119-DDI00157,CPMT: 11119-DDI00157-14/10/2025,
14/10/2025,11667,11667-DDI00128,Ndevor Systems Ltd : Phorest Ireland : Phorest UK,11010 Accounts Receivable : Trade Debtors,GBP,1.0,832.31,10020 Bank : BOI current a/c GBP # 62100285,United Kingdom(Mainland),CARDSUCCESS,DDCARD PAYMENT:MESDDDE1BW2ULB2S9KOHS,2.0,,ch_3SIAoDIdctIUMwHT1qnumnnj,CPMT: 11667-DDI00128,CPMT: 11667-DDI00128-14/10/2025,
14/10/2025,11693,11693-DDI00157,Ndevor Systems Ltd : Phorest Ireland : Phorest UK,11010 Accounts Receivable : Trade Debtors,GBP,1.0,296.4,10020 Bank : BOI current a/c GBP # 62100285,United Kingdom(Mainland),CARDSUCCESS,DDCARD PAYMENT:MESDDD8GPO6ONUK22WVD2,2.0,,ch_3SIAoFIdctIUMwHT1TuQem22,CPMT: 11693-DDI00157,CPMT: 11693-DDI00157-14/10/2025,
14/10/2025,14516,14516-DDI00104,Ndevor Systems Ltd : Phorest Ireland : Phorest UK,11010 Accounts Receivable : Trade Debtors,GBP,1.0,44.8,10020 Bank : BOI current a/c GBP # 62100285,United Kingdom(Mainland),CARDSUCCESS,DDCARD PAYMENT:MESDDD216H2TI9I0649E5,2.0,,ch_3SIAoKIdctIUMwHT1GUpmqtR,CPMT: 14516-DDI00104,CPMT: 14516-DDI00104-14/10/2025,
14/10/2025,19289,19289-DDI00148,Ndevor Systems Ltd : Phorest Ireland : Phorest UK,11010 Accounts Receivable : Trade Debtors,GBP,1.0,338.28000000000003,10020 Bank : BOI current a/c GBP # 62100285,United Kingdom(Mainland),CARDSUCCESS,DDCARD PAYMENT:MESDDD93N1PA78NA1F3MZ,2.0,,ch_3SIAoMIdctIUMwHT1a1FPEK4,CPMT: 19289-DDI00148,CPMT: 19289-DDI00148-14/10/2025,
14/10/2025,26095,26095-DDI00133,Ndevor Systems Ltd : Phorest Ireland : Phorest UK,11010 Accounts Receivable : Trade Debtors,GBP,1.0,178.79999999999995,10020 Bank : BOI current a/c GBP # 62100285,United Kingdom(Mainland),CARDSUCCESS,DDCARD PAYMENT:MESDDDKW8689K6FJ24PN2,2.0,,ch_3SIAoPIdctIUMwHT0bQJY5Xc,CPMT: 26095-DDI00133,CPMT: 26095-DDI00133-14/10/2025,
14/10/2025,55629,55629-DDI00051,Ndevor Systems Ltd : Phorest Ireland : Phorest UK,11010 Accounts Receivable : Trade Debtors,GBP,1.0,393.6,10020 Bank : BOI current a/c GBP # 62100285,United Kingdom(Mainland),CARDSUCCESS,DDCARD PAYMENT:MESDDDSCHBD9EZ6ZWCE11,2.0,,ch_3SIAofIdctIUMwHT1tD6e2Rn,CPMT: 55629-DDI00051,CPMT: 55629-DDI00051-14/10/2025,
14/10/2025,56037,56037-DDI00045,Ndevor Systems Ltd : Phorest Ireland : Phorest UK,11010 Accounts Receivable : Trade Debtors,GBP,1.0,236.75,10020 Bank : BOI current a/c GBP # 62100285,United Kingdom(Mainland),CARDSUCCESS,DDCARD PAYMENT:MESDDD8JBPJ1KS8EDU580,2.0,,ch_3SIAohIdctIUMwHT1ByhzNo5,CPMT: 56037-DDI00045,CPMT: 56037-DDI00045-14/10/2025,
14/10/2025,56424,56424-DDI00047,Ndevor Systems Ltd : Phorest Ireland : Phorest UK,11010 Accounts Receivable : Trade Debtors,GBP,1.0,284.6,10020 Bank : BOI current a/c GBP # 62100285,United Kingdom(Mainland),CARDSUCCESS,DDCARD PAYMENT:MESDDD90PWE163S77B903,2.0,,ch_3SIAokIdctIUMwHT1ARpOkkU,CPMT: 56424-DDI00047,CPMT: 56424-DDI00047-14/10/2025,
14/10/2025,57349,57349-DDI00040,Ndevor Systems Ltd : Phorest Ireland : Phorest UK,11010 Accounts Receivable : Trade Debtors,GBP,1.0,149.9,10020 Bank : BOI current a/c GBP # 62100285,United Kingdom(Mainland),CARDSUCCESS,DDCARD PAYMENT:MESDDDWF6I69XXK28CX15,2.0,,ch_3SIAonIdctIUMwHT2yy8IWRO,CPMT: 57349-DDI00040,CPMT: 57349-DDI00040-14/10/2025,
14/10/2025,58785,58785-DDI00038,Ndevor Systems Ltd : Phorest Ireland : Phorest UK,11010 Accounts Receivable : Trade Debtors,GBP,1.0,169.75,10020 Bank : BOI current a/c GBP # 62100285,United Kingdom(Mainland),CARDSUCCESS,DDCARD PAYMENT:MESDDD5QWCV5UX77N7ZH5,2.0,,ch_3SIAopIdctIUMwHT0kl6kqsL,CPMT: 58785-DDI00038,CPMT: 58785-DDI00038-14/10/2025,
14/10/2025,58829,58829-DDI00039,Ndevor Systems Ltd : Phorest Ireland : Phorest UK,11010 Accounts Receivable : Trade Debtors,GBP,1.0,52.8,10020 Bank : BOI current a/c GBP # 62100285,United Kingdom(Mainland),CARDSUCCESS,DDCARD PAYMENT:MESDDD6HV9N5C4FCI3E0D,2.0,,ch_3SIAorIdctIUMwHT0CDNiGo3,CPMT: 58829-DDI00039,CPMT: 58829-DDI00039-14/10/2025,
14/10/2025,71862,71862-DDI00024,Ndevor Systems Ltd : Phorest Ireland : Phorest UK,11010 Accounts Receivable : Trade Debtors,GBP,1.0,117.18,10020 Bank : BOI current a/c GBP # 62100285,United Kingdom(Mainland),CARDSUCCESS,DDCARD PAYMENT:MESDDDQ55CKD303U1U3YD,2.0,,ch_3SIAotIdctIUMwHT0PYOGuFE,CPMT: 71862-DDI00024,CPMT: 71862-DDI00024-14/10/2025,
14/10/2025,74178,74178-DDI00018,Ndevor Systems Ltd : Phorest Ireland : Phorest UK,11010 Accounts Receivable : Trade Debtors,GBP,1.0,164.63,10020 Bank : BOI current a/c GBP # 62100285,United Kingdom(Mainland),CARDSUCCESS,DDCARD PAYMENT:MESDDDEUVQ3PNH938F7WB,2.0,,ch_3SIAowIdctIUMwHT0Tx1Fj9E,CPMT: 74178-DDI00018,CPMT: 74178-DDI00018-14/10/2025,
14/10/2025,80786,80786-DDI00015,Ndevor Systems Ltd : Phorest Ireland : Phorest UK,11010 Accounts Receivable : Trade Debtors,GBP,1.0,161.68,10020 Bank : BOI current a/c GBP # 62100285,United Kingdom(Mainland),CARDSUCCESS,DDCARD PAYMENT:MESDDDP465KLPM9NS4BXT,2.0,,ch_3SIAoyIdctIUMwHT0l3tenas,CPMT: 80786-DDI00015,CPMT: 80786-DDI00015-14/10/2025,
14/10/2025,8699,8699-DDI00221,Ndevor Systems Ltd : Phorest Ireland : Phorest UK,11010 Accounts Receivable : Trade Debtors,GBP,1.0,102.08,10020 Bank : BOI current a/c GBP # 62100285,United Kingdom(Mainland),CARDSUCCESS,DDCARD PAYMENT:MESDDD20K5IJ5QNDN0G58,2.0,,ch_3SIApEIdctIUMwHT168Abo1e,CPMT: 8699-DDI00221,CPMT: 8699-DDI00221-14/10/2025,
14/10/2025,11818,11818-DDI00107,Ndevor Systems Ltd : Phorest Ireland : Phorest UK,11010 Accounts Receivable : Trade Debtors,GBP,1.0,184.95,10020 Bank : BOI current a/c GBP # 62100285,United Kingdom(Mainland),CARDSUCCESS,DDCARD PAYMENT:MESDDD2FJ4R5JO10GS16E,2.0,,ch_3SIApsIdctIUMwHT2oYZFexu,CPMT: 11818-DDI00107,CPMT: 11818-DDI00107-14/10/2025,
14/10/2025,21969,21969-DDI00081,Ndevor Systems Ltd : Phorest Ireland : Phorest UK,11010 Accounts Receivable : Trade Debtors,GBP,1.0,277.87,10020 Bank : BOI current a/c GBP # 62100285,United Kingdom(Mainland),CARDSUCCESS,DDCARD PAYMENT:MESDDD0O0F69MKV2O6FK4,2.0,,ch_3SIAqGIdctIUMwHT0NSnDhWt,CPMT: 21969-DDI00081,CPMT: 21969-DDI00081-14/10/2025,
14/10/2025,22441,22441-DDI00086,Ndevor Systems Ltd : Phorest Ireland : Phorest UK,11010 Accounts Receivable : Trade Debtors,GBP,1.0,138.41,10020 Bank : BOI current a/c GBP # 62100285,United Kingdom(Mainland),CARDSUCCESS,DDCARD PAYMENT:MESDDD75P247D7TPITQ82,2.0,,ch_3SIAqIIdctIUMwHT2BOUTHl7,CPMT: 22441-DDI00086,CPMT: 22441-DDI00086-14/10/2025,
14/10/2025,31861,31861-DDI00116,Ndevor Systems Ltd : Phorest Ireland : Phorest UK,11010 Accounts Receivable : Trade Debtors,GBP,1.0,455.48,10020 Bank : BOI current a/c GBP # 62100285,United Kingdom(Mainland),CARDSUCCESS,DDCARD PAYMENT:MESDDD3M9OQ0Y17774Y4G,2.0,,ch_3SIAqRIdctIUMwHT0ksClk2a,CPMT: 31861-DDI00116,CPMT: 31861-DDI00116-14/10/2025,
14/10/2025,8077,8077-DDI00247,Ndevor Systems Ltd : Phorest Ireland : Phorest UK,11010 Accounts Receivable : Trade Debtors,GBP,1.0,93.98,10020 Bank : BOI current a/c GBP # 62100285,United Kingdom(Mainland),CARDSUCCESS,DDCARD PAYMENT:MESDDDW475ZTT1IF89X39,2.0,,ch_3SIAsTIdctIUMwHT2INUV3br,CPMT: 8077-DDI00247,CPMT: 8077-DDI00247-14/10/2025,
14/10/2025,8097,8097-DDI00250,Ndevor Systems Ltd : Phorest Ireland : Phorest UK,11010 Accounts Receivable : Trade Debtors,GBP,1.0,199.51,10020 Bank : BOI current a/c GBP # 62100285,United Kingdom(Mainland),CARDSUCCESS,DDCARD PAYMENT:MESDDDA0450VDTXARG65D,2.0,,ch_3SIAsVIdctIUMwHT0eewBc8q,CPMT: 8097-DDI00250,CPMT: 8097-DDI00250-14/10/2025,
14/10/2025,8102,8102-DDI00243,Ndevor Systems Ltd : Phorest Ireland : Phorest UK,11010 Accounts Receivable : Trade Debtors,GBP,1.0,192.61,10020 Bank : BOI current a/c GBP # 62100285,United Kingdom(Mainland),CARDSUCCESS,DDCARD PAYMENT:MESDDDEGC0BV3MQ4MBV7J,2.0,,ch_3SIAsYIdctIUMwHT2FDMgy7k,CPMT: 8102-DDI00243,CPMT: 8102-DDI00243-14/10/2025,
14/10/2025,8620,8620-DDI00177,Ndevor Systems Ltd : Phorest Ireland : Phorest UK,11010 Accounts Receivable : Trade Debtors,GBP,1.0,145.09,10020 Bank : BOI current a/c GBP # 62100285,United Kingdom(Mainland),CARDSUCCESS,DDCARD PAYMENT:MESDDDVJ007N0X930SHOV,2.0,,ch_3SIAthIdctIUMwHT1xm67TiT,CPMT: 8620-DDI00177,CPMT: 8620-DDI00177-14/10/2025,
14/10/2025,8625,8625-DDI00166,Ndevor Systems Ltd : Phorest Ireland : Phorest UK,11010 Accounts Receivable : Trade Debtors,GBP,1.0,129.96,10020 Bank : BOI current a/c GBP # 62100285,United Kingdom(Mainland),CARDSUCCESS,DDCARD PAYMENT:MESDDD40E82BH4A5DJ741,2.0,,ch_3SIAtjIdctIUMwHT1bIbOFK4,CPMT: 8625-DDI00166,CPMT: 8625-DDI00166-14/10/2025,
14/10/2025,8626,8626-DDI00218,Ndevor Systems Ltd : Phorest Ireland : Phorest UK,11010 Accounts Receivable : Trade Debtors,GBP,1.0,320.81,10020 Bank : BOI current a/c GBP # 62100285,United Kingdom(Mainland),CARDSUCCESS,DDCARD PAYMENT:MESDDD8J3576TL97WO6I2,2.0,,ch_3SIAtlIdctIUMwHT2Cx297ZK,CPMT: 8626-DDI00218,CPMT: 8626-DDI00218-14/10/2025,
14/10/2025,8634,8634-DDI00235,Ndevor Systems Ltd : Phorest Ireland : Phorest UK,11010 Accounts Receivable : Trade Debtors,GBP,1.0,255.56,10020 Bank : BOI current a/c GBP # 62100285,United Kingdom(Mainland),CARDSUCCESS,DDCARD PAYMENT:MESDDD1731N7072BJVJ87,2.0,,ch_3SIAtnIdctIUMwHT2eQcULVf,CPMT: 8634-DDI00235,CPMT: 8634-DDI00235-14/10/2025,
14/10/2025,8635,8635-DDI00206,Ndevor Systems Ltd : Phorest Ireland : Phorest UK,11010 Accounts Receivable : Trade Debtors,GBP,1.0,75.78,10020 Bank : BOI current a/c GBP # 62100285,United Kingdom(Mainland),CARDSUCCESS,DDCARD PAYMENT:MESDDDTFIO2LAT4946VY4,2.0,,ch_3SIAtqIdctIUMwHT22S49Iki,CPMT: 8635-DDI00206,CPMT: 8635-DDI00206-14/10/2025,
14/10/2025,8636,8636-DDI00168,Ndevor Systems Ltd : Phorest Ireland : Phorest UK,11010 Accounts Receivable : Trade Debtors,GBP,1.0,58.8,10020 Bank : BOI current a/c GBP # 62100285,United Kingdom(Mainland),CARDSUCCESS,DDCARD PAYMENT:MESDDDC1M9F7602I70I2Z,2.0,,ch_3SIAtsIdctIUMwHT15FxwZxQ,CPMT: 8636-DDI00168,CPMT: 8636-DDI00168-14/10/2025,
14/10/2025,8640,8640-DDI00217,Ndevor Systems Ltd : Phorest Ireland : Phorest UK,11010 Accounts Receivable : Trade Debtors,GBP,1.0,221.41,10020 Bank : BOI current a/c GBP # 62100285,United Kingdom(Mainland),CARDSUCCESS,DDCARD PAYMENT:MESDDD0V1RZ32TZ5GQYVH,2.0,,ch_3SIAtuIdctIUMwHT0wfaJjH7,CPMT: 8640-DDI00217,CPMT: 8640-DDI00217-14/10/2025,
14/10/2025,8641,8641-DDI00226,Ndevor Systems Ltd : Phorest Ireland : Phorest UK,11010 Accounts Receivable : Trade Debtors,GBP,1.0,129.41,10020 Bank : BOI current a/c GBP # 62100285,United Kingdom(Mainland),CARDSUCCESS,DDCARD PAYMENT:MESDDD2FUAJ6I2P7ZM870,2.0,,ch_3SIAtxIdctIUMwHT2vT7OvMd,CPMT: 8641-DDI00226,CPMT: 8641-DDI00226-14/10/2025,
14/10/2025,8649,8649-DDI00181,Ndevor Systems Ltd : Phorest Ireland : Phorest UK,11010 Accounts Receivable : Trade Debtors,GBP,1.0,89.45,10020 Bank : BOI current a/c GBP # 62100285,United Kingdom(Mainland),CARDSUCCESS,DDCARD PAYMENT:MESDDD8JDBR9MM44U26O0,2.0,,ch_3SIAtzIdctIUMwHT0gg967F4,CPMT: 8649-DDI00181,CPMT: 8649-DDI00181-14/10/2025,
14/10/2025,8681,8681-DDI00168,Ndevor Systems Ltd : Phorest Ireland : Phorest UK,11010 Accounts Receivable : Trade Debtors,GBP,1.0,96.74,10020 Bank : BOI current a/c GBP # 62100285,United Kingdom(NI),CARDSUCCESS,DDCARD PAYMENT:MESDDDX1KUZTPS56S294L,2.0,,ch_3SIAu1IdctIUMwHT2XHbCqaN,CPMT: 8681-DDI00168,CPMT: 8681-DDI00168-14/10/2025,
14/10/2025,8683,8683-DDI00159,Ndevor Systems Ltd : Phorest Ireland : Phorest UK,11010 Accounts Receivable : Trade Debtors,GBP,1.0,145.09,10020 Bank : BOI current a/c GBP # 62100285,United Kingdom(Mainland),CARDSUCCESS,DDCARD PAYMENT:MESDDD582S4E2SML4435I,2.0,,ch_3SIAu4IdctIUMwHT05oqMMtU,CPMT: 8683-DDI00159,CPMT: 8683-DDI00159-14/10/2025,
14/10/2025,8687,8687-DDI00156,Ndevor Systems Ltd : Phorest Ireland : Phorest UK,11010 Accounts Receivable : Trade Debtors,GBP,1.0,239.36,10020 Bank : BOI current a/c GBP # 62100285,United Kingdom(Mainland),CARDSUCCESS,DDCARD PAYMENT:MESDDDPADD1P1B7F4T63T,2.0,,ch_3SIAu6IdctIUMwHT010rx1xu,CPMT: 8687-DDI00156,CPMT: 8687-DDI00156-14/10/2025,
14/10/2025,8688,8688-DDI00186,Ndevor Systems Ltd : Phorest Ireland : Phorest UK,11010 Accounts Receivable : Trade Debtors,GBP,1.0,271.38,10020 Bank : BOI current a/c GBP # 62100285,United Kingdom(Mainland),CARDSUCCESS,DDCARD PAYMENT:MESDDDG0MS1BWAK95IA62,2.0,,ch_3SIAu8IdctIUMwHT2SzBs44p,CPMT: 8688-DDI00186,CPMT: 8688-DDI00186-14/10/2025,
14/10/2025,8689,8689-DDI00176,Ndevor Systems Ltd : Phorest Ireland : Phorest UK,11010 Accounts Receivable : Trade Debtors,GBP,1.0,196.39,10020 Bank : BOI current a/c GBP # 62100285,United Kingdom(Mainland),CARDSUCCESS,DDCARD PAYMENT:MESDDDOUU2NA368F9B0B4,2.0,,ch_3SIAuBIdctIUMwHT1reO7ZUE,CPMT: 8689-DDI00176,CPMT: 8689-DDI00176-14/10/2025,
14/10/2025,8696,8696-DDI00217,Ndevor Systems Ltd : Phorest Ireland : Phorest UK,11010 Accounts Receivable : Trade Debtors,GBP,1.0,301.4,10020 Bank : BOI current a/c GBP # 62100285,United Kingdom(Mainland),CARDSUCCESS,DDCARD PAYMENT:MESDDD53704RL3Q3AHW2E,2.0,,ch_3SIAuDIdctIUMwHT1hr3UwHe,CPMT: 8696-DDI00217,CPMT: 8696-DDI00217-14/10/2025,
14/10/2025,8704,8704-DDI00161,Ndevor Systems Ltd : Phorest Ireland : Phorest UK,11010 Accounts Receivable : Trade Debtors,GBP,1.0,213.59,10020 Bank : BOI current a/c GBP # 62100285,United Kingdom(Mainland),CARDSUCCESS,DDCARD PAYMENT:MESDDDC5F80I4A4JVK87K,2.0,,ch_3SIAuFIdctIUMwHT1WRdJmlE,CPMT: 8704-DDI00161,CPMT: 8704-DDI00161-14/10/2025,
14/10/2025,8712,8712-DDI00120,Ndevor Systems Ltd : Phorest Ireland : Phorest UK,11010 Accounts Receivable : Trade Debtors,GBP,1.0,62.84,10020 Bank : BOI current a/c GBP # 62100285,United Kingdom(Mainland),CARDSUCCESS,DDCARD PAYMENT:MESDDDN01N48F710B589Y,2.0,,ch_3SIAuIIdctIUMwHT1TpeZK5o,CPMT: 8712-DDI00120,CPMT: 8712-DDI00120-14/10/2025,
14/10/2025,8724,8724-DDI00165,Ndevor Systems Ltd : Phorest Ireland : Phorest UK,11010 Accounts Receivable : Trade Debtors,GBP,1.0,58.8,10020 Bank : BOI current a/c GBP # 62100285,United Kingdom(Mainland),CARDSUCCESS,DDCARD PAYMENT:MESDDD6365BJZSV09F79C,2.0,,ch_3SIAuNIdctIUMwHT0Z7ylY0I,CPMT: 8724-DDI00165,CPMT: 8724-DDI00165-14/10/2025,
14/10/2025,8733,8733-DDI00245,Ndevor Systems Ltd : Phorest Ireland : Phorest UK,11010 Accounts Receivable : Trade Debtors,GBP,1.0,297.29,10020 Bank : BOI current a/c GBP # 62100285,United Kingdom(Mainland),CARDSUCCESS,DDCARD PAYMENT:MESDDD9897L09TWFH29J0,2.0,,ch_3SIAuPIdctIUMwHT2R8EzTHE,CPMT: 8733-DDI00245,CPMT: 8733-DDI00245-14/10/2025,
14/10/2025,8735,8735-DDI00188,Ndevor Systems Ltd : Phorest Ireland : Phorest UK,11010 Accounts Receivable : Trade Debtors,GBP,1.0,93.08,10020 Bank : BOI current a/c GBP # 62100285,United Kingdom(Mainland),CARDSUCCESS,DDCARD PAYMENT:MESDDDEKGN5NW87IWCUTW,2.0,,ch_3SIAuRIdctIUMwHT03F3GEey,CPMT: 8735-DDI00188,CPMT: 8735-DDI00188-14/10/2025,
14/10/2025,8742,8742-DDI00162,Ndevor Systems Ltd : Phorest Ireland : Phorest UK,11010 Accounts Receivable : Trade Debtors,GBP,1.0,291.53,10020 Bank : BOI current a/c GBP # 62100285,United Kingdom(Mainland),CARDSUCCESS,DDCARD PAYMENT:MESDDDFPXV4044D73G688,2.0,,ch_3SIAuUIdctIUMwHT01hrsT6u,CPMT: 8742-DDI00162,CPMT: 8742-DDI00162-14/10/2025,
14/10/2025,8744,8744-DDI00213,Ndevor Systems Ltd : Phorest Ireland : Phorest UK,11010 Accounts Receivable : Trade Debtors,GBP,1.0,234.76,10020 Bank : BOI current a/c GBP # 62100285,United Kingdom(Mainland),CARDSUCCESS,DDCARD PAYMENT:MESDDDN4WLZ81I3Q7RA80,2.0,,ch_3SIAuZIdctIUMwHT1w7S3i84,CPMT: 8744-DDI00213,CPMT: 8744-DDI00213-14/10/2025,
14/10/2025,8771,8771-DDI00186,Ndevor Systems Ltd : Phorest Ireland : Phorest UK,11010 Accounts Receivable : Trade Debtors,GBP,1.0,190.8,10020 Bank : BOI current a/c GBP # 62100285,United Kingdom(Mainland),CARDSUCCESS,DDCARD PAYMENT:MESDDDU9985MVN462B13G,2.0,,ch_3SIAubIdctIUMwHT1UOvnxR3,CPMT: 8771-DDI00186,CPMT: 8771-DDI00186-14/10/2025,
14/10/2025,8584,8584-DDI00165,Ndevor Systems Ltd : Phorest Ireland : Phorest UK,11010 Accounts Receivable : Trade Debtors,GBP,1.0,58.8,10020 Bank : BOI current a/c GBP # 62100285,United Kingdom(Mainland),CARDSUCCESS,DDCARD PAYMENT:MESDDDEFJE2ULIW9GFCN7,2.0,,ch_3SIAteIdctIUMwHT02cX3JD4,CPMT: 8584-DDI00165,CPMT: 8584-DDI00165-14/10/2025,
14/10/2025,8546,8546-DDI00222,Ndevor Systems Ltd : Phorest Ireland : Phorest UK,11010 Accounts Receivable : Trade Debtors,GBP,1.0,237.1,10020 Bank : BOI current a/c GBP # 62100285,United Kingdom(Mainland),CARDSUCCESS,DDCARD PAYMENT:MESDDD40C1WJL7KAFOX35,2.0,,ch_3SIAtcIdctIUMwHT2bOQ8GPk,CPMT: 8546-DDI00222,CPMT: 8546-DDI00222-14/10/2025,
14/10/2025,8544,8544-DDI00167,Ndevor Systems Ltd : Phorest Ireland : Phorest UK,11010 Accounts Receivable : Trade Debtors,GBP,1.0,97.34,10020 Bank : BOI current a/c GBP # 62100285,United Kingdom(Mainland),CARDSUCCESS,DDCARD PAYMENT:MESDDDW5PQ44XC7Q969ZS,2.0,,ch_3SIAtaIdctIUMwHT13AmqjCH,CPMT: 8544-DDI00167,CPMT: 8544-DDI00167-14/10/2025,
14/10/2025,8536,8536-DDI00162,Ndevor Systems Ltd : Phorest Ireland : Phorest UK,11010 Accounts Receivable : Trade Debtors,GBP,1.0,58.8,10020 Bank : BOI current a/c GBP # 62100285,United Kingdom(Mainland),CARDSUCCESS,DDCARD PAYMENT:MESDDDG0631D67BL06MDA,2.0,,ch_3SIAtXIdctIUMwHT2Ey75UlK,CPMT: 8536-DDI00162,CPMT: 8536-DDI00162-14/10/2025,
14/10/2025,8359,8359-DDI00228,Ndevor Systems Ltd : Phorest Ireland : Phorest UK,11010 Accounts Receivable : Trade Debtors,GBP,1.0,92.28,10020 Bank : BOI current a/c GBP # 62100285,United Kingdom(Mainland),CARDSUCCESS,DDCARD PAYMENT:MESDDD727SQN9J0K2VF0M,2.0,,ch_3SIAsaIdctIUMwHT0qDv1UiN,CPMT: 8359-DDI00228,CPMT: 8359-DDI00228-14/10/2025,
14/10/2025,8364,8364-DDI00188,Ndevor Systems Ltd : Phorest Ireland : Phorest UK,11010 Accounts Receivable : Trade Debtors,GBP,1.0,126.65,10020 Bank : BOI current a/c GBP # 62100285,United Kingdom(Mainland),CARDSUCCESS,DDCARD PAYMENT:MESDDD4KJAVN83WP151LA,2.0,,ch_3SIAscIdctIUMwHT1vlSoaZl,CPMT: 8364-DDI00188,CPMT: 8364-DDI00188-14/10/2025,
14/10/2025,8373,8373-DDI00210,Ndevor Systems Ltd : Phorest Ireland : Phorest UK,11010 Accounts Receivable : Trade Debtors,GBP,1.0,121.46,10020 Bank : BOI current a/c GBP # 62100285,United Kingdom(Mainland),CARDSUCCESS,DDCARD PAYMENT:MESDDDZP1Q5DJJX67XB45,2.0,,ch_3SIAsfIdctIUMwHT1EFcCHJd,CPMT: 8373-DDI00210,CPMT: 8373-DDI00210-14/10/2025,
14/10/2025,8407,8407-DDI00179,Ndevor Systems Ltd : Phorest Ireland : Phorest UK,11010 Accounts Receivable : Trade Debtors,GBP,1.0,82.8,10020 Bank : BOI current a/c GBP # 62100285,United Kingdom(Mainland),CARDSUCCESS,DDCARD PAYMENT:MESDDD63471973XB2492E,2.0,,ch_3SIAshIdctIUMwHT0dR1KGRn,CPMT: 8407-DDI00179,CPMT: 8407-DDI00179-14/10/2025,
14/10/2025,8136,8136-DDI00188,Ndevor Systems Ltd : Phorest Ireland : Phorest UK,11010 Accounts Receivable : Trade Debtors,GBP,1.0,89.76,10020 Bank : BOI current a/c GBP # 62100285,United Kingdom(Mainland),CARDSUCCESS,DDCARD PAYMENT:MESDDD334FVS811F14O2Z,2.0,,ch_3SIAsjIdctIUMwHT0Le0furm,CPMT: 8136-DDI00188,CPMT: 8136-DDI00188-14/10/2025,
14/10/2025,8148,8148-DDI00183,Ndevor Systems Ltd : Phorest Ireland : Phorest UK,11010 Accounts Receivable : Trade Debtors,GBP,1.0,90.0,10020 Bank : BOI current a/c GBP # 62100285,United Kingdom(NI),CARDSUCCESS,DDCARD PAYMENT:MESDDD4M1O3BJ76ZB0G0Q,2.0,,ch_3SIAsmIdctIUMwHT2PFV7pNN,CPMT: 8148-DDI00183,CPMT: 8148-DDI00183-14/10/2025,
14/10/2025,8183,8183-DDI00204,Ndevor Systems Ltd : Phorest Ireland : Phorest UK,11010 Accounts Receivable : Trade Debtors,GBP,1.0,95.5,10020 Bank : BOI current a/c GBP # 62100285,United Kingdom(Mainland),CARDSUCCESS,DDCARD PAYMENT:MESDDD254R28VW14WRB09,2.0,,ch_3SIAsoIdctIUMwHT2fVtUgDV,CPMT: 8183-DDI00204,CPMT: 8183-DDI00204-14/10/2025,
14/10/2025,8236,8236-DDI00269,Ndevor Systems Ltd : Phorest Ireland : Phorest UK,11010 Accounts Receivable : Trade Debtors,GBP,1.0,225.74,10020 Bank : BOI current a/c GBP # 62100285,United Kingdom(Mainland),CARDSUCCESS,DDCARD PAYMENT:MESDDDPZ7ELENA035Y1I1,2.0,,ch_3SIAsqIdctIUMwHT2STyynQE,CPMT: 8236-DDI00269,CPMT: 8236-DDI00269-14/10/2025,
14/10/2025,8255,8255-DDI00177,Ndevor Systems Ltd : Phorest Ireland : Phorest UK,11010 Accounts Receivable : Trade Debtors,GBP,1.0,101.65,10020 Bank : BOI current a/c GBP # 62100285,United Kingdom(Mainland),CARDSUCCESS,DDCARD PAYMENT:MESDDDMURCJO886YP0C80,2.0,,ch_3SIAstIdctIUMwHT0cexU1aw,CPMT: 8255-DDI00177,CPMT: 8255-DDI00177-14/10/2025,
14/10/2025,8256,8256-DDI00247,Ndevor Systems Ltd : Phorest Ireland : Phorest UK,11010 Accounts Receivable : Trade Debtors,GBP,1.0,296.34,10020 Bank : BOI current a/c GBP # 62100285,United Kingdom(Mainland),CARDSUCCESS,DDCARD PAYMENT:MESDDDQA4654KXM2950N7,2.0,,ch_3SIAsvIdctIUMwHT1KjL1cKI,CPMT: 8256-DDI00247,CPMT: 8256-DDI00247-14/10/2025,
14/10/2025,8277,8277-DDI00190,Ndevor Systems Ltd : Phorest Ireland : Phorest UK,11010 Accounts Receivable : Trade Debtors,GBP,1.0,231.17,10020 Bank : BOI current a/c GBP # 62100285,United Kingdom(Mainland),CARDSUCCESS,DDCARD PAYMENT:MESDDD0N977H984LKYD9I,2.0,,ch_3SIAsxIdctIUMwHT1pKrKYVt,CPMT: 8277-DDI00190,CPMT: 8277-DDI00190-14/10/2025,
14/10/2025,8787,8787-DDI00225,Ndevor Systems Ltd : Phorest Ireland : Phorest UK,11010 Accounts Receivable : Trade Debtors,GBP,1.0,398.84,10020 Bank : BOI current a/c GBP # 62100285,United Kingdom(Mainland),CARDSUCCESS,DDCARD PAYMENT:MESDDDM45XUQACDAW301V,2.0,,ch_3SIAufIdctIUMwHT0y6bkeZ5,CPMT: 8787-DDI00225,CPMT: 8787-DDI00225-14/10/2025,
14/10/2025,8296,8296-DDI00249,Ndevor Systems Ltd : Phorest Ireland : Phorest UK,11010 Accounts Receivable : Trade Debtors,GBP,1.0,97.81,10020 Bank : BOI current a/c GBP # 62100285,United Kingdom(Mainland),CARDSUCCESS,DDCARD PAYMENT:MESDDDOLV5A3M1V969JWT,2.0,,ch_3SIAszIdctIUMwHT0CNiXG8m,CPMT: 8296-DDI00249,CPMT: 8296-DDI00249-14/10/2025,
14/10/2025,8439,8439-DDI00233,Ndevor Systems Ltd : Phorest Ireland : Phorest UK,11010 Accounts Receivable : Trade Debtors,GBP,1.0,206.0,10020 Bank : BOI current a/c GBP # 62100285,United Kingdom(Mainland),CARDSUCCESS,DDCARD PAYMENT:MESDDD52XQ3B3G9MDE40A,2.0,,ch_3SIAt4IdctIUMwHT2M29nAPA,CPMT: 8439-DDI00233,CPMT: 8439-DDI00233-14/10/2025,
14/10/2025,8448,8448-DDI00202,Ndevor Systems Ltd : Phorest Ireland : Phorest UK,11010 Accounts Receivable : Trade Debtors,GBP,1.0,40.8,10020 Bank : BOI current a/c GBP # 62100285,United Kingdom(Mainland),CARDSUCCESS,DDCARD PAYMENT:MESDDD36V0ZV03OY9O9H8,2.0,,ch_3SIAt6IdctIUMwHT2XZ7gyWr,CPMT: 8448-DDI00202,CPMT: 8448-DDI00202-14/10/2025,
14/10/2025,8452,8452-DDI00173,Ndevor Systems Ltd : Phorest Ireland : Phorest UK,11010 Accounts Receivable : Trade Debtors,GBP,1.0,205.92,10020 Bank : BOI current a/c GBP # 62100285,United Kingdom(Mainland),CARDSUCCESS,DDCARD PAYMENT:MESDDDJ9CR98JOEAX3209,2.0,,ch_3SIAt9IdctIUMwHT2WvoQCPc,CPMT: 8452-DDI00173,CPMT: 8452-DDI00173-14/10/2025,
14/10/2025,8465,8465-DDI00248,Ndevor Systems Ltd : Phorest Ireland : Phorest UK,11010 Accounts Receivable : Trade Debtors,GBP,1.0,221.63,10020 Bank : BOI current a/c GBP # 62100285,United Kingdom(Mainland),CARDSUCCESS,DDCARD PAYMENT:MESDDDD1592H6LLZMSU98,2.0,,ch_3SIAtBIdctIUMwHT2xwV9jxn,CPMT: 8465-DDI00248,CPMT: 8465-DDI00248-14/10/2025,
14/10/2025,8466,8466-DDI00179,Ndevor Systems Ltd : Phorest Ireland : Phorest UK,11010 Accounts Receivable : Trade Debtors,GBP,1.0,166.8,10020 Bank : BOI current a/c GBP # 62100285,United Kingdom(NI),CARDSUCCESS,DDCARD PAYMENT:MESDDD67OVDJ461X6DEZ4,2.0,,ch_3SIAtDIdctIUMwHT2ouyowL0,CPMT: 8466-DDI00179,CPMT: 8466-DDI00179-14/10/2025,
14/10/2025,8480,8480-DDI00178,Ndevor Systems Ltd : Phorest Ireland : Phorest UK,11010 Accounts Receivable : Trade Debtors,GBP,1.0,103.28,10020 Bank : BOI current a/c GBP # 62100285,United Kingdom(Mainland),CARDSUCCESS,DDCARD PAYMENT:MESDDD2QCB0WA4I3PH0E3,2.0,,ch_3SIAtGIdctIUMwHT2nk2BKhQ,CPMT: 8480-DDI00178,CPMT: 8480-DDI00178-14/10/2025,
14/10/2025,8497,8497-DDI00219,Ndevor Systems Ltd : Phorest Ireland : Phorest UK,11010 Accounts Receivable : Trade Debtors,GBP,1.0,133.0,10020 Bank : BOI current a/c GBP # 62100285,United Kingdom(NI),CARDSUCCESS,DDCARD PAYMENT:MESDDDI57487J7LT0XSE3,2.0,,ch_3SIAtIIdctIUMwHT1s3KoFWh,CPMT: 8497-DDI00219,CPMT: 8497-DDI00219-14/10/2025,
14/10/2025,8498,8498-DDI00194,Ndevor Systems Ltd : Phorest Ireland : Phorest UK,11010 Accounts Receivable : Trade Debtors,GBP,1.0,354.9,10020 Bank : BOI current a/c GBP # 62100285,United Kingdom(Mainland),CARDSUCCESS,DDCARD PAYMENT:MESDDDL3CQS6X9T3BTV6U,2.0,,ch_3SIAtLIdctIUMwHT0rxoQacS,CPMT: 8498-DDI00194,CPMT: 8498-DDI00194-14/10/2025,
14/10/2025,8503,8503-DDI00167,Ndevor Systems Ltd : Phorest Ireland : Phorest UK,11010 Accounts Receivable : Trade Debtors,GBP,1.0,58.8,10020 Bank : BOI current a/c GBP # 62100285,United Kingdom(Mainland),CARDSUCCESS,DDCARD PAYMENT:MESDDDAOLPM7496I7GZ4M,2.0,,ch_3SIAtOIdctIUMwHT2O3E9Z5F,CPMT: 8503-DDI00167,CPMT: 8503-DDI00167-14/10/2025,
14/10/2025,8509,8509-DDI00243,Ndevor Systems Ltd : Phorest Ireland : Phorest UK,11010 Accounts Receivable : Trade Debtors,GBP,1.0,254.89,10020 Bank : BOI current a/c GBP # 62100285,United Kingdom(Mainland),CARDSUCCESS,DDCARD PAYMENT:MESDDDYR9DZH90E8GRN6E,2.0,,ch_3SIAtQIdctIUMwHT2egLAuyY,CPMT: 8509-DDI00243,CPMT: 8509-DDI00243-14/10/2025,
14/10/2025,8529,8529-DDI00169,Ndevor Systems Ltd : Phorest Ireland : Phorest UK,11010 Accounts Receivable : Trade Debtors,GBP,1.0,24.0,10020 Bank : BOI current a/c GBP # 62100285,United Kingdom(Mainland),CARDSUCCESS,DDCARD PAYMENT:MESDDD3DL6J00YKCFIZI1,2.0,,ch_3SIAtVIdctIUMwHT11cXOKMl,CPMT: 8529-DDI00169,CPMT: 8529-DDI00169-14/10/2025,
14/10/2025,8324,8324-DDI00228,Ndevor Systems Ltd : Phorest Ireland : Phorest UK,11010 Accounts Receivable : Trade Debtors,GBP,1.0,126.05,10020 Bank : BOI current a/c GBP # 62100285,United Kingdom(Mainland),CARDSUCCESS,DDCARD PAYMENT:MESDDDL7280O02H9RZORP,2.0,,ch_3SIAt2IdctIUMwHT1LsE3UM5,CPMT: 8324-DDI00228,CPMT: 8324-DDI00228-14/10/2025,
14/10/2025,10540,10540-DDI00157,Ndevor Systems Ltd : Phorest Ireland : Phorest UK,11010 Accounts Receivable : Trade Debtors,GBP,1.0,82.8,10020 Bank : BOI current a/c GBP # 62100285,United Kingdom(Mainland),CARDSUCCESS,DDCARD PAYMENT:MESDDDL5EVX8KNP772574,2.0,,ch_3SIAzZIdctIUMwHT1zjhIlsW,CPMT: 10540-DDI00157,CPMT: 10540-DDI00157-14/10/2025,
14/10/2025,8961,8961-DDI00178,Ndevor Systems Ltd : Phorest Ireland : Phorest UK,11010 Accounts Receivable : Trade Debtors,GBP,1.0,320.9,10020 Bank : BOI current a/c GBP # 62100285,United Kingdom(Mainland),CARDSUCCESS,DDCARD PAYMENT:MESDDDHCM6V6FYNFL16C9,2.0,,ch_3SIAvTIdctIUMwHT1Ieym8Jw,CPMT: 8961-DDI00178,CPMT: 8961-DDI00178-14/10/2025,
14/10/2025,10591,10591-DDI00177,Ndevor Systems Ltd : Phorest Ireland : Phorest UK,11010 Accounts Receivable : Trade Debtors,GBP,1.0,82.8,10020 Bank : BOI current a/c GBP # 62100285,United Kingdom(Mainland),CARDSUCCESS,DDCARD PAYMENT:MESDDD68V9Q2KM8L74O94,2.0,,ch_3SIAzeIdctIUMwHT2J9OzJgM,CPMT: 10591-DDI00177,CPMT: 10591-DDI00177-14/10/2025,
14/10/2025,13353,13353-DDI00123,Ndevor Systems Ltd : Phorest Ireland : Phorest UK,11010 Accounts Receivable : Trade Debtors,GBP,1.0,94.8,10020 Bank : BOI current a/c GBP # 62100285,United Kingdom(NI),CARDSUCCESS,DDCARD PAYMENT:MESDDD9CLU821222WNE38,2.0,,ch_3SIB5aIdctIUMwHT1Sg1iJZF,CPMT: 13353-DDI00123,CPMT: 13353-DDI00123-14/10/2025,
14/10/2025,13379,13379-DDI00176,Ndevor Systems Ltd : Phorest Ireland : Phorest UK,11010 Accounts Receivable : Trade Debtors,GBP,1.0,331.36,10020 Bank : BOI current a/c GBP # 62100285,United Kingdom(Mainland),CARDSUCCESS,DDCARD PAYMENT:MESDDD673DA98A2Y699D4,2.0,,ch_3SIB5cIdctIUMwHT1mwLBxFW,CPMT: 13379-DDI00176,CPMT: 13379-DDI00176-14/10/2025,
14/10/2025,13393,13393-DDI00100,Ndevor Systems Ltd : Phorest Ireland : Phorest UK,11010 Accounts Receivable : Trade Debtors,GBP,1.0,120.74,10020 Bank : BOI current a/c GBP # 62100285,United Kingdom(Mainland),CARDSUCCESS,DDCARD PAYMENT:MESDDDGNR58TSP3TID5B7,2.0,,ch_3SIB5fIdctIUMwHT0O0wM9RX,CPMT: 13393-DDI00100,CPMT: 13393-DDI00100-14/10/2025,
14/10/2025,14219,14219-DDI00115,Ndevor Systems Ltd : Phorest Ireland : Phorest UK,11010 Accounts Receivable : Trade Debtors,GBP,1.0,190.8,10020 Bank : BOI current a/c GBP # 62100285,United Kingdom(Mainland),CARDSUCCESS,DDCARD PAYMENT:MESDDDZ749GWX162B5ZTL,2.0,,ch_3SIB5hIdctIUMwHT1D0JUpTI,CPMT: 14219-DDI00115,CPMT: 14219-DDI00115-14/10/2025,
14/10/2025,14221,14221-DDI00158,Ndevor Systems Ltd : Phorest Ireland : Phorest UK,11010 Accounts Receivable : Trade Debtors,GBP,1.0,346.0,10020 Bank : BOI current a/c GBP # 62100285,United Kingdom(Mainland),CARDSUCCESS,DDCARD PAYMENT:MESDDD71LEWZN2375BSGV,2.0,,ch_3SIB5jIdctIUMwHT29RH7wdI,CPMT: 14221-DDI00158,CPMT: 14221-DDI00158-14/10/2025,
14/10/2025,14244,14244-DDI00154,Ndevor Systems Ltd : Phorest Ireland : Phorest UK,11010 Accounts Receivable : Trade Debtors,GBP,1.0,184.15,10020 Bank : BOI current a/c GBP # 62100285,United Kingdom(Mainland),CARDSUCCESS,DDCARD PAYMENT:MESDDD8LV0DXJECA138VU,2.0,,ch_3SIB5lIdctIUMwHT0mjdvp2E,CPMT: 14244-DDI00154,CPMT: 14244-DDI00154-14/10/2025,
14/10/2025,14279,14279-DDI00153,Ndevor Systems Ltd : Phorest Ireland : Phorest UK,11010 Accounts Receivable : Trade Debtors,GBP,1.0,205.67,10020 Bank : BOI current a/c GBP # 62100285,United Kingdom(Mainland),CARDSUCCESS,DDCARD PAYMENT:MESDDDU0S4X9M1117VA47,2.0,,ch_3SIB5oIdctIUMwHT0pe0TX2z,CPMT: 14279-DDI00153,CPMT: 14279-DDI00153-14/10/2025,
14/10/2025,14368,14368-DDI00133,Ndevor Systems Ltd : Phorest Ireland : Phorest UK,11010 Accounts Receivable : Trade Debtors,GBP,1.0,250.79,10020 Bank : BOI current a/c GBP # 62100285,United Kingdom(NI),CARDSUCCESS,DDCARD PAYMENT:MESDDDM0AVQT887N1EB71,2.0,,ch_3SIB5qIdctIUMwHT0oJ8qERY,CPMT: 14368-DDI00133,CPMT: 14368-DDI00133-14/10/2025,
14/10/2025,14377,14377-DDI00142,Ndevor Systems Ltd : Phorest Ireland : Phorest UK,11010 Accounts Receivable : Trade Debtors,GBP,1.0,231.71,10020 Bank : BOI current a/c GBP # 62100285,United Kingdom(Mainland),CARDSUCCESS,DDCARD PAYMENT:MESDDD7M5Z9QI0YZ0972T,2.0,,ch_3SIB5sIdctIUMwHT1ipVERmn,CPMT: 14377-DDI00142,CPMT: 14377-DDI00142-14/10/2025,
14/10/2025,14450,14450-DDI00097,Ndevor Systems Ltd : Phorest Ireland : Phorest UK,11010 Accounts Receivable : Trade Debtors,GBP,1.0,152.56,10020 Bank : BOI current a/c GBP # 62100285,United Kingdom(NI),CARDSUCCESS,DDCARD PAYMENT:MESDDDMS3NU8EI1A7U6Z4,2.0,,ch_3SIB5vIdctIUMwHT1ArJ7hkM,CPMT: 14450-DDI00097,CPMT: 14450-DDI00097-14/10/2025,
14/10/2025,14556,14556-DDI00150,Ndevor Systems Ltd : Phorest Ireland : Phorest UK,11010 Accounts Receivable : Trade Debtors,GBP,1.0,203.32,10020 Bank : BOI current a/c GBP # 62100285,United Kingdom(Mainland),CARDSUCCESS,DDCARD PAYMENT:MESDDDWBB23TX32M38413,2.0,,ch_3SIB5xIdctIUMwHT2zizAc1R,CPMT: 14556-DDI00150,CPMT: 14556-DDI00150-14/10/2025,
14/10/2025,14674,14674-DDI00114,Ndevor Systems Ltd : Phorest Ireland : Phorest UK,11010 Accounts Receivable : Trade Debtors,GBP,1.0,178.8,10020 Bank : BOI current a/c GBP # 62100285,United Kingdom(Mainland),CARDSUCCESS,DDCARD PAYMENT:MESDDDDGOTZ2OD4GK8CJ0,2.0,,ch_3SIB62IdctIUMwHT0yFzM4MW,CPMT: 14674-DDI00114,CPMT: 14674-DDI00114-14/10/2025,
14/10/2025,14722,14722-DDI00117,Ndevor Systems Ltd : Phorest Ireland : Phorest UK,11010 Accounts Receivable : Trade Debtors,GBP,1.0,130.81,10020 Bank : BOI current a/c GBP # 62100285,United Kingdom(Mainland),CARDSUCCESS,DDCARD PAYMENT:MESDDD7A6O831E1V405R0,2.0,,ch_3SIB65IdctIUMwHT1hHaWQ0J,CPMT: 14722-DDI00117,CPMT: 14722-DDI00117-14/10/2025,
14/10/2025,14787,14787-DDI00172,Ndevor Systems Ltd : Phorest Ireland : Phorest UK,11010 Accounts Receivable : Trade Debtors,GBP,1.0,347.14,10020 Bank : BOI current a/c GBP # 62100285,United Kingdom(Mainland),CARDSUCCESS,DDCARD PAYMENT:MESDDD81LPAREU04V5N8P,2.0,,ch_3SIB67IdctIUMwHT0iT7Td1T,CPMT: 14787-DDI00172,CPMT: 14787-DDI00172-14/10/2025,
14/10/2025,14798,14798-DDI00153,Ndevor Systems Ltd : Phorest Ireland : Phorest UK,11010 Accounts Receivable : Trade Debtors,GBP,1.0,58.8,10020 Bank : BOI current a/c GBP # 62100285,United Kingdom(Mainland),CARDSUCCESS,DDCARD PAYMENT:MESDDD3334S6OG1OP34A5,2.0,,ch_3SIB69IdctIUMwHT1YVKKZAC,CPMT: 14798-DDI00153,CPMT: 14798-DDI00153-14/10/2025,
14/10/2025,14838,14838-DDI00157,Ndevor Systems Ltd : Phorest Ireland : Phorest UK,11010 Accounts Receivable : Trade Debtors,GBP,1.0,142.4,10020 Bank : BOI current a/c GBP # 62100285,United Kingdom(Mainland),CARDSUCCESS,DDCARD PAYMENT:MESDDDL7D9NVT00WM2IMD,2.0,,ch_3SIB6BIdctIUMwHT1PJrxRTS,CPMT: 14838-DDI00157,CPMT: 14838-DDI00157-14/10/2025,
14/10/2025,14984,14984-DDI00170,Ndevor Systems Ltd : Phorest Ireland : Phorest UK,11010 Accounts Receivable : Trade Debtors,GBP,1.0,191.14,10020 Bank : BOI current a/c GBP # 62100285,United Kingdom(Mainland),CARDSUCCESS,DDCARD PAYMENT:MESDDD3L4AO6U35T4T73V,2.0,,ch_3SIB6EIdctIUMwHT04RMvmmU,CPMT: 14984-DDI00170,CPMT: 14984-DDI00170-14/10/2025,
14/10/2025,15134,15134-DDI00147,Ndevor Systems Ltd : Phorest Ireland : Phorest UK,11010 Accounts Receivable : Trade Debtors,GBP,1.0,186.31,10020 Bank : BOI current a/c GBP # 62100285,United Kingdom(Mainland),CARDSUCCESS,DDCARD PAYMENT:MESDDDA084IB1662RV1V9,2.0,,ch_3SIB6GIdctIUMwHT2ydGJ1XB,CPMT: 15134-DDI00147,CPMT: 15134-DDI00147-14/10/2025,
14/10/2025,15148,15148-DDI00145,Ndevor Systems Ltd : Phorest Ireland : Phorest UK,11010 Accounts Receivable : Trade Debtors,GBP,1.0,130.8,10020 Bank : BOI current a/c GBP # 62100285,United Kingdom(Mainland),CARDSUCCESS,DDCARD PAYMENT:MESDDD865YAS521220A5I,2.0,,ch_3SIB6JIdctIUMwHT2jzJlPgz,CPMT: 15148-DDI00145,CPMT: 15148-DDI00145-14/10/2025,
14/10/2025,15242,15242-DDI00155,Ndevor Systems Ltd : Phorest Ireland : Phorest UK,11010 Accounts Receivable : Trade Debtors,GBP,1.0,190.8,10020 Bank : BOI current a/c GBP # 62100285,United Kingdom(Mainland),CARDSUCCESS,DDCARD PAYMENT:MESDDDR34F0CIT9DJ0I36,2.0,,ch_3SIB6LIdctIUMwHT2bItlA04,CPMT: 15242-DDI00155,CPMT: 15242-DDI00155-14/10/2025,
14/10/2025,15253,15253-DDI00135,Ndevor Systems Ltd : Phorest Ireland : Phorest UK,11010 Accounts Receivable : Trade Debtors,GBP,1.0,240.86,10020 Bank : BOI current a/c GBP # 62100285,United Kingdom(Mainland),CARDSUCCESS,DDCARD PAYMENT:MESDDDSC03Y5Y0DHZ1ZJQ,2.0,,ch_3SIB6NIdctIUMwHT0r2hTEPB,CPMT: 15253-DDI00135,CPMT: 15253-DDI00135-14/10/2025,
14/10/2025,15323,15323-DDI00145,Ndevor Systems Ltd : Phorest Ireland : Phorest UK,11010 Accounts Receivable : Trade Debtors,GBP,1.0,118.8,10020 Bank : BOI current a/c GBP # 62100285,United Kingdom(Mainland),CARDSUCCESS,DDCARD PAYMENT:MESDDD9PCGCLPP897162T,2.0,,ch_3SIB6QIdctIUMwHT1aUj9HJJ,CPMT: 15323-DDI00145,CPMT: 15323-DDI00145-14/10/2025,
14/10/2025,15366,15366-DDI00114,Ndevor Systems Ltd : Phorest Ireland : Phorest UK,11010 Accounts Receivable : Trade Debtors,GBP,1.0,174.88,10020 Bank : BOI current a/c GBP # 62100285,United Kingdom(Mainland),CARDSUCCESS,DDCARD PAYMENT:MESDDD3B1B02QT741Q092,2.0,,ch_3SIB6SIdctIUMwHT2YUgckoH,CPMT: 15366-DDI00114,CPMT: 15366-DDI00114-14/10/2025,
14/10/2025,13323,13323-DDI00127,Ndevor Systems Ltd : Phorest Ireland : Phorest UK,11010 Accounts Receivable : Trade Debtors,GBP,1.0,183.16,10020 Bank : BOI current a/c GBP # 62100285,United Kingdom(Mainland),CARDSUCCESS,DDCARD PAYMENT:MESDDDN1832E9A6WSYL0O,2.0,,ch_3SIB5YIdctIUMwHT05GSBJ8j,CPMT: 13323-DDI00127,CPMT: 13323-DDI00127-14/10/2025,
14/10/2025,15452,15452-DDI00112,Ndevor Systems Ltd : Phorest Ireland : Phorest UK,11010 Accounts Receivable : Trade Debtors,GBP,1.0,361.12,10020 Bank : BOI current a/c GBP # 62100285,United Kingdom(Mainland),CARDSUCCESS,DDCARD PAYMENT:MESDDD62DB54RZW534QV1,2.0,,ch_3SIB6UIdctIUMwHT2vJUNgQg,CPMT: 15452-DDI00112,CPMT: 15452-DDI00112-14/10/2025,
14/10/2025,13267,13267-DDI00153,Ndevor Systems Ltd : Phorest Ireland : Phorest UK,11010 Accounts Receivable : Trade Debtors,GBP,1.0,257.29,10020 Bank : BOI current a/c GBP # 62100285,United Kingdom(Mainland),CARDSUCCESS,DDCARD PAYMENT:MESDDDL581QL47R0HTJ4A,2.0,,ch_3SIB5VIdctIUMwHT2N6spg33,CPMT: 13267-DDI00153,CPMT: 13267-DDI00153-14/10/2025,
14/10/2025,13065,13065-DDI00176,Ndevor Systems Ltd : Phorest Ireland : Phorest UK,11010 Accounts Receivable : Trade Debtors,GBP,1.0,123.42,10020 Bank : BOI current a/c GBP # 62100285,United Kingdom(Mainland),CARDSUCCESS,DDCARD PAYMENT:MESDDD1U2D257IQ60G3Z8,2.0,,ch_3SIB5OIdctIUMwHT2Y9JLjwe,CPMT: 13065-DDI00176,CPMT: 13065-DDI00176-14/10/2025,
14/10/2025,12137,12137-DDI00105,Ndevor Systems Ltd : Phorest Ireland : Phorest UK,11010 Accounts Receivable : Trade Debtors,GBP,1.0,126.26,10020 Bank : BOI current a/c GBP # 62100285,United Kingdom(Mainland),CARDSUCCESS,DDCARD PAYMENT:MESDDDQJWA285C7NIL9EH,2.0,,ch_3SIB4LIdctIUMwHT08rDGAoS,CPMT: 12137-DDI00105,CPMT: 12137-DDI00105-14/10/2025,
14/10/2025,12151,12151-DDI00137,Ndevor Systems Ltd : Phorest Ireland : Phorest UK,11010 Accounts Receivable : Trade Debtors,GBP,1.0,122.24,10020 Bank : BOI current a/c GBP # 62100285,United Kingdom(NI),CARDSUCCESS,DDCARD PAYMENT:MESDDD39GO5KA80LHKZR8,2.0,,ch_3SIB4NIdctIUMwHT24chY2Uy,CPMT: 12151-DDI00137,CPMT: 12151-DDI00137-14/10/2025,
14/10/2025,12162,12162-DDI00140,Ndevor Systems Ltd : Phorest Ireland : Phorest UK,11010 Accounts Receivable : Trade Debtors,GBP,1.0,130.8,10020 Bank : BOI current a/c GBP # 62100285,United Kingdom(Mainland),CARDSUCCESS,DDCARD PAYMENT:MESDDDHS61RP705PM9BY5,2.0,,ch_3SIB4PIdctIUMwHT0485DgHA,CPMT: 12162-DDI00140,CPMT: 12162-DDI00140-14/10/2025,
14/10/2025,12163,12163-DDI00144,Ndevor Systems Ltd : Phorest Ireland : Phorest UK,11010 Accounts Receivable : Trade Debtors,GBP,1.0,147.5,10020 Bank : BOI current a/c GBP # 62100285,United Kingdom(Mainland),CARDSUCCESS,DDCARD PAYMENT:MESDDD4VK0WQO5UNHU10L,2.0,,ch_3SIB4SIdctIUMwHT0pKYkZHx,CPMT: 12163-DDI00144,CPMT: 12163-DDI00144-14/10/2025,
14/10/2025,12164,12164-DDI00148,Ndevor Systems Ltd : Phorest Ireland : Phorest UK,11010 Accounts Receivable : Trade Debtors,GBP,1.0,266.09,10020 Bank : BOI current a/c GBP # 62100285,United Kingdom(Mainland),CARDSUCCESS,DDCARD PAYMENT:MESDDDUSOP44Q8DWJ63S1,2.0,,ch_3SIB4UIdctIUMwHT1iYfbfcU,CPMT: 12164-DDI00148,CPMT: 12164-DDI00148-14/10/2025,
14/10/2025,12175,12175-DDI00149,Ndevor Systems Ltd : Phorest Ireland : Phorest UK,11010 Accounts Receivable : Trade Debtors,GBP,1.0,150.97,10020 Bank : BOI current a/c GBP # 62100285,United Kingdom(Mainland),CARDSUCCESS,DDCARD PAYMENT:MESDDDY638310OAXQH779,2.0,,ch_3SIB4WIdctIUMwHT21kqAy2g,CPMT: 12175-DDI00149,CPMT: 12175-DDI00149-14/10/2025,
14/10/2025,12176,12176-DDI00123,Ndevor Systems Ltd : Phorest Ireland : Phorest UK,11010 Accounts Receivable : Trade Debtors,GBP,1.0,197.28,10020 Bank : BOI current a/c GBP # 62100285,United Kingdom(Mainland),CARDSUCCESS,DDCARD PAYMENT:MESDDDKK7T0K4864M697H,2.0,,ch_3SIB4ZIdctIUMwHT0S7Y1qvD,CPMT: 12176-DDI00123,CPMT: 12176-DDI00123-14/10/2025,
14/10/2025,12186,12186-DDI00171,Ndevor Systems Ltd : Phorest Ireland : Phorest UK,11010 Accounts Receivable : Trade Debtors,GBP,1.0,340.04,10020 Bank : BOI current a/c GBP # 62100285,United Kingdom(Mainland),CARDSUCCESS,DDCARD PAYMENT:MESDDDQY592QNK2110COM,2.0,,ch_3SIB4bIdctIUMwHT2SDnfvuD,CPMT: 12186-DDI00171,CPMT: 12186-DDI00171-14/10/2025,
14/10/2025,12189,12189-DDI00121,Ndevor Systems Ltd : Phorest Ireland : Phorest UK,11010 Accounts Receivable : Trade Debtors,GBP,1.0,190.8,10020 Bank : BOI current a/c GBP # 62100285,United Kingdom(Mainland),CARDSUCCESS,DDCARD PAYMENT:MESDDDQ18ZF704JM2ZL58,2.0,,ch_3SIB4dIdctIUMwHT0ji7KJ23,CPMT: 12189-DDI00121,CPMT: 12189-DDI00121-14/10/2025,
14/10/2025,12061,12061-DDI00152,Ndevor Systems Ltd : Phorest Ireland : Phorest UK,11010 Accounts Receivable : Trade Debtors,GBP,1.0,239.69,10020 Bank : BOI current a/c GBP # 62100285,United Kingdom(Mainland),CARDSUCCESS,DDCARD PAYMENT:MESDDD5C23W0E1DIVJT6R,2.0,,ch_3SIB4lIdctIUMwHT2o9ONmo2,CPMT: 12061-DDI00152,CPMT: 12061-DDI00152-14/10/2025,
14/10/2025,12261,12261-DDI00164,Ndevor Systems Ltd : Phorest Ireland : Phorest UK,11010 Accounts Receivable : Trade Debtors,GBP,1.0,229.32,10020 Bank : BOI current a/c GBP # 62100285,United Kingdom(Mainland),CARDSUCCESS,DDCARD PAYMENT:MESDDD047F8O70ZC622BW,2.0,,ch_3SIB4nIdctIUMwHT0d9Ng8ck,CPMT: 12261-DDI00164,CPMT: 12261-DDI00164-14/10/2025,
14/10/2025,12371,12371-DDI00159,Ndevor Systems Ltd : Phorest Ireland : Phorest UK,11010 Accounts Receivable : Trade Debtors,GBP,1.0,277.66,10020 Bank : BOI current a/c GBP # 62100285,United Kingdom(Mainland),CARDSUCCESS,DDCARD PAYMENT:MESDDDH62FO9TPR40270Q,2.0,,ch_3SIB4pIdctIUMwHT1GWEz4xG,CPMT: 12371-DDI00159,CPMT: 12371-DDI00159-14/10/2025,
14/10/2025,12418,12418-DDI00154,Ndevor Systems Ltd : Phorest Ireland : Phorest UK,11010 Accounts Receivable : Trade Debtors,GBP,1.0,238.08,10020 Bank : BOI current a/c GBP # 62100285,United Kingdom(Mainland),CARDSUCCESS,DDCARD PAYMENT:MESDDD9F7T948X63W2IDH,2.0,,ch_3SIB4sIdctIUMwHT1Z2dTfnC,CPMT: 12418-DDI00154,CPMT: 12418-DDI00154-14/10/2025,
14/10/2025,12472,12472-DDI00167,Ndevor Systems Ltd : Phorest Ireland : Phorest UK,11010 Accounts Receivable : Trade Debtors,GBP,1.0,201.9,10020 Bank : BOI current a/c GBP # 62100285,United Kingdom(Mainland),CARDSUCCESS,DDCARD PAYMENT:MESDDD581IBFXF1C3U1WQ,2.0,,ch_3SIB4uIdctIUMwHT1qLYUHaV,CPMT: 12472-DDI00167,CPMT: 12472-DDI00167-14/10/2025,
14/10/2025,12542,12542-DDI00152,Ndevor Systems Ltd : Phorest Ireland : Phorest UK,11010 Accounts Receivable : Trade Debtors,GBP,1.0,190.8,10020 Bank : BOI current a/c GBP # 62100285,United Kingdom(Mainland),CARDSUCCESS,DDCARD PAYMENT:MESDDDMP47NP90HJ78153,2.0,,ch_3SIB4xIdctIUMwHT0054iMLL,CPMT: 12542-DDI00152,CPMT: 12542-DDI00152-14/10/2025,
14/10/2025,12620,12620-DDI00178,Ndevor Systems Ltd : Phorest Ireland : Phorest UK,11010 Accounts Receivable : Trade Debtors,GBP,1.0,142.8,10020 Bank : BOI current a/c GBP # 62100285,United Kingdom(Mainland),CARDSUCCESS,DDCARD PAYMENT:MESDDDKUJXJ5K6Q529NZT,2.0,,ch_3SIB4zIdctIUMwHT2CfVTccK,CPMT: 12620-DDI00178,CPMT: 12620-DDI00178-14/10/2025,
14/10/2025,12643,12643-DDI00167,Ndevor Systems Ltd : Phorest Ireland : Phorest UK,11010 Accounts Receivable : Trade Debtors,GBP,1.0,186.2,10020 Bank : BOI current a/c GBP # 62100285,United Kingdom(NI),CARDSUCCESS,DDCARD PAYMENT:MESDDD737Y1D39DLZZ6TC,2.0,,ch_3SIB52IdctIUMwHT0EAiFykR,CPMT: 12643-DDI00167,CPMT: 12643-DDI00167-14/10/2025,
14/10/2025,12651,12651-DDI00131,Ndevor Systems Ltd : Phorest Ireland : Phorest UK,11010 Accounts Receivable : Trade Debtors,GBP,1.0,234.41,10020 Bank : BOI current a/c GBP # 62100285,United Kingdom(Mainland),CARDSUCCESS,DDCARD PAYMENT:MESDDD34OCXK0PK3EPS47,2.0,,ch_3SIB57IdctIUMwHT1bubCr9G,CPMT: 12651-DDI00131,CPMT: 12651-DDI00131-14/10/2025,
14/10/2025,12664,12664-DDI00147,Ndevor Systems Ltd : Phorest Ireland : Phorest UK,11010 Accounts Receivable : Trade Debtors,GBP,1.0,274.46,10020 Bank : BOI current a/c GBP # 62100285,United Kingdom(Mainland),CARDSUCCESS,DDCARD PAYMENT:MESDDDF8ZRPG79PP5D5BI,2.0,,ch_3SIB59IdctIUMwHT23Bf776q,CPMT: 12664-DDI00147,CPMT: 12664-DDI00147-14/10/2025,
14/10/2025,12686,12686-DDI00112,Ndevor Systems Ltd : Phorest Ireland : Phorest UK,11010 Accounts Receivable : Trade Debtors,GBP,1.0,149.36,10020 Bank : BOI current a/c GBP # 62100285,United Kingdom(Mainland),CARDSUCCESS,DDCARD PAYMENT:MESDDD5H447K3E8HUUE6L,2.0,,ch_3SIB5BIdctIUMwHT2CxS6N72,CPMT: 12686-DDI00112,CPMT: 12686-DDI00112-14/10/2025,
14/10/2025,12836,12836-DDI00157,Ndevor Systems Ltd : Phorest Ireland : Phorest UK,11010 Accounts Receivable : Trade Debtors,GBP,1.0,215.16,10020 Bank : BOI current a/c GBP # 62100285,United Kingdom(Mainland),CARDSUCCESS,DDCARD PAYMENT:MESDDDCL2QS6GC0423D8E,2.0,,ch_3SIB5EIdctIUMwHT2Qaphz2m,CPMT: 12836-DDI00157,CPMT: 12836-DDI00157-14/10/2025,
14/10/2025,12936,12936-DDI00101,Ndevor Systems Ltd : Phorest Ireland : Phorest UK,11010 Accounts Receivable : Trade Debtors,GBP,1.0,254.81,10020 Bank : BOI current a/c GBP # 62100285,United Kingdom(Mainland),CARDSUCCESS,DDCARD PAYMENT:MESDDDE5M18YV7174OVAL,2.0,,ch_3SIB5KIdctIUMwHT21MQKFhV,CPMT: 12936-DDI00101,CPMT: 12936-DDI00101-14/10/2025,
14/10/2025,12993,12993-DDI00151,Ndevor Systems Ltd : Phorest Ireland : Phorest UK,11010 Accounts Receivable : Trade Debtors,GBP,1.0,182.08,10020 Bank : BOI current a/c GBP # 62100285,United Kingdom(Mainland),CARDSUCCESS,DDCARD PAYMENT:MESDDD8H73MRC20T42F53,2.0,,ch_3SIB5MIdctIUMwHT0klFWM3D,CPMT: 12993-DDI00151,CPMT: 12993-DDI00151-14/10/2025,
14/10/2025,13121,13121-DDI00184,Ndevor Systems Ltd : Phorest Ireland : Phorest UK,11010 Accounts Receivable : Trade Debtors,GBP,1.0,61.57,10020 Bank : BOI current a/c GBP # 62100285,United Kingdom(Mainland),CARDSUCCESS,DDCARD PAYMENT:MESDDD2MW8KE3G7VKJI46,2.0,,ch_3SIB5QIdctIUMwHT03PSbqu0,CPMT: 13121-DDI00184,CPMT: 13121-DDI00184-14/10/2025,
14/10/2025,15550,15550-DDI00137,Ndevor Systems Ltd : Phorest Ireland : Phorest UK,11010 Accounts Receivable : Trade Debtors,GBP,1.0,190.8,10020 Bank : BOI current a/c GBP # 62100285,United Kingdom(Mainland),CARDSUCCESS,DDCARD PAYMENT:MESDDDU3FS3N198J5U3J3,2.0,,ch_3SIB6XIdctIUMwHT2Jv4KSGt,CPMT: 15550-DDI00137,CPMT: 15550-DDI00137-14/10/2025,
14/10/2025,15581,15581-DDI00140,Ndevor Systems Ltd : Phorest Ireland : Phorest UK,11010 Accounts Receivable : Trade Debtors,GBP,1.0,134.08,10020 Bank : BOI current a/c GBP # 62100285,United Kingdom(Mainland),CARDSUCCESS,DDCARD PAYMENT:MESDDD4PQ2BF7FDEW4GUC,2.0,,ch_3SIB6ZIdctIUMwHT21WDHPnW,CPMT: 15581-DDI00140,CPMT: 15581-DDI00140-14/10/2025,
14/10/2025,15806,15806-DDI00124,Ndevor Systems Ltd : Phorest Ireland : Phorest UK,11010 Accounts Receivable : Trade Debtors,GBP,1.0,152.83,10020 Bank : BOI current a/c GBP # 62100285,United Kingdom(Mainland),CARDSUCCESS,DDCARD PAYMENT:MESDDDQ7IVPKAEQF6WHVQ,2.0,,ch_3SIB6bIdctIUMwHT1p20Qj0l,CPMT: 15806-DDI00124,CPMT: 15806-DDI00124-14/10/2025,
14/10/2025,17373,17373-DDI00136,Ndevor Systems Ltd : Phorest Ireland : Phorest UK,11010 Accounts Receivable : Trade Debtors,GBP,1.0,122.34,10020 Bank : BOI current a/c GBP # 62100285,United Kingdom(Mainland),CARDSUCCESS,DDCARD PAYMENT:MESDDD37A2MNP3X3CIU41,2.0,,ch_3SIB7nIdctIUMwHT2Gbs84yh,CPMT: 17373-DDI00136,CPMT: 17373-DDI00136-14/10/2025,
14/10/2025,17403,17403-DDI00141,Ndevor Systems Ltd : Phorest Ireland : Phorest UK,11010 Accounts Receivable : Trade Debtors,GBP,1.0,106.8,10020 Bank : BOI current a/c GBP # 62100285,United Kingdom(Mainland),CARDSUCCESS,DDCARD PAYMENT:MESDDD565242COYO29YUT,2.0,,ch_3SIB7pIdctIUMwHT0PxrTuLt,CPMT: 17403-DDI00141,CPMT: 17403-DDI00141-14/10/2025,
14/10/2025,17420,17420-DDI00101,Ndevor Systems Ltd : Phorest Ireland : Phorest UK,11010 Accounts Receivable : Trade Debtors,GBP,1.0,319.82,10020 Bank : BOI current a/c GBP # 62100285,United Kingdom(Mainland),CARDSUCCESS,DDCARD PAYMENT:MESDDDQ4172V16L1I80S5,2.0,,ch_3SIB7rIdctIUMwHT1nWJmdrt,CPMT: 17420-DDI00101,CPMT: 17420-DDI00101-14/10/2025,
14/10/2025,17437,17437-DDI00142,Ndevor Systems Ltd : Phorest Ireland : Phorest UK,11010 Accounts Receivable : Trade Debtors,GBP,1.0,138.38,10020 Bank : BOI current a/c GBP # 62100285,United Kingdom(Mainland),CARDSUCCESS,DDCARD PAYMENT:MESDDD04WK53L26S1KNFP,2.0,,ch_3SIB7uIdctIUMwHT23H1b9FL,CPMT: 17437-DDI00142,CPMT: 17437-DDI00142-14/10/2025,
14/10/2025,10552,10552-DDI00101,Ndevor Systems Ltd : Phorest Ireland : Phorest UK,11010 Accounts Receivable : Trade Debtors,GBP,1.0,150.0,10020 Bank : BOI current a/c GBP # 62100285,United Kingdom(Mainland),CARDSUCCESS,DDCARD PAYMENT:MESDDD4YOSG017B595PWV,2.0,,ch_3SIAzcIdctIUMwHT2RUM9TtP,CPMT: 10552-DDI00101,CPMT: 10552-DDI00101-14/10/2025,
14/10/2025,17446,17446-DDI00135,Ndevor Systems Ltd : Phorest Ireland : Phorest UK,11010 Accounts Receivable : Trade Debtors,GBP,1.0,245.06,10020 Bank : BOI current a/c GBP # 62100285,United Kingdom(Mainland),CARDSUCCESS,DDCARD PAYMENT:MESDDD29O7OX0M9P32HHO,2.0,,ch_3SIB7yIdctIUMwHT2vs8pnPK,CPMT: 17446-DDI00135,CPMT: 17446-DDI00135-14/10/2025,
14/10/2025,17481,17481-DDI00098,Ndevor Systems Ltd : Phorest Ireland : Phorest UK,11010 Accounts Receivable : Trade Debtors,GBP,1.0,207.06,10020 Bank : BOI current a/c GBP # 62100285,United Kingdom(Mainland),CARDSUCCESS,DDCARD PAYMENT:MESDDD96FHHL9I807LT0A,2.0,,ch_3SIB81IdctIUMwHT1HtJmOKp,CPMT: 17481-DDI00098,CPMT: 17481-DDI00098-14/10/2025,
14/10/2025,17530,17530-DDI00134,Ndevor Systems Ltd : Phorest Ireland : Phorest UK,11010 Accounts Receivable : Trade Debtors,GBP,1.0,254.05,10020 Bank : BOI current a/c GBP # 62100285,United Kingdom(Mainland),CARDSUCCESS,DDCARD PAYMENT:MESDDD8ZCN37022W04ZL9,2.0,,ch_3SIB83IdctIUMwHT2M7ZhpZL,CPMT: 17530-DDI00134,CPMT: 17530-DDI00134-14/10/2025,
14/10/2025,17577,17577-DDI00098,Ndevor Systems Ltd : Phorest Ireland : Phorest UK,11010 Accounts Receivable : Trade Debtors,GBP,1.0,139.32,10020 Bank : BOI current a/c GBP # 62100285,United Kingdom(Mainland),CARDSUCCESS,DDCARD PAYMENT:MESDDDD6JVI7640ZCW818,2.0,,ch_3SIB85IdctIUMwHT2TgHtPAK,CPMT: 17577-DDI00098,CPMT: 17577-DDI00098-14/10/2025,
14/10/2025,17604,17604-DDI00112,Ndevor Systems Ltd : Phorest Ireland : Phorest UK,11010 Accounts Receivable : Trade Debtors,GBP,1.0,130.8,10020 Bank : BOI current a/c GBP # 62100285,United Kingdom(Mainland),CARDSUCCESS,DDCARD PAYMENT:MESDDDML8W85Q66PQ56VS,2.0,,ch_3SIB88IdctIUMwHT0texV4qe,CPMT: 17604-DDI00112,CPMT: 17604-DDI00112-14/10/2025,
14/10/2025,17711,17711-DDI00138,Ndevor Systems Ltd : Phorest Ireland : Phorest UK,11010 Accounts Receivable : Trade Debtors,GBP,1.0,267.18,10020 Bank : BOI current a/c GBP # 62100285,United Kingdom(Mainland),CARDSUCCESS,DDCARD PAYMENT:MESDDDFU44VKD3L8863M5,2.0,,ch_3SIB8AIdctIUMwHT2VI7KRsy,CPMT: 17711-DDI00138,CPMT: 17711-DDI00138-14/10/2025,
14/10/2025,17948,17948-DDI00087,Ndevor Systems Ltd : Phorest Ireland : Phorest UK,11010 Accounts Receivable : Trade Debtors,GBP,1.0,109.8,10020 Bank : BOI current a/c GBP # 62100285,United Kingdom(Mainland),CARDSUCCESS,DDCARD PAYMENT:MESDDDA0382R6F0C795BR,2.0,,ch_3SIB8CIdctIUMwHT08SbE8nj,CPMT: 17948-DDI00087,CPMT: 17948-DDI00087-14/10/2025,
14/10/2025,17952,17952-DDI00140,Ndevor Systems Ltd : Phorest Ireland : Phorest UK,11010 Accounts Receivable : Trade Debtors,GBP,1.0,240.61,10020 Bank : BOI current a/c GBP # 62100285,United Kingdom(Mainland),CARDSUCCESS,DDCARD PAYMENT:MESDDDSL3IMYXAH67D9K6,2.0,,ch_3SIB8FIdctIUMwHT1m0WUotY,CPMT: 17952-DDI00140,CPMT: 17952-DDI00140-14/10/2025,
14/10/2025,18032,18032-DDI00138,Ndevor Systems Ltd : Phorest Ireland : Phorest UK,11010 Accounts Receivable : Trade Debtors,GBP,1.0,106.8,10020 Bank : BOI current a/c GBP # 62100285,United Kingdom(Mainland),CARDSUCCESS,DDCARD PAYMENT:MESDDDQ396X77L58001M8,2.0,,ch_3SIB8HIdctIUMwHT1X1UO6wf,CPMT: 18032-DDI00138,CPMT: 18032-DDI00138-14/10/2025,
14/10/2025,18129,18129-DDI00097,Ndevor Systems Ltd : Phorest Ireland : Phorest UK,11010 Accounts Receivable : Trade Debtors,GBP,1.0,321.84,10020 Bank : BOI current a/c GBP # 62100285,United Kingdom(Mainland),CARDSUCCESS,DDCARD PAYMENT:MESDDDIW4X13A7B8YT6H8,2.0,,ch_3SIB8JIdctIUMwHT0SdEC1iP,CPMT: 18129-DDI00097,CPMT: 18129-DDI00097-14/10/2025,
14/10/2025,18391,18391-DDI00167,Ndevor Systems Ltd : Phorest Ireland : Phorest UK,11010 Accounts Receivable : Trade Debtors,GBP,1.0,340.91,10020 Bank : BOI current a/c GBP # 62100285,United Kingdom(Mainland),CARDSUCCESS,DDCARD PAYMENT:MESDDDH8EM877DK6KUS9J,2.0,,ch_3SIB8OIdctIUMwHT2xhsWG9H,CPMT: 18391-DDI00167,CPMT: 18391-DDI00167-14/10/2025,
14/10/2025,18405,18405-DDI00136,Ndevor Systems Ltd : Phorest Ireland : Phorest UK,11010 Accounts Receivable : Trade Debtors,GBP,1.0,241.84,10020 Bank : BOI current a/c GBP # 62100285,United Kingdom(Mainland),CARDSUCCESS,DDCARD PAYMENT:MESDDDQ7L774EFSQJ4IX7,2.0,,ch_3SIB8QIdctIUMwHT19DGEkEk,CPMT: 18405-DDI00136,CPMT: 18405-DDI00136-14/10/2025,
14/10/2025,18562,18562-DDI00150,Ndevor Systems Ltd : Phorest Ireland : Phorest UK,11010 Accounts Receivable : Trade Debtors,GBP,1.0,351.48,10020 Bank : BOI current a/c GBP # 62100285,United Kingdom(Mainland),CARDSUCCESS,DDCARD PAYMENT:MESDDD7F47SA13ZX8U8WF,2.0,,ch_3SIB8TIdctIUMwHT1iU1zxDK,CPMT: 18562-DDI00150,CPMT: 18562-DDI00150-14/10/2025,
14/10/2025,18737,18737-DDI00097,Ndevor Systems Ltd : Phorest Ireland : Phorest UK,11010 Accounts Receivable : Trade Debtors,GBP,1.0,118.8,10020 Bank : BOI current a/c GBP # 62100285,United Kingdom(Mainland),CARDSUCCESS,DDCARD PAYMENT:MESDDDR7Z0ZRPUQX1M3JH,2.0,,ch_3SIB8VIdctIUMwHT1a58rbZq,CPMT: 18737-DDI00097,CPMT: 18737-DDI00097-14/10/2025,
14/10/2025,18922,18922-DDI00093,Ndevor Systems Ltd : Phorest Ireland : Phorest UK,11010 Accounts Receivable : Trade Debtors,GBP,1.0,58.8,10020 Bank : BOI current a/c GBP # 62100285,United Kingdom(Mainland),CARDSUCCESS,DDCARD PAYMENT:MESDDDD24ILPE5J1M4I24,2.0,,ch_3SIB8XIdctIUMwHT18HtY6aY,CPMT: 18922-DDI00093,CPMT: 18922-DDI00093-14/10/2025,
14/10/2025,18947,18947-DDI00132,Ndevor Systems Ltd : Phorest Ireland : Phorest UK,11010 Accounts Receivable : Trade Debtors,GBP,1.0,146.75,10020 Bank : BOI current a/c GBP # 62100285,United Kingdom(NI),CARDSUCCESS,DDCARD PAYMENT:MESDDD528EEX58U77DG34,2.0,,ch_3SIB8aIdctIUMwHT1PNXA2rU,CPMT: 18947-DDI00132,CPMT: 18947-DDI00132-14/10/2025,
14/10/2025,18983,18983-DDI00149,Ndevor Systems Ltd : Phorest Ireland : Phorest UK,11010 Accounts Receivable : Trade Debtors,GBP,1.0,118.8,10020 Bank : BOI current a/c GBP # 62100285,United Kingdom(Mainland),CARDSUCCESS,DDCARD PAYMENT:MESDDD382Z263S118PIU7,2.0,,ch_3SIB8cIdctIUMwHT2V9gifww,CPMT: 18983-DDI00149,CPMT: 18983-DDI00149-14/10/2025,
14/10/2025,19242,19242-DDI00112,Ndevor Systems Ltd : Phorest Ireland : Phorest UK,11010 Accounts Receivable : Trade Debtors,GBP,1.0,225.6,10020 Bank : BOI current a/c GBP # 62100285,United Kingdom(Mainland),CARDSUCCESS,DDCARD PAYMENT:MESDDDNCBL99R66CQ6T0Q,2.0,,ch_3SIB8fIdctIUMwHT0y1FpWc1,CPMT: 19242-DDI00112,CPMT: 19242-DDI00112-14/10/2025,
14/10/2025,17342,17342-DDI00141,Ndevor Systems Ltd : Phorest Ireland : Phorest UK,11010 Accounts Receivable : Trade Debtors,GBP,1.0,236.8,10020 Bank : BOI current a/c GBP # 62100285,United Kingdom(Mainland),CARDSUCCESS,DDCARD PAYMENT:MESDDD5AN2W78X3G05EYK,2.0,,ch_3SIB7kIdctIUMwHT2eGUpZVn,CPMT: 17342-DDI00141,CPMT: 17342-DDI00141-14/10/2025,
14/10/2025,17332,17332-DDI00105,Ndevor Systems Ltd : Phorest Ireland : Phorest UK,11010 Accounts Receivable : Trade Debtors,GBP,1.0,135.62,10020 Bank : BOI current a/c GBP # 62100285,United Kingdom(Mainland),CARDSUCCESS,DDCARD PAYMENT:MESDDDTX6K399B638TC0P,2.0,,ch_3SIB7iIdctIUMwHT1FwhBpuZ,CPMT: 17332-DDI00105,CPMT: 17332-DDI00105-14/10/2025,
14/10/2025,17309,17309-DDI00097,Ndevor Systems Ltd : Phorest Ireland : Phorest UK,11010 Accounts Receivable : Trade Debtors,GBP,1.0,91.91,10020 Bank : BOI current a/c GBP # 62100285,United Kingdom(NI),CARDSUCCESS,DDCARD PAYMENT:MESDDD03DGMZ604QAA0DV,2.0,,ch_3SIB7gIdctIUMwHT2cABeYld,CPMT: 17309-DDI00097,CPMT: 17309-DDI00097-14/10/2025,
14/10/2025,16947,16947-DDI00093,Ndevor Systems Ltd : Phorest Ireland : Phorest UK,11010 Accounts Receivable : Trade Debtors,GBP,1.0,190.8,10020 Bank : BOI current a/c GBP # 62100285,United Kingdom(Mainland),CARDSUCCESS,DDCARD PAYMENT:MESDDDZ7DOZD5TXS413DB,2.0,,ch_3SIB7dIdctIUMwHT05I29KP5,CPMT: 16947-DDI00093,CPMT: 16947-DDI00093-14/10/2025,
14/10/2025,15833,15833-DDI00139,Ndevor Systems Ltd : Phorest Ireland : Phorest UK,11010 Accounts Receivable : Trade Debtors,GBP,1.0,257.29,10020 Bank : BOI current a/c GBP # 62100285,United Kingdom(Mainland),CARDSUCCESS,DDCARD PAYMENT:MESDDD9F6I0PXT004QM90,2.0,,ch_3SIB6eIdctIUMwHT1moN8KtE,CPMT: 15833-DDI00139,CPMT: 15833-DDI00139-14/10/2025,
14/10/2025,15895,15895-DDI00120,Ndevor Systems Ltd : Phorest Ireland : Phorest UK,11010 Accounts Receivable : Trade Debtors,GBP,1.0,166.8,10020 Bank : BOI current a/c GBP # 62100285,United Kingdom(Mainland),CARDSUCCESS,DDCARD PAYMENT:MESDDD9I3M3W29CDQ94VH,2.0,,ch_3SIB6gIdctIUMwHT2Aet97IS,CPMT: 15895-DDI00120,CPMT: 15895-DDI00120-14/10/2025,
14/10/2025,15924,15924-DDI00159,Ndevor Systems Ltd : Phorest Ireland : Phorest UK,11010 Accounts Receivable : Trade Debtors,GBP,1.0,360.04,10020 Bank : BOI current a/c GBP # 62100285,United Kingdom(Mainland),CARDSUCCESS,DDCARD PAYMENT:MESDDD0NU8O6V51H14381,2.0,,ch_3SIB6iIdctIUMwHT2rUpi9XU,CPMT: 15924-DDI00159,CPMT: 15924-DDI00159-14/10/2025,
14/10/2025,16015,16015-DDI00166,Ndevor Systems Ltd : Phorest Ireland : Phorest UK,11010 Accounts Receivable : Trade Debtors,GBP,1.0,195.17,10020 Bank : BOI current a/c GBP # 62100285,United Kingdom(Mainland),CARDSUCCESS,DDCARD PAYMENT:MESDDDGQFMFZ4T82322PV,2.0,,ch_3SIB6lIdctIUMwHT1COFFeSm,CPMT: 16015-DDI00166,CPMT: 16015-DDI00166-14/10/2025,
14/10/2025,16075,16075-DDI00099,Ndevor Systems Ltd : Phorest Ireland : Phorest UK,11010 Accounts Receivable : Trade Debtors,GBP,1.0,103.31,10020 Bank : BOI current a/c GBP # 62100285,United Kingdom(NI),CARDSUCCESS,DDCARD PAYMENT:MESDDDY02UI4HK9B7SBHK,2.0,,ch_3SIB6nIdctIUMwHT06wQTGzZ,CPMT: 16075-DDI00099,CPMT: 16075-DDI00099-14/10/2025,
14/10/2025,16177,16177-DDI00092,Ndevor Systems Ltd : Phorest Ireland : Phorest UK,11010 Accounts Receivable : Trade Debtors,GBP,1.0,58.8,10020 Bank : BOI current a/c GBP # 62100285,United Kingdom(Mainland),CARDSUCCESS,DDCARD PAYMENT:MESDDDM272SL448623EY9,2.0,,ch_3SIB6pIdctIUMwHT27gmTtIC,CPMT: 16177-DDI00092,CPMT: 16177-DDI00092-14/10/2025,
14/10/2025,16183,16183-DDI00147,Ndevor Systems Ltd : Phorest Ireland : Phorest UK,11010 Accounts Receivable : Trade Debtors,GBP,1.0,320.53,10020 Bank : BOI current a/c GBP # 62100285,United Kingdom(Mainland),CARDSUCCESS,DDCARD PAYMENT:MESDDD6150156H22VE6XU,2.0,,ch_3SIB6sIdctIUMwHT0jnPjPRO,CPMT: 16183-DDI00147,CPMT: 16183-DDI00147-14/10/2025,
14/10/2025,16260,16260-DDI00146,Ndevor Systems Ltd : Phorest Ireland : Phorest UK,11010 Accounts Receivable : Trade Debtors,GBP,1.0,267.46,10020 Bank : BOI current a/c GBP # 62100285,United Kingdom(Mainland),CARDSUCCESS,DDCARD PAYMENT:MESDDDH3899I2C4H5B8RM,2.0,,ch_3SIB6uIdctIUMwHT00fyOptp,CPMT: 16260-DDI00146,CPMT: 16260-DDI00146-14/10/2025,
14/10/2025,16299,16299-DDI00133,Ndevor Systems Ltd : Phorest Ireland : Phorest UK,11010 Accounts Receivable : Trade Debtors,GBP,1.0,278.75,10020 Bank : BOI current a/c GBP # 62100285,United Kingdom(Mainland),CARDSUCCESS,DDCARD PAYMENT:MESDDD463L5QX5UJLC551,2.0,,ch_3SIB6xIdctIUMwHT2PdNHkaZ,CPMT: 16299-DDI00133,CPMT: 16299-DDI00133-14/10/2025,
14/10/2025,16404,16404-DDI00144,Ndevor Systems Ltd : Phorest Ireland : Phorest UK,11010 Accounts Receivable : Trade Debtors,GBP,1.0,249.6,10020 Bank : BOI current a/c GBP # 62100285,United Kingdom(Mainland),CARDSUCCESS,DDCARD PAYMENT:MESDDDYG39Q85ON7PWDK9,2.0,,ch_3SIB72IdctIUMwHT0hOdc3DU,CPMT: 16404-DDI00144,CPMT: 16404-DDI00144-14/10/2025,
14/10/2025,16490,16490-DDI00167,Ndevor Systems Ltd : Phorest Ireland : Phorest UK,11010 Accounts Receivable : Trade Debtors,GBP,1.0,295.97,10020 Bank : BOI current a/c GBP # 62100285,United Kingdom(Mainland),CARDSUCCESS,DDCARD PAYMENT:MESDDDN06ZSRBN64X4K54,2.0,,ch_3SIB74IdctIUMwHT0K2iSpQU,CPMT: 16490-DDI00167,CPMT: 16490-DDI00167-14/10/2025,
14/10/2025,12127,12127-DDI00158,Ndevor Systems Ltd : Phorest Ireland : Phorest UK,11010 Accounts Receivable : Trade Debtors,GBP,1.0,191.98,10020 Bank : BOI current a/c GBP # 62100285,United Kingdom(Mainland),CARDSUCCESS,DDCARD PAYMENT:MESDDDD186PY7SLE7RMSM,2.0,,ch_3SIB4IIdctIUMwHT02u4tXML,CPMT: 12127-DDI00158,CPMT: 12127-DDI00158-14/10/2025,
14/10/2025,16527,16527-DDI00128,Ndevor Systems Ltd : Phorest Ireland : Phorest UK,11010 Accounts Receivable : Trade Debtors,GBP,1.0,210.79,10020 Bank : BOI current a/c GBP # 62100285,United Kingdom(Mainland),CARDSUCCESS,DDCARD PAYMENT:MESDDD15CVL96293272AF,2.0,,ch_3SIB76IdctIUMwHT0Z1ZLQnT,CPMT: 16527-DDI00128,CPMT: 16527-DDI00128-14/10/2025,
14/10/2025,16550,16550-DDI00156,Ndevor Systems Ltd : Phorest Ireland : Phorest UK,11010 Accounts Receivable : Trade Debtors,GBP,1.0,118.8,10020 Bank : BOI current a/c GBP # 62100285,United Kingdom(NI),CARDSUCCESS,DDCARD PAYMENT:MESDDD3JOI793TZ213A57,2.0,,ch_3SIB7BIdctIUMwHT0C3UJ8UR,CPMT: 16550-DDI00156,CPMT: 16550-DDI00156-14/10/2025,
14/10/2025,16573,16573-DDI00144,Ndevor Systems Ltd : Phorest Ireland : Phorest UK,11010 Accounts Receivable : Trade Debtors,GBP,1.0,158.05,10020 Bank : BOI current a/c GBP # 62100285,United Kingdom(Mainland),CARDSUCCESS,DDCARD PAYMENT:MESDDDJVWJ28I612BDS06,2.0,,ch_3SIB7DIdctIUMwHT0f95Ng90,CPMT: 16573-DDI00144,CPMT: 16573-DDI00144-14/10/2025,
14/10/2025,16577,16577-DDI00107,Ndevor Systems Ltd : Phorest Ireland : Phorest UK,11010 Accounts Receivable : Trade Debtors,GBP,1.0,296.22,10020 Bank : BOI current a/c GBP # 62100285,United Kingdom(Mainland),CARDSUCCESS,DDCARD PAYMENT:MESDDDI2JI1Y228228Y8W,2.0,,ch_3SIB7FIdctIUMwHT2T6iomho,CPMT: 16577-DDI00107,CPMT: 16577-DDI00107-14/10/2025,
14/10/2025,16584,16584-DDI00119,Ndevor Systems Ltd : Phorest Ireland : Phorest UK,11010 Accounts Receivable : Trade Debtors,GBP,1.0,118.8,10020 Bank : BOI current a/c GBP # 62100285,United Kingdom(Mainland),CARDSUCCESS,DDCARD PAYMENT:MESDDDU0C80F2Z6FLPC1E,2.0,,ch_3SIB7IIdctIUMwHT0sNHPozu,CPMT: 16584-DDI00119,CPMT: 16584-DDI00119-14/10/2025,
14/10/2025,16718,16718-DDI00111,Ndevor Systems Ltd : Phorest Ireland : Phorest UK,11010 Accounts Receivable : Trade Debtors,GBP,1.0,214.66,10020 Bank : BOI current a/c GBP # 62100285,United Kingdom(Mainland),CARDSUCCESS,DDCARD PAYMENT:MESDDDMZRHR2H12J7Z1NL,2.0,,ch_3SIB7KIdctIUMwHT2FibMZOe,CPMT: 16718-DDI00111,CPMT: 16718-DDI00111-14/10/2025,
14/10/2025,17121,17121-DDI00142,Ndevor Systems Ltd : Phorest Ireland : Phorest UK,11010 Accounts Receivable : Trade Debtors,GBP,1.0,340.66,10020 Bank : BOI current a/c GBP # 62100285,United Kingdom(Mainland),CARDSUCCESS,DDCARD PAYMENT:MESDDD6F49V2IYFL66Q2Y,2.0,,ch_3SIB7QIdctIUMwHT2actTusx,CPMT: 17121-DDI00142,CPMT: 17121-DDI00142-14/10/2025,
14/10/2025,17131,17131-DDI00124,Ndevor Systems Ltd : Phorest Ireland : Phorest UK,11010 Accounts Receivable : Trade Debtors,GBP,1.0,299.15,10020 Bank : BOI current a/c GBP # 62100285,United Kingdom(Mainland),CARDSUCCESS,DDCARD PAYMENT:MESDDD3PZI13K43820H6U,2.0,,ch_3SIB7SIdctIUMwHT227iXvo6,CPMT: 17131-DDI00124,CPMT: 17131-DDI00124-14/10/2025,
14/10/2025,17150,17150-DDI00162,Ndevor Systems Ltd : Phorest Ireland : Phorest UK,11010 Accounts Receivable : Trade Debtors,GBP,1.0,298.8,10020 Bank : BOI current a/c GBP # 62100285,United Kingdom(Mainland),CARDSUCCESS,DDCARD PAYMENT:MESDDD5RAG1Q2S358U5K6,2.0,,ch_3SIB7UIdctIUMwHT2thSJ2eH,CPMT: 17150-DDI00162,CPMT: 17150-DDI00162-14/10/2025,
14/10/2025,17218,17218-DDI00101,Ndevor Systems Ltd : Phorest Ireland : Phorest UK,11010 Accounts Receivable : Trade Debtors,GBP,1.0,189.46,10020 Bank : BOI current a/c GBP # 62100285,United Kingdom(NI),CARDSUCCESS,DDCARD PAYMENT:MESDDD8NBQTEUTZ405C2N,2.0,,ch_3SIB7XIdctIUMwHT0BleW1wY,CPMT: 17218-DDI00101,CPMT: 17218-DDI00101-14/10/2025,
14/10/2025,17258,17258-DDI00145,Ndevor Systems Ltd : Phorest Ireland : Phorest UK,11010 Accounts Receivable : Trade Debtors,GBP,1.0,212.3,10020 Bank : BOI current a/c GBP # 62100285,United Kingdom(Mainland),CARDSUCCESS,DDCARD PAYMENT:MESDDD81498QE1GGNJG7U,2.0,,ch_3SIB7ZIdctIUMwHT0MlDgATc,CPMT: 17258-DDI00145,CPMT: 17258-DDI00145-14/10/2025,
14/10/2025,16901,16901-DDI00138,Ndevor Systems Ltd : Phorest Ireland : Phorest UK,11010 Accounts Receivable : Trade Debtors,GBP,1.0,58.8,10020 Bank : BOI current a/c GBP # 62100285,United Kingdom(Mainland),CARDSUCCESS,DDCARD PAYMENT:MESDDD58ZGG243C64731G,2.0,,ch_3SIB7bIdctIUMwHT0U0oTBE2,CPMT: 16901-DDI00138,CPMT: 16901-DDI00138-14/10/2025,
14/10/2025,16545,16545-DDI00146,Ndevor Systems Ltd : Phorest Ireland : Phorest UK,11010 Accounts Receivable : Trade Debtors,GBP,1.0,181.63,10020 Bank : BOI current a/c GBP # 62100285,United Kingdom(Mainland),CARDSUCCESS,DDCARD PAYMENT:MESDDDOC3CB376AH4X647,2.0,,ch_3SIB78IdctIUMwHT2aixxyyg,CPMT: 16545-DDI00146,CPMT: 16545-DDI00146-14/10/2025,
14/10/2025,12125,12125-DDI00112,Ndevor Systems Ltd : Phorest Ireland : Phorest UK,11010 Accounts Receivable : Trade Debtors,GBP,1.0,142.8,10020 Bank : BOI current a/c GBP # 62100285,United Kingdom(Mainland),CARDSUCCESS,DDCARD PAYMENT:MESDDD0R00X3JLVJMMM19,2.0,,ch_3SIB4GIdctIUMwHT0P3dJG9M,CPMT: 12125-DDI00112,CPMT: 12125-DDI00112-14/10/2025,
14/10/2025,17443,17443-DDI00137,Ndevor Systems Ltd : Phorest Ireland : Phorest UK,11010 Accounts Receivable : Trade Debtors,GBP,1.0,268.33,10020 Bank : BOI current a/c GBP # 62100285,United Kingdom(Mainland),CARDSUCCESS,DDCARD PAYMENT:MESDDD5X4TSX09DB8NG5I,2.0,,ch_3SIB7wIdctIUMwHT0DAv7AmC,CPMT: 17443-DDI00137,CPMT: 17443-DDI00137-14/10/2025,
14/10/2025,12049,12049-DDI00110,Ndevor Systems Ltd : Phorest Ireland : Phorest UK,11010 Accounts Receivable : Trade Debtors,GBP,1.0,133.08,10020 Bank : BOI current a/c GBP # 62100285,United Kingdom(Mainland),CARDSUCCESS,DDCARD PAYMENT:MESDDDUW726PB5569OSW4,2.0,,ch_3SIB4BIdctIUMwHT1MZ9ZQB8,CPMT: 12049-DDI00110,CPMT: 12049-DDI00110-14/10/2025,
14/10/2025,11138,11138-DDI00196,Ndevor Systems Ltd : Phorest Ireland : Phorest UK,11010 Accounts Receivable : Trade Debtors,GBP,1.0,82.8,10020 Bank : BOI current a/c GBP # 62100285,United Kingdom(Mainland),CARDSUCCESS,DDCARD PAYMENT:MESDDD3FH1E7T6BCCJ7V0,2.0,,ch_3SIB0uIdctIUMwHT0SqjW9Yf,CPMT: 11138-DDI00196,CPMT: 11138-DDI00196-14/10/2025,
14/10/2025,11152,11152-DDI00150,Ndevor Systems Ltd : Phorest Ireland : Phorest UK,11010 Accounts Receivable : Trade Debtors,GBP,1.0,71.56,10020 Bank : BOI current a/c GBP # 62100285,United Kingdom(Mainland),CARDSUCCESS,DDCARD PAYMENT:MESDDDLE8362Q8Z11HLLL,2.0,,ch_3SIB0xIdctIUMwHT29c7OLUA,CPMT: 11152-DDI00150,CPMT: 11152-DDI00150-14/10/2025,
14/10/2025,11154,11154-DDI00199,Ndevor Systems Ltd : Phorest Ireland : Phorest UK,11010 Accounts Receivable : Trade Debtors,GBP,1.0,66.0,10020 Bank : BOI current a/c GBP # 62100285,United Kingdom(Mainland),CARDSUCCESS,DDCARD PAYMENT:MESDDD300M50F51FO3K97,2.0,,ch_3SIB0zIdctIUMwHT0ge1o9A1,CPMT: 11154-DDI00199,CPMT: 11154-DDI00199-14/10/2025,
14/10/2025,11164,11164-DDI00201,Ndevor Systems Ltd : Phorest Ireland : Phorest UK,11010 Accounts Receivable : Trade Debtors,GBP,1.0,318.61,10020 Bank : BOI current a/c GBP # 62100285,United Kingdom(Mainland),CARDSUCCESS,DDCARD PAYMENT:MESDDD9952I32C9UIRQ63,2.0,,ch_3SIB11IdctIUMwHT2tvIuSfQ,CPMT: 11164-DDI00201,CPMT: 11164-DDI00201-14/10/2025,
14/10/2025,11168,11168-DDI00134,Ndevor Systems Ltd : Phorest Ireland : Phorest UK,11010 Accounts Receivable : Trade Debtors,GBP,1.0,66.19,10020 Bank : BOI current a/c GBP # 62100285,United Kingdom(Mainland),CARDSUCCESS,DDCARD PAYMENT:MESDDDGVE38TXF2X09387,2.0,,ch_3SIB13IdctIUMwHT2efOrSju,CPMT: 11168-DDI00134,CPMT: 11168-DDI00134-14/10/2025,
14/10/2025,11174,11174-DDI00128,Ndevor Systems Ltd : Phorest Ireland : Phorest UK,11010 Accounts Receivable : Trade Debtors,GBP,1.0,216.07,10020 Bank : BOI current a/c GBP # 62100285,United Kingdom(Mainland),CARDSUCCESS,DDCARD PAYMENT:MESDDD53HI97DSF8V1GV2,2.0,,ch_3SIB16IdctIUMwHT2oCczo5K,CPMT: 11174-DDI00128,CPMT: 11174-DDI00128-14/10/2025,
14/10/2025,11201,11201-DDI00158,Ndevor Systems Ltd : Phorest Ireland : Phorest UK,11010 Accounts Receivable : Trade Debtors,GBP,1.0,118.8,10020 Bank : BOI current a/c GBP # 62100285,United Kingdom(Mainland),CARDSUCCESS,DDCARD PAYMENT:MESDDD6G1T39SJZD6M1Q1,2.0,,ch_3SIB18IdctIUMwHT0ksNhJgD,CPMT: 11201-DDI00158,CPMT: 11201-DDI00158-14/10/2025,
14/10/2025,11204,11204-DDI00124,Ndevor Systems Ltd : Phorest Ireland : Phorest UK,11010 Accounts Receivable : Trade Debtors,GBP,1.0,190.8,10020 Bank : BOI current a/c GBP # 62100285,United Kingdom(Mainland),CARDSUCCESS,DDCARD PAYMENT:MESDDDUYYB360Z6DN3AJ4,2.0,,ch_3SIB1BIdctIUMwHT2CcTVw6V,CPMT: 11204-DDI00124,CPMT: 11204-DDI00124-14/10/2025,
14/10/2025,11233,11233-DDI00159,Ndevor Systems Ltd : Phorest Ireland : Phorest UK,11010 Accounts Receivable : Trade Debtors,GBP,1.0,121.64,10020 Bank : BOI current a/c GBP # 62100285,United Kingdom(Mainland),CARDSUCCESS,DDCARD PAYMENT:MESDDD0FX13XMEF320L09,2.0,,ch_3SIB1DIdctIUMwHT1y3LxZHH,CPMT: 11233-DDI00159,CPMT: 11233-DDI00159-14/10/2025,
14/10/2025,11252,11252-DDI00126,Ndevor Systems Ltd : Phorest Ireland : Phorest UK,11010 Accounts Receivable : Trade Debtors,GBP,1.0,298.8,10020 Bank : BOI current a/c GBP # 62100285,United Kingdom(Mainland),CARDSUCCESS,DDCARD PAYMENT:MESDDDM07EPOUU4DQP2T9,2.0,,ch_3SIB1IIdctIUMwHT0VaPGUvs,CPMT: 11252-DDI00126,CPMT: 11252-DDI00126-14/10/2025,
14/10/2025,11264,11264-DDI00117,Ndevor Systems Ltd : Phorest Ireland : Phorest UK,11010 Accounts Receivable : Trade Debtors,GBP,1.0,112.54,10020 Bank : BOI current a/c GBP # 62100285,United Kingdom(Mainland),CARDSUCCESS,DDCARD PAYMENT:MESDDD3RZCG47TJM99989,2.0,,ch_3SIB1LIdctIUMwHT2Jhq8aJz,CPMT: 11264-DDI00117,CPMT: 11264-DDI00117-14/10/2025,
14/10/2025,11267,11267-DDI00114,Ndevor Systems Ltd : Phorest Ireland : Phorest UK,11010 Accounts Receivable : Trade Debtors,GBP,1.0,182.74,10020 Bank : BOI current a/c GBP # 62100285,United Kingdom(Mainland),CARDSUCCESS,DDCARD PAYMENT:MESDDD4E68H44A9TJ80K0,2.0,,ch_3SIB1NIdctIUMwHT2wUu7RYw,CPMT: 11267-DDI00114,CPMT: 11267-DDI00114-14/10/2025,
14/10/2025,11271,11271-DDI00178,Ndevor Systems Ltd : Phorest Ireland : Phorest UK,11010 Accounts Receivable : Trade Debtors,GBP,1.0,344.66,10020 Bank : BOI current a/c GBP # 62100285,United Kingdom(Mainland),CARDSUCCESS,DDCARD PAYMENT:MESDDDS5Z8S9N50ZB38WD,2.0,,ch_3SIB1PIdctIUMwHT2wwpTSlq,CPMT: 11271-DDI00178,CPMT: 11271-DDI00178-14/10/2025,
14/10/2025,11295,11295-DDI00121,Ndevor Systems Ltd : Phorest Ireland : Phorest UK,11010 Accounts Receivable : Trade Debtors,GBP,1.0,122.75,10020 Bank : BOI current a/c GBP # 62100285,United Kingdom(Mainland),CARDSUCCESS,DDCARD PAYMENT:MESDDD9D80BMVZ28Q2D3A,2.0,,ch_3SIB1SIdctIUMwHT2v2tllIX,CPMT: 11295-DDI00121,CPMT: 11295-DDI00121-14/10/2025,
14/10/2025,11298,11298-DDI00142,Ndevor Systems Ltd : Phorest Ireland : Phorest UK,11010 Accounts Receivable : Trade Debtors,GBP,1.0,120.19,10020 Bank : BOI current a/c GBP # 62100285,United Kingdom(Mainland),CARDSUCCESS,DDCARD PAYMENT:MESDDDQAC7K0N7LPSRYW5,2.0,,ch_3SIB1UIdctIUMwHT0eyj7EMK,CPMT: 11298-DDI00142,CPMT: 11298-DDI00142-14/10/2025,
14/10/2025,11308,11308-DDI00175,Ndevor Systems Ltd : Phorest Ireland : Phorest UK,11010 Accounts Receivable : Trade Debtors,GBP,1.0,202.8,10020 Bank : BOI current a/c GBP # 62100285,United Kingdom(Mainland),CARDSUCCESS,DDCARD PAYMENT:MESDDD9HI0R88938E1Z4U,2.0,,ch_3SIB1WIdctIUMwHT1tDapMXm,CPMT: 11308-DDI00175,CPMT: 11308-DDI00175-14/10/2025,
14/10/2025,11336,11336-DDI00168,Ndevor Systems Ltd : Phorest Ireland : Phorest UK,11010 Accounts Receivable : Trade Debtors,GBP,1.0,157.16,10020 Bank : BOI current a/c GBP # 62100285,United Kingdom(Mainland),CARDSUCCESS,DDCARD PAYMENT:MESDDDZ5EP04T68JW5Z3B,2.0,,ch_3SIB1ZIdctIUMwHT053vgYkn,CPMT: 11336-DDI00168,CPMT: 11336-DDI00168-14/10/2025,
14/10/2025,11342,11342-DDI00153,Ndevor Systems Ltd : Phorest Ireland : Phorest UK,11010 Accounts Receivable : Trade Debtors,GBP,1.0,70.8,10020 Bank : BOI current a/c GBP # 62100285,United Kingdom(NI),CARDSUCCESS,DDCARD PAYMENT:MESDDD5IP82H9C1M033W8,2.0,,ch_3SIB1bIdctIUMwHT1R0RRZRd,CPMT: 11342-DDI00153,CPMT: 11342-DDI00153-14/10/2025,
14/10/2025,11349,11349-DDI00146,Ndevor Systems Ltd : Phorest Ireland : Phorest UK,11010 Accounts Receivable : Trade Debtors,GBP,1.0,118.8,10020 Bank : BOI current a/c GBP # 62100285,United Kingdom(Mainland),CARDSUCCESS,DDCARD PAYMENT:MESDDD0F202031I1YI8RE,2.0,,ch_3SIB1dIdctIUMwHT0RWOhO1v,CPMT: 11349-DDI00146,CPMT: 11349-DDI00146-14/10/2025,
14/10/2025,11367,11367-DDI00158,Ndevor Systems Ltd : Phorest Ireland : Phorest UK,11010 Accounts Receivable : Trade Debtors,GBP,1.0,174.35,10020 Bank : BOI current a/c GBP # 62100285,United Kingdom(Mainland),CARDSUCCESS,DDCARD PAYMENT:MESDDD6YS7N7240DP78N2,2.0,,ch_3SIB1iIdctIUMwHT04EFYcqD,CPMT: 11367-DDI00158,CPMT: 11367-DDI00158-14/10/2025,
14/10/2025,11375,11375-DDI00116,Ndevor Systems Ltd : Phorest Ireland : Phorest UK,11010 Accounts Receivable : Trade Debtors,GBP,1.0,82.8,10020 Bank : BOI current a/c GBP # 62100285,United Kingdom(Mainland),CARDSUCCESS,DDCARD PAYMENT:MESDDDY4E0B46G4B1UI4Z,2.0,,ch_3SIB1lIdctIUMwHT1yOyfraQ,CPMT: 11375-DDI00116,CPMT: 11375-DDI00116-14/10/2025,
14/10/2025,11404,11404-DDI00110,Ndevor Systems Ltd : Phorest Ireland : Phorest UK,11010 Accounts Receivable : Trade Debtors,GBP,1.0,169.28,10020 Bank : BOI current a/c GBP # 62100285,United Kingdom(Mainland),CARDSUCCESS,DDCARD PAYMENT:MESDDDO7Z5C95WFQ2HQG1,2.0,,ch_3SIB1nIdctIUMwHT1NeIeDUZ,CPMT: 11404-DDI00110,CPMT: 11404-DDI00110-14/10/2025,
14/10/2025,11406,11406-DDI00175,Ndevor Systems Ltd : Phorest Ireland : Phorest UK,11010 Accounts Receivable : Trade Debtors,GBP,1.0,226.92,10020 Bank : BOI current a/c GBP # 62100285,United Kingdom(Mainland),CARDSUCCESS,DDCARD PAYMENT:MESDDD8UVJM9273I756H3,2.0,,ch_3SIB1pIdctIUMwHT1DLmplXS,CPMT: 11406-DDI00175,CPMT: 11406-DDI00175-14/10/2025,
14/10/2025,11128,11128-DDI00114,Ndevor Systems Ltd : Phorest Ireland : Phorest UK,11010 Accounts Receivable : Trade Debtors,GBP,1.0,128.12,10020 Bank : BOI current a/c GBP # 62100285,United Kingdom(Mainland),CARDSUCCESS,DDCARD PAYMENT:MESDDDTB65UOF6L6KSP82,2.0,,ch_3SIB0sIdctIUMwHT1I6qAsF3,CPMT: 11128-DDI00114,CPMT: 11128-DDI00114-14/10/2025,
14/10/2025,11417,11417-DDI00167,Ndevor Systems Ltd : Phorest Ireland : Phorest UK,11010 Accounts Receivable : Trade Debtors,GBP,1.0,82.87,10020 Bank : BOI current a/c GBP # 62100285,United Kingdom(Mainland),CARDSUCCESS,DDCARD PAYMENT:MESDDDS7TIRS62RE5SA1G,2.0,,ch_3SIB1vIdctIUMwHT05TlffTD,CPMT: 11417-DDI00167,CPMT: 11417-DDI00167-14/10/2025,
14/10/2025,11122,11122-DDI00130,Ndevor Systems Ltd : Phorest Ireland : Phorest UK,11010 Accounts Receivable : Trade Debtors,GBP,1.0,180.34,10020 Bank : BOI current a/c GBP # 62100285,United Kingdom(Mainland),CARDSUCCESS,DDCARD PAYMENT:MESDDD9PLQ9LZ49EI26W3,2.0,,ch_3SIB0qIdctIUMwHT02b1gbF6,CPMT: 11122-DDI00130,CPMT: 11122-DDI00130-14/10/2025,
14/10/2025,11099,11099-DDI00186,Ndevor Systems Ltd : Phorest Ireland : Phorest UK,11010 Accounts Receivable : Trade Debtors,GBP,1.0,102.66,10020 Bank : BOI current a/c GBP # 62100285,United Kingdom(Mainland),CARDSUCCESS,DDCARD PAYMENT:MESDDDHVRA4MICF1N9GT0,2.0,,ch_3SIB0lIdctIUMwHT0ZKavQ1L,CPMT: 11099-DDI00186,CPMT: 11099-DDI00186-14/10/2025,
14/10/2025,12101,12101-DDI00114,Ndevor Systems Ltd : Phorest Ireland : Phorest UK,11010 Accounts Receivable : Trade Debtors,GBP,1.0,130.8,10020 Bank : BOI current a/c GBP # 62100285,United Kingdom(Mainland),CARDSUCCESS,DDCARD PAYMENT:MESDDD2BD0167H2YS21BX,2.0,,ch_3SIB4DIdctIUMwHT1ynJEG1X,CPMT: 12101-DDI00114,CPMT: 12101-DDI00114-14/10/2025,
14/10/2025,10719,10719-DDI00152,Ndevor Systems Ltd : Phorest Ireland : Phorest UK,11010 Accounts Receivable : Trade Debtors,GBP,1.0,147.91,10020 Bank : BOI current a/c GBP # 62100285,United Kingdom(Mainland),CARDSUCCESS,DDCARD PAYMENT:MESDDDDM725AD532J631G,2.0,,ch_3SIAzjIdctIUMwHT1KCUT3h4,CPMT: 10719-DDI00152,CPMT: 10719-DDI00152-14/10/2025,
14/10/2025,10745,10745-DDI00141,Ndevor Systems Ltd : Phorest Ireland : Phorest UK,11010 Accounts Receivable : Trade Debtors,GBP,1.0,103.97,10020 Bank : BOI current a/c GBP # 62100285,United Kingdom(NI),CARDSUCCESS,DDCARD PAYMENT:MESDDDP39C3336C3Z0906,2.0,,ch_3SIAzlIdctIUMwHT2pn6ZxfK,CPMT: 10745-DDI00141,CPMT: 10745-DDI00141-14/10/2025,
14/10/2025,10750,10750-DDI00150,Ndevor Systems Ltd : Phorest Ireland : Phorest UK,11010 Accounts Receivable : Trade Debtors,GBP,1.0,72.24,10020 Bank : BOI current a/c GBP # 62100285,United Kingdom(Mainland),CARDSUCCESS,DDCARD PAYMENT:MESDDDF348MF1DW05689Y,2.0,,ch_3SIAzqIdctIUMwHT2fb93IOI,CPMT: 10750-DDI00150,CPMT: 10750-DDI00150-14/10/2025,
14/10/2025,10759,10759-DDI00152,Ndevor Systems Ltd : Phorest Ireland : Phorest UK,11010 Accounts Receivable : Trade Debtors,GBP,1.0,98.06,10020 Bank : BOI current a/c GBP # 62100285,United Kingdom(Mainland),CARDSUCCESS,DDCARD PAYMENT:MESDDDWUPF8BAIJO242WM,2.0,,ch_3SIAzvIdctIUMwHT02MA7UZD,CPMT: 10759-DDI00152,CPMT: 10759-DDI00152-14/10/2025,
14/10/2025,10781,10781-DDI00185,Ndevor Systems Ltd : Phorest Ireland : Phorest UK,11010 Accounts Receivable : Trade Debtors,GBP,1.0,437.56,10020 Bank : BOI current a/c GBP # 62100285,United Kingdom(Mainland),CARDSUCCESS,DDCARD PAYMENT:MESDDDA0028SP6PE2ZMKL,2.0,,ch_3SIB00IdctIUMwHT0JQ5Cy6Y,CPMT: 10781-DDI00185,CPMT: 10781-DDI00185-14/10/2025,
14/10/2025,10791,10791-DDI00184,Ndevor Systems Ltd : Phorest Ireland : Phorest UK,11010 Accounts Receivable : Trade Debtors,GBP,1.0,199.0,10020 Bank : BOI current a/c GBP # 62100285,United Kingdom(Mainland),CARDSUCCESS,DDCARD PAYMENT:MESDDD25H1U7Q7DUASC70,2.0,,ch_3SIB02IdctIUMwHT0lTqm8HG,CPMT: 10791-DDI00184,CPMT: 10791-DDI00184-14/10/2025,
14/10/2025,10808,10808-DDI00181,Ndevor Systems Ltd : Phorest Ireland : Phorest UK,11010 Accounts Receivable : Trade Debtors,GBP,1.0,246.07,10020 Bank : BOI current a/c GBP # 62100285,United Kingdom(Mainland),CARDSUCCESS,DDCARD PAYMENT:MESDDDQ4QBHJ475QYLI2Y,2.0,,ch_3SIB07IdctIUMwHT1t0OysJU,CPMT: 10808-DDI00181,CPMT: 10808-DDI00181-14/10/2025,
14/10/2025,10833,10833-DDI00120,Ndevor Systems Ltd : Phorest Ireland : Phorest UK,11010 Accounts Receivable : Trade Debtors,GBP,1.0,146.77,10020 Bank : BOI current a/c GBP # 62100285,United Kingdom(NI),CARDSUCCESS,DDCARD PAYMENT:MESDDD9X7K0EAKYS63HH6,2.0,,ch_3SIB0AIdctIUMwHT2e6D8fqR,CPMT: 10833-DDI00120,CPMT: 10833-DDI00120-14/10/2025,
14/10/2025,10837,10837-DDI00151,Ndevor Systems Ltd : Phorest Ireland : Phorest UK,11010 Accounts Receivable : Trade Debtors,GBP,1.0,125.24,10020 Bank : BOI current a/c GBP # 62100285,United Kingdom(Mainland),CARDSUCCESS,DDCARD PAYMENT:MESDDDFWXCC35W705AZ20,2.0,,ch_3SIB0CIdctIUMwHT09q9WKgJ,CPMT: 10837-DDI00151,CPMT: 10837-DDI00151-14/10/2025,
14/10/2025,10886,10886-DDI00117,Ndevor Systems Ltd : Phorest Ireland : Phorest UK,11010 Accounts Receivable : Trade Debtors,GBP,1.0,137.94,10020 Bank : BOI current a/c GBP # 62100285,United Kingdom(Mainland),CARDSUCCESS,DDCARD PAYMENT:MESDDD8KSP9ZJ69656SDQ,2.0,,ch_3SIB0EIdctIUMwHT2fX4tXCt,CPMT: 10886-DDI00117,CPMT: 10886-DDI00117-14/10/2025,
14/10/2025,10887,10887-DDI00140,Ndevor Systems Ltd : Phorest Ireland : Phorest UK,11010 Accounts Receivable : Trade Debtors,GBP,1.0,275.59,10020 Bank : BOI current a/c GBP # 62100285,United Kingdom(Mainland),CARDSUCCESS,DDCARD PAYMENT:MESDDD3Z736HXMD986UA7,2.0,,ch_3SIB0GIdctIUMwHT1DOSE7Ir,CPMT: 10887-DDI00140,CPMT: 10887-DDI00140-14/10/2025,
14/10/2025,10899,10899-DDI00132,Ndevor Systems Ltd : Phorest Ireland : Phorest UK,11010 Accounts Receivable : Trade Debtors,GBP,1.0,82.8,10020 Bank : BOI current a/c GBP # 62100285,United Kingdom(Mainland),CARDSUCCESS,DDCARD PAYMENT:MESDDD8M80NB011PJ0D5U,2.0,,ch_3SIB0JIdctIUMwHT0Ipibfxf,CPMT: 10899-DDI00132,CPMT: 10899-DDI00132-14/10/2025,
14/10/2025,10934,10934-DDI00169,Ndevor Systems Ltd : Phorest Ireland : Phorest UK,11010 Accounts Receivable : Trade Debtors,GBP,1.0,264.55,10020 Bank : BOI current a/c GBP # 62100285,United Kingdom(Mainland),CARDSUCCESS,DDCARD PAYMENT:MESDDD0EV8TB12G9G20JV,2.0,,ch_3SIB0OIdctIUMwHT2ycMxXbe,CPMT: 10934-DDI00169,CPMT: 10934-DDI00169-14/10/2025,
14/10/2025,10950,10950-DDI00130,Ndevor Systems Ltd : Phorest Ireland : Phorest UK,11010 Accounts Receivable : Trade Debtors,GBP,1.0,118.8,10020 Bank : BOI current a/c GBP # 62100285,United Kingdom(Mainland),CARDSUCCESS,DDCARD PAYMENT:MESDDDV040HUPYWH5R510,2.0,,ch_3SIB0QIdctIUMwHT0lzqjZ5c,CPMT: 10950-DDI00130,CPMT: 10950-DDI00130-14/10/2025,
14/10/2025,10974,10974-DDI00116,Ndevor Systems Ltd : Phorest Ireland : Phorest UK,11010 Accounts Receivable : Trade Debtors,GBP,1.0,82.8,10020 Bank : BOI current a/c GBP # 62100285,United Kingdom(Mainland),CARDSUCCESS,DDCARD PAYMENT:MESDDD19819PC26Q26026,2.0,,ch_3SIB0SIdctIUMwHT0Nsf5j32,CPMT: 10974-DDI00116,CPMT: 10974-DDI00116-14/10/2025,
14/10/2025,10993,10993-DDI00115,Ndevor Systems Ltd : Phorest Ireland : Phorest UK,11010 Accounts Receivable : Trade Debtors,GBP,1.0,161.93,10020 Bank : BOI current a/c GBP # 62100285,United Kingdom(Mainland),CARDSUCCESS,DDCARD PAYMENT:MESDDDW6B755V3AJKA74P,2.0,,ch_3SIB0VIdctIUMwHT04M8xORW,CPMT: 10993-DDI00115,CPMT: 10993-DDI00115-14/10/2025,
14/10/2025,10994,10994-DDI00116,Ndevor Systems Ltd : Phorest Ireland : Phorest UK,11010 Accounts Receivable : Trade Debtors,GBP,1.0,94.49,10020 Bank : BOI current a/c GBP # 62100285,United Kingdom(Mainland),CARDSUCCESS,DDCARD PAYMENT:MESDDDI0A2QLQIVEAE0HL,2.0,,ch_3SIB0XIdctIUMwHT21zEJ7VK,CPMT: 10994-DDI00116,CPMT: 10994-DDI00116-14/10/2025,
14/10/2025,10996,10996-DDI00139,Ndevor Systems Ltd : Phorest Ireland : Phorest UK,11010 Accounts Receivable : Trade Debtors,GBP,1.0,82.8,10020 Bank : BOI current a/c GBP # 62100285,United Kingdom(Mainland),CARDSUCCESS,DDCARD PAYMENT:MESDDDHZ3K1IB67LFSSYX,2.0,,ch_3SIB0ZIdctIUMwHT2hnVdVyT,CPMT: 10996-DDI00139,CPMT: 10996-DDI00139-14/10/2025,
14/10/2025,10999,10999-DDI00184,Ndevor Systems Ltd : Phorest Ireland : Phorest UK,11010 Accounts Receivable : Trade Debtors,GBP,1.0,274.6,10020 Bank : BOI current a/c GBP # 62100285,United Kingdom(Mainland),CARDSUCCESS,DDCARD PAYMENT:MESDDDY9O6O7983026OA6,2.0,,ch_3SIB0bIdctIUMwHT1K2ZMm2O,CPMT: 10999-DDI00184,CPMT: 10999-DDI00184-14/10/2025,
14/10/2025,11042,11042-DDI00118,Ndevor Systems Ltd : Phorest Ireland : Phorest UK,11010 Accounts Receivable : Trade Debtors,GBP,1.0,313.02,10020 Bank : BOI current a/c GBP # 62100285,United Kingdom(NI),CARDSUCCESS,DDCARD PAYMENT:MESDDDUQ7MHMP8ANQP8TF,2.0,,ch_3SIB0eIdctIUMwHT2u8KkFKH,CPMT: 11042-DDI00118,CPMT: 11042-DDI00118-14/10/2025,
14/10/2025,11070,11070-DDI00162,Ndevor Systems Ltd : Phorest Ireland : Phorest UK,11010 Accounts Receivable : Trade Debtors,GBP,1.0,88.14,10020 Bank : BOI current a/c GBP # 62100285,United Kingdom(Mainland),CARDSUCCESS,DDCARD PAYMENT:MESDDDHY6CZAMG3CN6294,2.0,,ch_3SIB0gIdctIUMwHT0IZ3ibrG,CPMT: 11070-DDI00162,CPMT: 11070-DDI00162-14/10/2025,
14/10/2025,11084,11084-DDI00122,Ndevor Systems Ltd : Phorest Ireland : Phorest UK,11010 Accounts Receivable : Trade Debtors,GBP,1.0,82.8,10020 Bank : BOI current a/c GBP # 62100285,United Kingdom(Mainland),CARDSUCCESS,DDCARD PAYMENT:MESDDDE49B14CKP3UUPTN,2.0,,ch_3SIB0jIdctIUMwHT1WrSUTko,CPMT: 11084-DDI00122,CPMT: 11084-DDI00122-14/10/2025,
14/10/2025,11106,11106-DDI00131,Ndevor Systems Ltd : Phorest Ireland : Phorest UK,11010 Accounts Receivable : Trade Debtors,GBP,1.0,166.8,10020 Bank : BOI current a/c GBP # 62100285,United Kingdom(Mainland),CARDSUCCESS,DDCARD PAYMENT:MESDDDEW1AUX1387R1M5I,2.0,,ch_3SIB0nIdctIUMwHT0mHOnTiQ,CPMT: 11106-DDI00131,CPMT: 11106-DDI00131-14/10/2025,
14/10/2025,11418,11418-DDI00146,Ndevor Systems Ltd : Phorest Ireland : Phorest UK,11010 Accounts Receivable : Trade Debtors,GBP,1.0,156.6,10020 Bank : BOI current a/c GBP # 62100285,United Kingdom(Mainland),CARDSUCCESS,DDCARD PAYMENT:MESDDDAEM3XWB4X8A856T,2.0,,ch_3SIB1xIdctIUMwHT1QpQ1TF7,CPMT: 11418-DDI00146,CPMT: 11418-DDI00146-14/10/2025,
14/10/2025,10794,10794-DDI00115,Ndevor Systems Ltd : Phorest Ireland : Phorest UK,11010 Accounts Receivable : Trade Debtors,GBP,1.0,319.43,10020 Bank : BOI current a/c GBP # 62100285,United Kingdom(NI),CARDSUCCESS,DDCARD PAYMENT:MESDDDJ6NPRRQV04D1653,2.0,,ch_3SIB05IdctIUMwHT2dlZ6XS4,CPMT: 10794-DDI00115,CPMT: 10794-DDI00115-14/10/2025,
14/10/2025,11443,11443-DDI00169,Ndevor Systems Ltd : Phorest Ireland : Phorest UK,11010 Accounts Receivable : Trade Debtors,GBP,1.0,293.81,10020 Bank : BOI current a/c GBP # 62100285,United Kingdom(Mainland),CARDSUCCESS,DDCARD PAYMENT:MESDDDHED27J9APG6K476,2.0,,ch_3SIB23IdctIUMwHT01CqwlfY,CPMT: 11443-DDI00169,CPMT: 11443-DDI00169-14/10/2025,
14/10/2025,11706,11706-DDI00205,Ndevor Systems Ltd : Phorest Ireland : Phorest UK,11010 Accounts Receivable : Trade Debtors,GBP,1.0,190.8,10020 Bank : BOI current a/c GBP # 62100285,United Kingdom(Mainland),CARDSUCCESS,DDCARD PAYMENT:MESDDDJDXV98089I50634,2.0,,ch_3SIB36IdctIUMwHT2JhirhLc,CPMT: 11706-DDI00205,CPMT: 11706-DDI00205-14/10/2025,
14/10/2025,11712,11712-DDI00131,Ndevor Systems Ltd : Phorest Ireland : Phorest UK,11010 Accounts Receivable : Trade Debtors,GBP,1.0,254.47,10020 Bank : BOI current a/c GBP # 62100285,United Kingdom(Mainland),CARDSUCCESS,DDCARD PAYMENT:MESDDDOPWJSJG2827DV2C,2.0,,ch_3SIB38IdctIUMwHT2EzogkYo,CPMT: 11712-DDI00131,CPMT: 11712-DDI00131-14/10/2025,
14/10/2025,11716,11716-DDI00108,Ndevor Systems Ltd : Phorest Ireland : Phorest UK,11010 Accounts Receivable : Trade Debtors,GBP,1.0,101.24,10020 Bank : BOI current a/c GBP # 62100285,United Kingdom(Mainland),CARDSUCCESS,DDCARD PAYMENT:MESDDDVKYP35BKRXIPPMI,2.0,,ch_3SIB3BIdctIUMwHT2nw5YBkl,CPMT: 11716-DDI00108,CPMT: 11716-DDI00108-14/10/2025,
14/10/2025,11717,11717-DDI00149,Ndevor Systems Ltd : Phorest Ireland : Phorest UK,11010 Accounts Receivable : Trade Debtors,GBP,1.0,111.73,10020 Bank : BOI current a/c GBP # 62100285,United Kingdom(Mainland),CARDSUCCESS,DDCARD PAYMENT:MESDDD56X23QT9DRXQRM6,2.0,,ch_3SIB3DIdctIUMwHT0DRQLzqM,CPMT: 11717-DDI00149,CPMT: 11717-DDI00149-14/10/2025,
14/10/2025,11720,11720-DDI00136,Ndevor Systems Ltd : Phorest Ireland : Phorest UK,11010 Accounts Receivable : Trade Debtors,GBP,1.0,232.55,10020 Bank : BOI current a/c GBP # 62100285,United Kingdom(Mainland),CARDSUCCESS,DDCARD PAYMENT:MESDDDN0635T8XDE7H7V9,2.0,,ch_3SIB3FIdctIUMwHT1xYgtHgI,CPMT: 11720-DDI00136,CPMT: 11720-DDI00136-14/10/2025,
14/10/2025,11739,11739-DDI00171,Ndevor Systems Ltd : Phorest Ireland : Phorest UK,11010 Accounts Receivable : Trade Debtors,GBP,1.0,207.0,10020 Bank : BOI current a/c GBP # 62100285,United Kingdom(Mainland),CARDSUCCESS,DDCARD PAYMENT:MESDDDCKLBNY52J6DS9J7,2.0,,ch_3SIB3IIdctIUMwHT1E4Zwcbj,CPMT: 11739-DDI00171,CPMT: 11739-DDI00171-14/10/2025,
14/10/2025,11744,11744-DDI00162,Ndevor Systems Ltd : Phorest Ireland : Phorest UK,11010 Accounts Receivable : Trade Debtors,GBP,1.0,184.58,10020 Bank : BOI current a/c GBP # 62100285,United Kingdom(Mainland),CARDSUCCESS,DDCARD PAYMENT:MESDDDXL2700RN56769I6,2.0,,ch_3SIB3KIdctIUMwHT1D7py0Jm,CPMT: 11744-DDI00162,CPMT: 11744-DDI00162-14/10/2025,
14/10/2025,11745,11745-DDI00121,Ndevor Systems Ltd : Phorest Ireland : Phorest UK,11010 Accounts Receivable : Trade Debtors,GBP,1.0,151.48,10020 Bank : BOI current a/c GBP # 62100285,United Kingdom(Mainland),CARDSUCCESS,DDCARD PAYMENT:MESDDDJRE38A398LV7TRY,2.0,,ch_3SIB3MIdctIUMwHT2grckMcc,CPMT: 11745-DDI00121,CPMT: 11745-DDI00121-14/10/2025,
14/10/2025,11750,11750-DDI00093,Ndevor Systems Ltd : Phorest Ireland : Phorest UK,11010 Accounts Receivable : Trade Debtors,GBP,1.0,220.99,10020 Bank : BOI current a/c GBP # 62100285,United Kingdom(NI),CARDSUCCESS,DDCARD PAYMENT:MESDDDVLMB851T1E4Q61T,2.0,,ch_3SIB3PIdctIUMwHT1OngvU4S,CPMT: 11750-DDI00093,CPMT: 11750-DDI00093-14/10/2025,
14/10/2025,11765,11765-DDI00198,Ndevor Systems Ltd : Phorest Ireland : Phorest UK,11010 Accounts Receivable : Trade Debtors,GBP,1.0,265.64,10020 Bank : BOI current a/c GBP # 62100285,United Kingdom(Mainland),CARDSUCCESS,DDCARD PAYMENT:MESDDDH3DN198CEL4V88A,2.0,,ch_3SIB3TIdctIUMwHT2aUceujB,CPMT: 11765-DDI00198,CPMT: 11765-DDI00198-14/10/2025,
14/10/2025,11773,11773-DDI00118,Ndevor Systems Ltd : Phorest Ireland : Phorest UK,11010 Accounts Receivable : Trade Debtors,GBP,1.0,82.8,10020 Bank : BOI current a/c GBP # 62100285,United Kingdom(Mainland),CARDSUCCESS,DDCARD PAYMENT:MESDDDV3406CAJ7A75L62,2.0,,ch_3SIB3WIdctIUMwHT2v88jKh8,CPMT: 11773-DDI00118,CPMT: 11773-DDI00118-14/10/2025,
14/10/2025,11834,11834-DDI00161,Ndevor Systems Ltd : Phorest Ireland : Phorest UK,11010 Accounts Receivable : Trade Debtors,GBP,1.0,202.14,10020 Bank : BOI current a/c GBP # 62100285,United Kingdom(NI),CARDSUCCESS,DDCARD PAYMENT:MESDDD8J6PDU2EZBEJ18F,2.0,,ch_3SIB3bIdctIUMwHT1Bvlr3gr,CPMT: 11834-DDI00161,CPMT: 11834-DDI00161-14/10/2025,
14/10/2025,11851,11851-DDI00149,Ndevor Systems Ltd : Phorest Ireland : Phorest UK,11010 Accounts Receivable : Trade Debtors,GBP,1.0,416.4,10020 Bank : BOI current a/c GBP # 62100285,United Kingdom(Mainland),CARDSUCCESS,DDCARD PAYMENT:MESDDD4SD943R02GGUX98,2.0,,ch_3SIB3dIdctIUMwHT0nnpnZqz,CPMT: 11851-DDI00149,CPMT: 11851-DDI00149-14/10/2025,
14/10/2025,11888,11888-DDI00155,Ndevor Systems Ltd : Phorest Ireland : Phorest UK,11010 Accounts Receivable : Trade Debtors,GBP,1.0,127.7,10020 Bank : BOI current a/c GBP # 62100285,United Kingdom(Mainland),CARDSUCCESS,DDCARD PAYMENT:MESDDDUGZ0NST37C8MAB2,2.0,,ch_3SIB3kIdctIUMwHT1gW90FtH,CPMT: 11888-DDI00155,CPMT: 11888-DDI00155-14/10/2025,
14/10/2025,11894,11894-DDI00150,Ndevor Systems Ltd : Phorest Ireland : Phorest UK,11010 Accounts Receivable : Trade Debtors,GBP,1.0,319.81,10020 Bank : BOI current a/c GBP # 62100285,United Kingdom(Mainland),CARDSUCCESS,DDCARD PAYMENT:MESDDDG22PXS69971A7LC,2.0,,ch_3SIB3nIdctIUMwHT1Y6cc7z4,CPMT: 11894-DDI00150,CPMT: 11894-DDI00150-14/10/2025,
14/10/2025,11924,11924-DDI00133,Ndevor Systems Ltd : Phorest Ireland : Phorest UK,11010 Accounts Receivable : Trade Debtors,GBP,1.0,247.49,10020 Bank : BOI current a/c GBP # 62100285,United Kingdom(Mainland),CARDSUCCESS,DDCARD PAYMENT:MESDDD2QOZPN60TH9H3W7,2.0,,ch_3SIB3pIdctIUMwHT1TDd4uze,CPMT: 11924-DDI00133,CPMT: 11924-DDI00133-14/10/2025,
14/10/2025,11961,11961-DDI00154,Ndevor Systems Ltd : Phorest Ireland : Phorest UK,11010 Accounts Receivable : Trade Debtors,GBP,1.0,213.31,10020 Bank : BOI current a/c GBP # 62100285,United Kingdom(Mainland),CARDSUCCESS,DDCARD PAYMENT:MESDDDXC4886685294E89,2.0,,ch_3SIB3rIdctIUMwHT0vLk5Zic,CPMT: 11961-DDI00154,CPMT: 11961-DDI00154-14/10/2025,
14/10/2025,11972,11972-DDI00122,Ndevor Systems Ltd : Phorest Ireland : Phorest UK,11010 Accounts Receivable : Trade Debtors,GBP,1.0,154.8,10020 Bank : BOI current a/c GBP # 62100285,United Kingdom(Mainland),CARDSUCCESS,DDCARD PAYMENT:MESDDDYXR22NCL326AF1W,2.0,,ch_3SIB3uIdctIUMwHT14gUte3B,CPMT: 11972-DDI00122,CPMT: 11972-DDI00122-14/10/2025,
14/10/2025,11986,11986-DDI00179,Ndevor Systems Ltd : Phorest Ireland : Phorest UK,11010 Accounts Receivable : Trade Debtors,GBP,1.0,227.22,10020 Bank : BOI current a/c GBP # 62100285,United Kingdom(NI),CARDSUCCESS,DDCARD PAYMENT:MESDDD6OP45RJ8204HOG1,2.0,,ch_3SIB3wIdctIUMwHT2uKlGRsm,CPMT: 11986-DDI00179,CPMT: 11986-DDI00179-14/10/2025,
14/10/2025,11987,11987-DDI00180,Ndevor Systems Ltd : Phorest Ireland : Phorest UK,11010 Accounts Receivable : Trade Debtors,GBP,1.0,498.36,10020 Bank : BOI current a/c GBP # 62100285,United Kingdom(Mainland),CARDSUCCESS,DDCARD PAYMENT:MESDDD91B32YKA4L90D7D,2.0,,ch_3SIB3zIdctIUMwHT2h1kWrrl,CPMT: 11987-DDI00180,CPMT: 11987-DDI00180-14/10/2025,
14/10/2025,11989,11989-DDI00172,Ndevor Systems Ltd : Phorest Ireland : Phorest UK,11010 Accounts Receivable : Trade Debtors,GBP,1.0,154.97,10020 Bank : BOI current a/c GBP # 62100285,United Kingdom(Mainland),CARDSUCCESS,DDCARD PAYMENT:MESDDDHU8WS0QSN8XA3L9,2.0,,ch_3SIB41IdctIUMwHT2fMzsl3m,CPMT: 11989-DDI00172,CPMT: 11989-DDI00172-14/10/2025,
14/10/2025,11998,11998-DDI00149,Ndevor Systems Ltd : Phorest Ireland : Phorest UK,11010 Accounts Receivable : Trade Debtors,GBP,1.0,163.92,10020 Bank : BOI current a/c GBP # 62100285,United Kingdom(Mainland),CARDSUCCESS,DDCARD PAYMENT:MESDDD2ISN87JZ35C5HE6,2.0,,ch_3SIB44IdctIUMwHT25Uy3bF2,CPMT: 11998-DDI00149,CPMT: 11998-DDI00149-14/10/2025,
14/10/2025,11429,11429-DDI00149,Ndevor Systems Ltd : Phorest Ireland : Phorest UK,11010 Accounts Receivable : Trade Debtors,GBP,1.0,163.45,10020 Bank : BOI current a/c GBP # 62100285,United Kingdom(Mainland),CARDSUCCESS,DDCARD PAYMENT:MESDDD330BI180V10Q5JQ,2.0,,ch_3SIB1zIdctIUMwHT2xZzinTD,CPMT: 11429-DDI00149,CPMT: 11429-DDI00149-14/10/2025,
14/10/2025,11703,11703-DDI00174,Ndevor Systems Ltd : Phorest Ireland : Phorest UK,11010 Accounts Receivable : Trade Debtors,GBP,1.0,288.02,10020 Bank : BOI current a/c GBP # 62100285,United Kingdom(Mainland),CARDSUCCESS,DDCARD PAYMENT:MESDDDR01KE91B5284MI7,2.0,,ch_3SIB34IdctIUMwHT2k9KY7eh,CPMT: 11703-DDI00174,CPMT: 11703-DDI00174-14/10/2025,
14/10/2025,11700,11700-DDI00114,Ndevor Systems Ltd : Phorest Ireland : Phorest UK,11010 Accounts Receivable : Trade Debtors,GBP,1.0,58.8,10020 Bank : BOI current a/c GBP # 62100285,United Kingdom(Mainland),CARDSUCCESS,DDCARD PAYMENT:MESDDDJG3HJD78UQC58I4,2.0,,ch_3SIB32IdctIUMwHT11N0GR8i,CPMT: 11700-DDI00114,CPMT: 11700-DDI00114-14/10/2025,
14/10/2025,11875,11875-DDI00196,Ndevor Systems Ltd : Phorest Ireland : Phorest UK,11010 Accounts Receivable : Trade Debtors,GBP,1.0,205.84,10020 Bank : BOI current a/c GBP # 62100285,United Kingdom(Mainland),CARDSUCCESS,DDCARD PAYMENT:MESDDDOR6G94K912P88V5,2.0,,ch_3SIB3iIdctIUMwHT1O3UurMt,CPMT: 11875-DDI00196,CPMT: 11875-DDI00196-14/10/2025,
14/10/2025,11664,11664-DDI00163,Ndevor Systems Ltd : Phorest Ireland : Phorest UK,11010 Accounts Receivable : Trade Debtors,GBP,1.0,287.82,10020 Bank : BOI current a/c GBP # 62100285,United Kingdom(Mainland),CARDSUCCESS,DDCARD PAYMENT:MESDDD5U0D1P9085OS9NG,2.0,,ch_3SIB2xIdctIUMwHT2ZFJ1bbn,CPMT: 11664-DDI00163,CPMT: 11664-DDI00163-14/10/2025,
14/10/2025,11446,11446-DDI00160,Ndevor Systems Ltd : Phorest Ireland : Phorest UK,11010 Accounts Receivable : Trade Debtors,GBP,1.0,176.96,10020 Bank : BOI current a/c GBP # 62100285,United Kingdom(Mainland),CARDSUCCESS,DDCARD PAYMENT:MESDDDF54O411NS0LJC18,2.0,,ch_3SIB25IdctIUMwHT2e3euw2c,CPMT: 11446-DDI00160,CPMT: 11446-DDI00160-14/10/2025,
14/10/2025,11696,11696-DDI00125,Ndevor Systems Ltd : Phorest Ireland : Phorest UK,11010 Accounts Receivable : Trade Debtors,GBP,1.0,117.37,10020 Bank : BOI current a/c GBP # 62100285,United Kingdom(Mainland),CARDSUCCESS,DDCARD PAYMENT:MESDDD47G6WI636IL1D6L,2.0,,ch_3SIB2zIdctIUMwHT0pYCpcMW,CPMT: 11696-DDI00125,CPMT: 11696-DDI00125-14/10/2025,
14/10/2025,11455,11455-DDI00110,Ndevor Systems Ltd : Phorest Ireland : Phorest UK,11010 Accounts Receivable : Trade Debtors,GBP,1.0,103.56,10020 Bank : BOI current a/c GBP # 62100285,United Kingdom(Mainland),CARDSUCCESS,DDCARD PAYMENT:MESDDD880LIQ549868GEB,2.0,,ch_3SIB28IdctIUMwHT2hyURaeq,CPMT: 11455-DDI00110,CPMT: 11455-DDI00110-14/10/2025,
14/10/2025,11457,11457-DDI00162,Ndevor Systems Ltd : Phorest Ireland : Phorest UK,11010 Accounts Receivable : Trade Debtors,GBP,1.0,130.33,10020 Bank : BOI current a/c GBP # 62100285,United Kingdom(Mainland),CARDSUCCESS,DDCARD PAYMENT:MESDDD43I93DVMJW2SS08,2.0,,ch_3SIB2AIdctIUMwHT0wuQLpXZ,CPMT: 11457-DDI00162,CPMT: 11457-DDI00162-14/10/2025,
14/10/2025,11459,11459-DDI00184,Ndevor Systems Ltd : Phorest Ireland : Phorest UK,11010 Accounts Receivable : Trade Debtors,GBP,1.0,142.8,10020 Bank : BOI current a/c GBP # 62100285,United Kingdom(Mainland),CARDSUCCESS,DDCARD PAYMENT:MESDDD8J6441G11BLJ7E7,2.0,,ch_3SIB2CIdctIUMwHT1gYwmINL,CPMT: 11459-DDI00184,CPMT: 11459-DDI00184-14/10/2025,
14/10/2025,11476,11476-DDI00126,Ndevor Systems Ltd : Phorest Ireland : Phorest UK,11010 Accounts Receivable : Trade Debtors,GBP,1.0,98.22,10020 Bank : BOI current a/c GBP # 62100285,United Kingdom(Mainland),CARDSUCCESS,DDCARD PAYMENT:MESDDDG7XBWK6D64BTT1S,2.0,,ch_3SIB2EIdctIUMwHT0Rhci71w,CPMT: 11476-DDI00126,CPMT: 11476-DDI00126-14/10/2025,
14/10/2025,11477,11477-DDI00202,Ndevor Systems Ltd : Phorest Ireland : Phorest UK,11010 Accounts Receivable : Trade Debtors,GBP,1.0,190.8,10020 Bank : BOI current a/c GBP # 62100285,United Kingdom(Mainland),CARDSUCCESS,DDCARD PAYMENT:MESDDD78SH3XYS6BW5W1R,2.0,,ch_3SIB2HIdctIUMwHT0DjYUjFk,CPMT: 11477-DDI00202,CPMT: 11477-DDI00202-14/10/2025,
14/10/2025,11499,11499-DDI00167,Ndevor Systems Ltd : Phorest Ireland : Phorest UK,11010 Accounts Receivable : Trade Debtors,GBP,1.0,118.8,10020 Bank : BOI current a/c GBP # 62100285,United Kingdom(Mainland),CARDSUCCESS,DDCARD PAYMENT:MESDDD5NHC9KEYP0U4M75,2.0,,ch_3SIB2JIdctIUMwHT1mZonSw5,CPMT: 11499-DDI00167,CPMT: 11499-DDI00167-14/10/2025,
14/10/2025,11507,11507-DDI00141,Ndevor Systems Ltd : Phorest Ireland : Phorest UK,11010 Accounts Receivable : Trade Debtors,GBP,1.0,139.44,10020 Bank : BOI current a/c GBP # 62100285,United Kingdom(Mainland),CARDSUCCESS,DDCARD PAYMENT:MESDDDTQAWNQAPAPPT8CQ,2.0,,ch_3SIB2LIdctIUMwHT0zk4MbLw,CPMT: 11507-DDI00141,CPMT: 11507-DDI00141-14/10/2025,
14/10/2025,11508,11508-DDI00176,Ndevor Systems Ltd : Phorest Ireland : Phorest UK,11010 Accounts Receivable : Trade Debtors,GBP,1.0,82.8,10020 Bank : BOI current a/c GBP # 62100285,United Kingdom(Mainland),CARDSUCCESS,DDCARD PAYMENT:MESDDDYWF21794LZ1LI84,2.0,,ch_3SIB2OIdctIUMwHT0fwQD5pM,CPMT: 11508-DDI00176,CPMT: 11508-DDI00176-14/10/2025,
14/10/2025,11513,11513-DDI00123,Ndevor Systems Ltd : Phorest Ireland : Phorest UK,11010 Accounts Receivable : Trade Debtors,GBP,1.0,118.81,10020 Bank : BOI current a/c GBP # 62100285,United Kingdom(Mainland),CARDSUCCESS,DDCARD PAYMENT:MESDDDW7217C7QQA792J4,2.0,,ch_3SIB2QIdctIUMwHT2XTeUnoL,CPMT: 11513-DDI00123,CPMT: 11513-DDI00123-14/10/2025,
14/10/2025,11554,11554-DDI00109,Ndevor Systems Ltd : Phorest Ireland : Phorest UK,11010 Accounts Receivable : Trade Debtors,GBP,1.0,110.52,10020 Bank : BOI current a/c GBP # 62100285,United Kingdom(Mainland),CARDSUCCESS,DDCARD PAYMENT:MESDDD9Y534MX2OV64ZW3,2.0,,ch_3SIB2VIdctIUMwHT1nw18K0Q,CPMT: 11554-DDI00109,CPMT: 11554-DDI00109-14/10/2025,
14/10/2025,12044,12044-DDI00186,Ndevor Systems Ltd : Phorest Ireland : Phorest UK,11010 Accounts Receivable : Trade Debtors,GBP,1.0,190.8,10020 Bank : BOI current a/c GBP # 62100285,United Kingdom(Mainland),CARDSUCCESS,DDCARD PAYMENT:MESDDDT5Q976D1T9Q3J5T,2.0,,ch_3SIB49IdctIUMwHT13J7lCEx,CPMT: 12044-DDI00186,CPMT: 12044-DDI00186-14/10/2025,
14/10/2025,11603,11603-DDI00201,Ndevor Systems Ltd : Phorest Ireland : Phorest UK,11010 Accounts Receivable : Trade Debtors,GBP,1.0,190.8,10020 Bank : BOI current a/c GBP # 62100285,United Kingdom(Mainland),CARDSUCCESS,DDCARD PAYMENT:MESDDDL77J4FM5X08EPOQ,2.0,,ch_3SIB2aIdctIUMwHT2n2J4m5K,CPMT: 11603-DDI00201,CPMT: 11603-DDI00201-14/10/2025,
14/10/2025,11605,11605-DDI00164,Ndevor Systems Ltd : Phorest Ireland : Phorest UK,11010 Accounts Receivable : Trade Debtors,GBP,1.0,137.53,10020 Bank : BOI current a/c GBP # 62100285,United Kingdom(Mainland),CARDSUCCESS,DDCARD PAYMENT:MESDDDXN78R69IEDTGG54,2.0,,ch_3SIB2cIdctIUMwHT1ZCEdA0i,CPMT: 11605-DDI00164,CPMT: 11605-DDI00164-14/10/2025,
14/10/2025,11562,11562-DDI00164,Ndevor Systems Ltd : Phorest Ireland : Phorest UK,11010 Accounts Receivable : Trade Debtors,GBP,1.0,241.25,10020 Bank : BOI current a/c GBP # 62100285,United Kingdom(Mainland),CARDSUCCESS,DDCARD PAYMENT:MESDDD5G5C4F4MOSL9B7H,2.0,,ch_3SIB2XIdctIUMwHT2jSvzJNQ,CPMT: 11562-DDI00164,CPMT: 11562-DDI00164-14/10/2025,
14/10/2025,11608,11608-DDI00174,Ndevor Systems Ltd : Phorest Ireland : Phorest UK,11010 Accounts Receivable : Trade Debtors,GBP,1.0,222.22,10020 Bank : BOI current a/c GBP # 62100285,United Kingdom(Mainland),CARDSUCCESS,DDCARD PAYMENT:MESDDDC84UOP9E944KRKY,2.0,,ch_3SIB2eIdctIUMwHT0cFEafIj,CPMT: 11608-DDI00174,CPMT: 11608-DDI00174-14/10/2025,
14/10/2025,11620,11620-DDI00109,Ndevor Systems Ltd : Phorest Ireland : Phorest UK,11010 Accounts Receivable : Trade Debtors,GBP,1.0,82.8,10020 Bank : BOI current a/c GBP # 62100285,United Kingdom(Mainland),CARDSUCCESS,DDCARD PAYMENT:MESDDDZ6TEF9RE95608U2,2.0,,ch_3SIB2hIdctIUMwHT2nu6hYga,CPMT: 11620-DDI00109,CPMT: 11620-DDI00109-14/10/2025,
14/10/2025,11623,11623-DDI00126,Ndevor Systems Ltd : Phorest Ireland : Phorest UK,11010 Accounts Receivable : Trade Debtors,GBP,1.0,97.72,10020 Bank : BOI current a/c GBP # 62100285,United Kingdom(Mainland),CARDSUCCESS,DDCARD PAYMENT:MESDDDZBN85N007137EY0,2.0,,ch_3SIB2jIdctIUMwHT0WxsSpvt,CPMT: 11623-DDI00126,CPMT: 11623-DDI00126-14/10/2025,
14/10/2025,11624,11624-DDI00119,Ndevor Systems Ltd : Phorest Ireland : Phorest UK,11010 Accounts Receivable : Trade Debtors,GBP,1.0,106.8,10020 Bank : BOI current a/c GBP # 62100285,United Kingdom(Mainland),CARDSUCCESS,DDCARD PAYMENT:MESDDD7Z86TPK8Y93NH6F,2.0,,ch_3SIB2lIdctIUMwHT1A4yf1TJ,CPMT: 11624-DDI00119,CPMT: 11624-DDI00119-14/10/2025,
14/10/2025,11637,11637-DDI00169,Ndevor Systems Ltd : Phorest Ireland : Phorest UK,11010 Accounts Receivable : Trade Debtors,GBP,1.0,221.12,10020 Bank : BOI current a/c GBP # 62100285,United Kingdom(Mainland),CARDSUCCESS,DDCARD PAYMENT:MESDDD42761ZUA6Y5VQG0,2.0,,ch_3SIB2qIdctIUMwHT2IbNJGer,CPMT: 11637-DDI00169,CPMT: 11637-DDI00169-14/10/2025,
14/10/2025,11640,11640-DDI00178,Ndevor Systems Ltd : Phorest Ireland : Phorest UK,11010 Accounts Receivable : Trade Debtors,GBP,1.0,82.8,10020 Bank : BOI current a/c GBP # 62100285,United Kingdom(Mainland),CARDSUCCESS,DDCARD PAYMENT:MESDDDCN4E362Y04ZT3NB,2.0,,ch_3SIB2sIdctIUMwHT1pLEDp9q,CPMT: 11640-DDI00178,CPMT: 11640-DDI00178-14/10/2025,
14/10/2025,11644,11644-DDI00108,Ndevor Systems Ltd : Phorest Ireland : Phorest UK,11010 Accounts Receivable : Trade Debtors,GBP,1.0,148.52,10020 Bank : BOI current a/c GBP # 62100285,United Kingdom(Mainland),CARDSUCCESS,DDCARD PAYMENT:MESDDDHF961X07KUAP0A5,2.0,,ch_3SIB2uIdctIUMwHT0EweHqUa,CPMT: 11644-DDI00108,CPMT: 11644-DDI00108-14/10/2025,
15/10/2025,43165,43165-DDI00047,Ndevor Systems Ltd : Phorest Ireland : Phorest UK,11010 Accounts Receivable : Trade Debtors,GBP,1.0,134.1,10020 Bank : BOI current a/c GBP # 62100285,United Kingdom(Mainland),CARDSUCCESS,DDCARD PAYMENT:MES471103478864164305,2.0,,ch_3SIQuvIdctIUMwHT0oBuPzLG,CPMT: 43165-DDI00047,CPMT: 43165-DDI00047-15/10/2025,
15/10/2025,45046,45046-DDI00076,Ndevor Systems Ltd : Phorest Ireland : Phorest UK,11010 Accounts Receivable : Trade Debtors,GBP,1.0,58.8,10020 Bank : BOI current a/c GBP # 62100285,United Kingdom(Mainland),CARDSUCCESS,DDCARD PAYMENT:MES737662989704674169,2.0,,ch_3SIQuxIdctIUMwHT0o1iPE2S,CPMT: 45046-DDI00076,CPMT: 45046-DDI00076-15/10/2025,
15/10/2025,47737,47737-DDI00064,Ndevor Systems Ltd : Phorest Ireland : Phorest UK,11010 Accounts Receivable : Trade Debtors,GBP,1.0,253.82,10020 Bank : BOI current a/c GBP # 62100285,United Kingdom(Mainland),CARDSUCCESS,DDCARD PAYMENT:MES017557781282199133,2.0,,ch_3SIQv2IdctIUMwHT0PCuoOoH,CPMT: 47737-DDI00064,CPMT: 47737-DDI00064-15/10/2025,
15/10/2025,48247,48247-DDI00063,Ndevor Systems Ltd : Phorest Ireland : Phorest UK,11010 Accounts Receivable : Trade Debtors,GBP,1.0,247.13,10020 Bank : BOI current a/c GBP # 62100285,United Kingdom(Mainland),CARDSUCCESS,DDCARD PAYMENT:MES384884520293526291,2.0,,ch_3SIQv7IdctIUMwHT2SZm09FY,CPMT: 48247-DDI00063,CPMT: 48247-DDI00063-15/10/2025,
15/10/2025,48870,48870-DDI00060,Ndevor Systems Ltd : Phorest Ireland : Phorest UK,11010 Accounts Receivable : Trade Debtors,GBP,1.0,132.52,10020 Bank : BOI current a/c GBP # 62100285,United Kingdom(Mainland),CARDSUCCESS,DDCARD PAYMENT:MES109023820341654096,2.0,,ch_3SIQvCIdctIUMwHT2h55rbIY,CPMT: 48870-DDI00060,CPMT: 48870-DDI00060-15/10/2025,
15/10/2025,49771,49771-DDI00051,Ndevor Systems Ltd : Phorest Ireland : Phorest UK,11010 Accounts Receivable : Trade Debtors,GBP,1.0,58.8,10020 Bank : BOI current a/c GBP # 62100285,United Kingdom(Mainland),CARDSUCCESS,DDCARD PAYMENT:MES064294311395623268,2.0,,ch_3SIQvGIdctIUMwHT2z1W5NdN,CPMT: 49771-DDI00051,CPMT: 49771-DDI00051-15/10/2025,
15/10/2025,57542,57542-DDI00039,Ndevor Systems Ltd : Phorest Ireland : Phorest UK,11010 Accounts Receivable : Trade Debtors,GBP,1.0,199.2,10020 Bank : BOI current a/c GBP # 62100285,United Kingdom(Mainland),CARDSUCCESS,DDCARD PAYMENT:MES033285472788689044,2.0,,ch_3SIQveIdctIUMwHT1yll4PjI,CPMT: 57542-DDI00039,CPMT: 57542-DDI00039-15/10/2025,
15/10/2025,52324,52324-DDI00050,Ndevor Systems Ltd : Phorest Ireland : Phorest UK,11010 Accounts Receivable : Trade Debtors,GBP,1.0,166.8,10020 Bank : BOI current a/c GBP # 62100285,United Kingdom(Mainland),CARDSUCCESS,DDCARD PAYMENT:MES758353543006779724,2.0,,ch_3SIQvTIdctIUMwHT2Iimtkj0,CPMT: 52324-DDI00050,CPMT: 52324-DDI00050-15/10/2025,
15/10/2025,55015,55015-DDI00048,Ndevor Systems Ltd : Phorest Ireland : Phorest UK,11010 Accounts Receivable : Trade Debtors,GBP,1.0,333.6,10020 Bank : BOI current a/c GBP # 62100285,United Kingdom(Mainland),CARDSUCCESS,DDCARD PAYMENT:MES104412492918622101,2.0,,ch_3SIQvbIdctIUMwHT0w6ihIfa,CPMT: 55015-DDI00048,CPMT: 55015-DDI00048-15/10/2025,
15/10/2025,33927,33927-DDI00098,Ndevor Systems Ltd : Phorest Ireland : Phorest UK,11010 Accounts Receivable : Trade Debtors,GBP,1.0,200.66,10020 Bank : BOI current a/c GBP # 62100285,United Kingdom(NI),CARDSUCCESS,DDCARD PAYMENT:MES254642470362288594,2.0,,ch_3SIQuSIdctIUMwHT2S0WU0aV,CPMT: 33927-DDI00098,CPMT: 33927-DDI00098-15/10/2025,
15/10/2025,77159,77159-DDI00016,Ndevor Systems Ltd : Phorest Ireland : Phorest UK,11010 Accounts Receivable : Trade Debtors,GBP,1.0,239.57,10020 Bank : BOI current a/c GBP # 62100285,United Kingdom(Mainland),CARDSUCCESS,DDCARD PAYMENT:MES838303456088386674,2.0,,ch_3SIQwFIdctIUMwHT0sbzLXuj,CPMT: 77159-DDI00016,CPMT: 77159-DDI00016-15/10/2025,
15/10/2025,77340,77340-DDI00011,Ndevor Systems Ltd : Phorest Ireland : Phorest UK,11010 Accounts Receivable : Trade Debtors,GBP,1.0,377.09,10020 Bank : BOI current a/c GBP # 62100285,United Kingdom(Mainland),CARDSUCCESS,DDCARD PAYMENT:MES741591365214849787,2.0,,ch_3SIQwIIdctIUMwHT2U0uoCMu,CPMT: 77340-DDI00011,CPMT: 77340-DDI00011-15/10/2025,
15/10/2025,81031,81031-DDI00011,Ndevor Systems Ltd : Phorest Ireland : Phorest UK,11010 Accounts Receivable : Trade Debtors,GBP,1.0,148.8,10020 Bank : BOI current a/c GBP # 62100285,United Kingdom(Mainland),CARDSUCCESS,DDCARD PAYMENT:MES028868903796755468,2.0,,ch_3SIQwPIdctIUMwHT0XqMAeBi,CPMT: 81031-DDI00011,CPMT: 81031-DDI00011-15/10/2025,
15/10/2025,84736,84736-DDI00005,Ndevor Systems Ltd : Phorest Ireland : Phorest UK,11010 Accounts Receivable : Trade Debtors,GBP,1.0,298.8,10020 Bank : BOI current a/c GBP # 62100285,United Kingdom(Mainland),CARDSUCCESS,DDCARD PAYMENT:MES833548377520376613,2.0,,ch_3SIQwRIdctIUMwHT0HIpi8e5,CPMT: 84736-DDI00005,CPMT: 84736-DDI00005-15/10/2025,
15/10/2025,85162,85162-DDI00004,Ndevor Systems Ltd : Phorest Ireland : Phorest UK,11010 Accounts Receivable : Trade Debtors,GBP,1.0,112.8,10020 Bank : BOI current a/c GBP # 62100285,United Kingdom(Mainland),CARDSUCCESS,DDCARD PAYMENT:MES367519256822967820,2.0,,ch_3SIQwUIdctIUMwHT0M7bMMhe,CPMT: 85162-DDI00004,CPMT: 85162-DDI00004-15/10/2025,
15/10/2025,51310,51310-DDI00054,Ndevor Systems Ltd : Phorest Ireland : Phorest UK,11010 Accounts Receivable : Trade Debtors,GBP,1.0,196.85,10020 Bank : BOI current a/c GBP # 62100285,United Kingdom(Mainland),CARDSUCCESS,DDCARD PAYMENT:MES900428009890117151,2.0,,ch_3SIQvOIdctIUMwHT02W64rqZ,CPMT: 51310-DDI00054,CPMT: 51310-DDI00054-15/10/2025,
15/10/2025,30791,30791-DDI00092,Ndevor Systems Ltd : Phorest Ireland : Phorest UK,11010 Accounts Receivable : Trade Debtors,GBP,1.0,258.38,10020 Bank : BOI current a/c GBP # 62100285,United Kingdom(Mainland),CARDSUCCESS,DDCARD PAYMENT:MES784282578181867148,2.0,,ch_3SIQuJIdctIUMwHT0DREVw4T,CPMT: 30791-DDI00092,CPMT: 30791-DDI00092-15/10/2025,
15/10/2025,27551,27551-DDI00091,Ndevor Systems Ltd : Phorest Ireland : Phorest UK,11010 Accounts Receivable : Trade Debtors,GBP,1.0,762.5,10020 Bank : BOI current a/c GBP # 62100285,United Kingdom(Mainland),CARDSUCCESS,DDCARD PAYMENT:MES171571530233428097,2.0,,ch_3SIQtyIdctIUMwHT2O7hAX58,CPMT: 27551-DDI00091,CPMT: 27551-DDI00091-15/10/2025,
15/10/2025,29779,29779-DDI00114,Ndevor Systems Ltd : Phorest Ireland : Phorest UK,11010 Accounts Receivable : Trade Debtors,GBP,1.0,339.86,10020 Bank : BOI current a/c GBP # 62100285,United Kingdom(Mainland),CARDSUCCESS,DDCARD PAYMENT:MES971121829232094381,2.0,,ch_3SIQu8IdctIUMwHT1Pr2zlQA,CPMT: 29779-DDI00114,CPMT: 29779-DDI00114-15/10/2025,
15/10/2025,12890,12890-DDI00151,Ndevor Systems Ltd : Phorest Ireland : Phorest UK,11010 Accounts Receivable : Trade Debtors,GBP,1.0,198.6,10020 Bank : BOI current a/c GBP # 62100285,United Kingdom(Mainland),CARDSUCCESS,DDCARD PAYMENT:MES032168919680317508,2.0,,ch_3SIQtBIdctIUMwHT0FeC9QKV,CPMT: 12890-DDI00151,CPMT: 12890-DDI00151-15/10/2025,
15/10/2025,20214,20214-DDI00087,Ndevor Systems Ltd : Phorest Ireland : Phorest UK,11010 Accounts Receivable : Trade Debtors,GBP,1.0,58.8,10020 Bank : BOI current a/c GBP # 62100285,United Kingdom(Mainland),CARDSUCCESS,DDCARD PAYMENT:MES162361311437769582,2.0,,ch_3SIQtRIdctIUMwHT1CfvOLos,CPMT: 20214-DDI00087,CPMT: 20214-DDI00087-15/10/2025,
15/10/2025,10776,10776-DDI00152,Ndevor Systems Ltd : Phorest Ireland : Phorest UK,11010 Accounts Receivable : Trade Debtors,GBP,1.0,159.29,10020 Bank : BOI current a/c GBP # 62100285,United Kingdom(Mainland),CARDSUCCESS,DDCARD PAYMENT:MES358874483058019385,2.0,,ch_3SIQsiIdctIUMwHT1JxbCJso,CPMT: 10776-DDI00152,CPMT: 10776-DDI00152-15/10/2025,
15/10/2025,11350,11350-DDI00128,Ndevor Systems Ltd : Phorest Ireland : Phorest UK,11010 Accounts Receivable : Trade Debtors,GBP,1.0,130.27,10020 Bank : BOI current a/c GBP # 62100285,United Kingdom(Mainland),CARDSUCCESS,DDCARD PAYMENT:MES442060916287487113,2.0,,ch_3SIQspIdctIUMwHT1aHu2SPA,CPMT: 11350-DDI00128,CPMT: 11350-DDI00128-15/10/2025,
15/10/2025,9973,9973-DDI00148,Ndevor Systems Ltd : Phorest Ireland : Phorest UK,11010 Accounts Receivable : Trade Debtors,GBP,1.0,298.8,10020 Bank : BOI current a/c GBP # 62100285,United Kingdom(Mainland),CARDSUCCESS,DDCARD PAYMENT:MES449472133759303957,2.0,,ch_3SIQsRIdctIUMwHT2VMGGFS2,CPMT: 9973-DDI00148,CPMT: 9973-DDI00148-15/10/2025,
15/10/2025,9969,9969-DDI00206,Ndevor Systems Ltd : Phorest Ireland : Phorest UK,11010 Accounts Receivable : Trade Debtors,GBP,1.0,310.42,10020 Bank : BOI current a/c GBP # 62100285,United Kingdom(Mainland),CARDSUCCESS,DDCARD PAYMENT:MES856550253712975404,2.0,,ch_3SIQsOIdctIUMwHT1Bs0LrLA,CPMT: 9969-DDI00206,CPMT: 9969-DDI00206-15/10/2025,
15/10/2025,30723,30723-DDI00098,Ndevor Systems Ltd : Phorest Ireland : Phorest UK,11010 Accounts Receivable : Trade Debtors,GBP,1.0,154.8,10020 Bank : BOI current a/c GBP # 62100285,United Kingdom(Mainland),CARDSUCCESS,DDCARD PAYMENT:MES531048756314926577,2.0,,ch_3SIQuHIdctIUMwHT0ow6GvXY,CPMT: 30723-DDI00098,CPMT: 30723-DDI00098-15/10/2025,
15/10/2025,9520,9520-DDI00153,Ndevor Systems Ltd : Phorest Ireland : Phorest UK,11010 Accounts Receivable : Trade Debtors,GBP,1.0,88.14,10020 Bank : BOI current a/c GBP # 62100285,United Kingdom(Mainland),CARDSUCCESS,DDCARD PAYMENT:MES543708169310274725,2.0,,ch_3SIQsJIdctIUMwHT1DOwEgQv,CPMT: 9520-DDI00153,CPMT: 9520-DDI00153-15/10/2025,
15/10/2025,6179,6179-DDI00225,Ndevor Systems Ltd : Phorest Ireland : Phorest UK,11010 Accounts Receivable : Trade Debtors,GBP,1.0,132.26,10020 Bank : BOI current a/c GBP # 62100285,United Kingdom(Mainland),CARDSUCCESS,DDCARD PAYMENT:MES930530725467046072,2.0,,ch_3SIQrzIdctIUMwHT0d9poJg3,CPMT: 6179-DDI00225,CPMT: 6179-DDI00225-15/10/2025,
15/10/2025,12071,12071-DDI00117,Ndevor Systems Ltd : Phorest Ireland : Phorest UK,11010 Accounts Receivable : Trade Debtors,GBP,1.0,288.95,10020 Bank : BOI current a/c GBP # 62100285,United Kingdom(Mainland),CARDSUCCESS,DDCARD PAYMENT:MES360013325706490809,2.0,,ch_3SIQr2IdctIUMwHT10AW8IfW,CPMT: 12071-DDI00117,CPMT: 12071-DDI00117-15/10/2025,
15/10/2025,8633,8633-DDI00172,Ndevor Systems Ltd : Phorest Ireland : Phorest UK,11010 Accounts Receivable : Trade Debtors,GBP,1.0,126.78,10020 Bank : BOI current a/c GBP # 62100285,United Kingdom(Mainland),CARDSUCCESS,DDCARD PAYMENT:MES309554941613127685,2.0,,ch_3SIQqXIdctIUMwHT046mMMLg,CPMT: 8633-DDI00172,CPMT: 8633-DDI00172-15/10/2025,
15/10/2025,26131,26131-DDI00118,Ndevor Systems Ltd : Phorest Ireland : Phorest UK,11010 Accounts Receivable : Trade Debtors,GBP,1.0,361.82,10020 Bank : BOI current a/c GBP # 62100285,United Kingdom(Mainland),CARDSUCCESS,DDCARD PAYMENT:MES457343845235575300,2.0,,ch_3SIQtsIdctIUMwHT1B11XwKQ,CPMT: 26131-DDI00118,CPMT: 26131-DDI00118-15/10/2025,
15/10/2025,27326,27326-DDI00075,Ndevor Systems Ltd : Phorest Ireland : Phorest UK,11010 Accounts Receivable : Trade Debtors,GBP,1.0,162.58,10020 Bank : BOI current a/c GBP # 62100285,United Kingdom(Mainland),CARDSUCCESS,DDCARD PAYMENT:MES969257187824047028,2.0,,ch_3SIQtwIdctIUMwHT0DsBrSLg,CPMT: 27326-DDI00075,CPMT: 27326-DDI00075-15/10/2025,
15/10/2025,27986,27986-DDI00123,Ndevor Systems Ltd : Phorest Ireland : Phorest UK,11010 Accounts Receivable : Trade Debtors,GBP,1.0,200.54,10020 Bank : BOI current a/c GBP # 62100285,United Kingdom(Mainland),CARDSUCCESS,DDCARD PAYMENT:MES534532314706206055,2.0,,ch_3SIQu0IdctIUMwHT2MspXhAU,CPMT: 27986-DDI00123,CPMT: 27986-DDI00123-15/10/2025,
15/10/2025,11413,11413-DDI00148,Ndevor Systems Ltd : Phorest Ireland : Phorest UK,11010 Accounts Receivable : Trade Debtors,GBP,1.0,109.81,10020 Bank : BOI current a/c GBP # 62100285,United Kingdom(Mainland),CARDSUCCESS,DDCARD PAYMENT:MES046253132871290490,2.0,,ch_3SIQssIdctIUMwHT1uCmQHDk,CPMT: 11413-DDI00148,CPMT: 11413-DDI00148-15/10/2025,
15/10/2025,9286,9286-DDI00203,Ndevor Systems Ltd : Phorest Ireland : Phorest UK,11010 Accounts Receivable : Trade Debtors,GBP,1.0,1512.74,10020 Bank : BOI current a/c GBP # 62100285,United Kingdom(Mainland),CARDSUCCESS,DDCARD PAYMENT:MES564636807469840065,2.0,,ch_3SIQs9IdctIUMwHT0JLlQGiS,CPMT: 9286-DDI00203,CPMT: 9286-DDI00203-15/10/2025,
15/10/2025,24520,24520-DDI00098,Ndevor Systems Ltd : Phorest Ireland : Phorest UK,11010 Accounts Receivable : Trade Debtors,GBP,1.0,143.77,10020 Bank : BOI current a/c GBP # 62100285,United Kingdom(Mainland),CARDSUCCESS,DDCARD PAYMENT:MES520219395849619338,2.0,,ch_3SIQtlIdctIUMwHT2URJnwiY,CPMT: 24520-DDI00098,CPMT: 24520-DDI00098-15/10/2025,
15/10/2025,22590,22590-DDI00080,Ndevor Systems Ltd : Phorest Ireland : Phorest UK,11010 Accounts Receivable : Trade Debtors,GBP,1.0,148.92,10020 Bank : BOI current a/c GBP # 62100285,United Kingdom(Mainland),CARDSUCCESS,DDCARD PAYMENT:MES219800676198173007,2.0,,ch_3SIQtWIdctIUMwHT0Bur2qeI,CPMT: 22590-DDI00080,CPMT: 22590-DDI00080-15/10/2025,
16/10/2025,52583,52583-DDI00048,Ndevor Systems Ltd : Phorest Ireland : Phorest UK,11010 Accounts Receivable : Trade Debtors,GBP,1.0,321.98,10020 Bank : BOI current a/c GBP # 62100285,United Kingdom(Mainland),CARDSUCCESS,DDCARD PAYMENT:MES592242502233209782,2.0,,ch_3SInElIdctIUMwHT0lBWDq5c,CPMT: 52583-DDI00048,CPMT: 52583-DDI00048-16/10/2025,
16/10/2025,13217,13217-DDI00136,Ndevor Systems Ltd : Phorest Ireland : Phorest UK,11010 Accounts Receivable : Trade Debtors,GBP,1.0,169.48,10020 Bank : BOI current a/c GBP # 62100285,United Kingdom(Mainland),CARDSUCCESS,DDCARD PAYMENT:MES006021523361064118,2.0,,ch_3SInD9IdctIUMwHT0dI7J1X5,CPMT: 13217-DDI00136,CPMT: 13217-DDI00136-16/10/2025,
16/10/2025,37443,37443-DDI00104,Ndevor Systems Ltd : Phorest Ireland : Phorest UK,11010 Accounts Receivable : Trade Debtors,GBP,1.0,201.7,10020 Bank : BOI current a/c GBP # 62100285,United Kingdom(Mainland),CARDSUCCESS,DDCARD PAYMENT:MES372492617540104135,2.0,,ch_3SInE5IdctIUMwHT2EITgsHl,CPMT: 37443-DDI00104,CPMT: 37443-DDI00104-16/10/2025,
16/10/2025,11762,11762-DDI00143,Ndevor Systems Ltd : Phorest Ireland : Phorest UK,11010 Accounts Receivable : Trade Debtors,GBP,1.0,177.35,10020 Bank : BOI current a/c GBP # 62100285,United Kingdom(Mainland),CARDSUCCESS,DDCARD PAYMENT:MES588337834008947923,2.0,,ch_3SInCvIdctIUMwHT2dCJR8yF,CPMT: 11762-DDI00143,CPMT: 11762-DDI00143-16/10/2025,
16/10/2025,80243,80243-DDI00012,Ndevor Systems Ltd : Phorest Ireland : Phorest UK,11010 Accounts Receivable : Trade Debtors,GBP,1.0,167.59,10020 Bank : BOI current a/c GBP # 62100285,United Kingdom(Mainland),CARDSUCCESS,DDCARD PAYMENT:MES717271051933255503,2.0,,ch_3SInFRIdctIUMwHT1ZnJp2L3,CPMT: 80243-DDI00012,CPMT: 80243-DDI00012-16/10/2025,
16/10/2025,59928,59928-DDI00020,Ndevor Systems Ltd : Phorest Ireland : Phorest UK,11010 Accounts Receivable : Trade Debtors,GBP,1.0,166.9,10020 Bank : BOI current a/c GBP # 62100285,United Kingdom(Mainland),CARDSUCCESS,DDCARD PAYMENT:MES426590331813792235,2.0,,ch_3SInF7IdctIUMwHT0dfttOpG,CPMT: 59928-DDI00020,CPMT: 59928-DDI00020-16/10/2025,
16/10/2025,58228,58228-DDI00029,Ndevor Systems Ltd : Phorest Ireland : Phorest UK,11010 Accounts Receivable : Trade Debtors,GBP,1.0,168.28,10020 Bank : BOI current a/c GBP # 62100285,United Kingdom(Mainland),CARDSUCCESS,DDCARD PAYMENT:MES709281632169976239,2.0,,ch_3SInEuIdctIUMwHT22UrFxqG,CPMT: 58228-DDI00029,CPMT: 58228-DDI00029-16/10/2025,
16/10/2025,57752,57752-DDI00029,Ndevor Systems Ltd : Phorest Ireland : Phorest UK,11010 Accounts Receivable : Trade Debtors,GBP,1.0,210.0,10020 Bank : BOI current a/c GBP # 62100285,United Kingdom(Mainland),CARDSUCCESS,DDCARD PAYMENT:MES144133300212385926,2.0,,ch_3SInEqIdctIUMwHT21oUAldD,CPMT: 57752-DDI00029,CPMT: 57752-DDI00029-16/10/2025,
16/10/2025,10872,10872-DDI00131,Ndevor Systems Ltd : Phorest Ireland : Phorest UK,11010 Accounts Receivable : Trade Debtors,GBP,1.0,118.8,10020 Bank : BOI current a/c GBP # 62100285,United Kingdom(Mainland),CARDSUCCESS,DDCARD PAYMENT:MES096666536852249819,2.0,,ch_3SInAbIdctIUMwHT1M6bHq4T,CPMT: 10872-DDI00131,CPMT: 10872-DDI00131-16/10/2025,
16/10/2025,9482,9482-DDI00185,Ndevor Systems Ltd : Phorest Ireland : Phorest UK,11010 Accounts Receivable : Trade Debtors,GBP,1.0,74.26,10020 Bank : BOI current a/c GBP # 62100285,United Kingdom(Mainland),CARDSUCCESS,DDCARD PAYMENT:MES423174651779717039,2.0,,ch_3SInB6IdctIUMwHT1duJFze4,CPMT: 9482-DDI00185,CPMT: 9482-DDI00185-16/10/2025,
16/10/2025,37042,37042-DDI00053,Ndevor Systems Ltd : Phorest Ireland : Phorest UK,11010 Accounts Receivable : Trade Debtors,GBP,1.0,151.63,10020 Bank : BOI current a/c GBP # 62100285,United Kingdom(Mainland),CARDSUCCESS,DDCARD PAYMENT:MES479324023524153083,2.0,,ch_3SInE3IdctIUMwHT2UQQHc1i,CPMT: 37042-DDI00053,CPMT: 37042-DDI00053-16/10/2025,
16/10/2025,32638,32638-DDI00123,Ndevor Systems Ltd : Phorest Ireland : Phorest UK,11010 Accounts Receivable : Trade Debtors,GBP,1.0,198.71,10020 Bank : BOI current a/c GBP # 62100285,United Kingdom(NI),CARDSUCCESS,DDCARD PAYMENT:MES161467294734136702,2.0,,ch_3SInDzIdctIUMwHT2Ng2qktr,CPMT: 32638-DDI00123,CPMT: 32638-DDI00123-16/10/2025,
16/10/2025,30557,30557-DDI00066,Ndevor Systems Ltd : Phorest Ireland : Phorest UK,11010 Accounts Receivable : Trade Debtors,GBP,1.0,217.15,10020 Bank : BOI current a/c GBP # 62100285,United Kingdom(Mainland),CARDSUCCESS,DDCARD PAYMENT:MES335117753565205611,2.0,,ch_3SInDsIdctIUMwHT1KY48Pfy,CPMT: 30557-DDI00066,CPMT: 30557-DDI00066-16/10/2025,
16/10/2025,23774,23774-DDI00132,Ndevor Systems Ltd : Phorest Ireland : Phorest UK,11010 Accounts Receivable : Trade Debtors,GBP,1.0,190.69,10020 Bank : BOI current a/c GBP # 62100285,United Kingdom(Mainland),CARDSUCCESS,DDCARD PAYMENT:MES940126883456792712,2.0,,ch_3SInDZIdctIUMwHT19IOdSGo,CPMT: 23774-DDI00132,CPMT: 23774-DDI00132-16/10/2025,
16/10/2025,20658,20658-DDI00094,Ndevor Systems Ltd : Phorest Ireland : Phorest UK,11010 Accounts Receivable : Trade Debtors,GBP,1.0,167.21,10020 Bank : BOI current a/c GBP # 62100285,United Kingdom(Mainland),CARDSUCCESS,DDCARD PAYMENT:MES667324642170204029,2.0,,ch_3SInDOIdctIUMwHT2zHAiTrn,CPMT: 20658-DDI00094,CPMT: 20658-DDI00094-16/10/2025,
16/10/2025,32465,32465-DDI00128,Ndevor Systems Ltd : Phorest Ireland : Phorest UK,11010 Accounts Receivable : Trade Debtors,GBP,1.0,338.02,10020 Bank : BOI current a/c GBP # 62100285,United Kingdom(Mainland),CARDSUCCESS,DDCARD PAYMENT:MES588072929446085096,2.0,,ch_3SInAjIdctIUMwHT1sTO4FG8,CPMT: 32465-DDI00128,CPMT: 32465-DDI00128-16/10/2025,
16/10/2025,11546,11546-DDI00149,Ndevor Systems Ltd : Phorest Ireland : Phorest UK,11010 Accounts Receivable : Trade Debtors,GBP,1.0,156.22,10020 Bank : BOI current a/c GBP # 62100285,United Kingdom(Mainland),CARDSUCCESS,DDCARD PAYMENT:MES640147460013109508,2.0,,ch_3SInCsIdctIUMwHT2ie2FqsJ,CPMT: 11546-DDI00149,CPMT: 11546-DDI00149-16/10/2025,
16/10/2025,16812,16812-DDI00180,Ndevor Systems Ltd : Phorest Ireland : Phorest UK,11010 Accounts Receivable : Trade Debtors,GBP,1.0,307.94,10020 Bank : BOI current a/c GBP # 62100285,United Kingdom(Mainland),CARDSUCCESS,DDCARD PAYMENT:MES554755156175741625,2.0,,ch_3SInDHIdctIUMwHT1IDnG8FC,CPMT: 16812-DDI00180,CPMT: 16812-DDI00180-16/10/2025,
16/10/2025,10399,10399-DDI00177,Ndevor Systems Ltd : Phorest Ireland : Phorest UK,11010 Accounts Receivable : Trade Debtors,GBP,1.0,268.04,10020 Bank : BOI current a/c GBP # 62100285,United Kingdom(Mainland),CARDSUCCESS,DDCARD PAYMENT:MES032478237796553931,2.0,,ch_3SInCdIdctIUMwHT2vqIKbfL,CPMT: 10399-DDI00177,CPMT: 10399-DDI00177-16/10/2025,
16/10/2025,10064,10064-DDI00191,Ndevor Systems Ltd : Phorest Ireland : Phorest UK,11010 Accounts Receivable : Trade Debtors,GBP,1.0,58.8,10020 Bank : BOI current a/c GBP # 62100285,United Kingdom(Mainland),CARDSUCCESS,DDCARD PAYMENT:MES803500986304461897,2.0,,ch_3SInCbIdctIUMwHT0fcUhKci,CPMT: 10064-DDI00191,CPMT: 10064-DDI00191-16/10/2025,
16/10/2025,10062,10062-DDI00136,Ndevor Systems Ltd : Phorest Ireland : Phorest UK,11010 Accounts Receivable : Trade Debtors,GBP,1.0,96.2,10020 Bank : BOI current a/c GBP # 62100285,United Kingdom(Mainland),CARDSUCCESS,DDCARD PAYMENT:MES989193273230906614,2.0,,ch_3SInCYIdctIUMwHT2rTNni2N,CPMT: 10062-DDI00136,CPMT: 10062-DDI00136-16/10/2025,
16/10/2025,9363,9363-DDI00140,Ndevor Systems Ltd : Phorest Ireland : Phorest UK,11010 Accounts Receivable : Trade Debtors,GBP,1.0,121.51,10020 Bank : BOI current a/c GBP # 62100285,United Kingdom(Mainland),CARDSUCCESS,DDCARD PAYMENT:MES452564992057734285,2.0,,ch_3SInCRIdctIUMwHT0FIaAilU,CPMT: 9363-DDI00140,CPMT: 9363-DDI00140-16/10/2025,
16/10/2025,11732,11732-DDI00107,Ndevor Systems Ltd : Phorest Ireland : Phorest UK,11010 Accounts Receivable : Trade Debtors,GBP,1.0,190.3,10020 Bank : BOI current a/c GBP # 62100285,United Kingdom(Mainland),CARDSUCCESS,DDCARD PAYMENT:MES088186878455931131,2.0,,ch_3SInBLIdctIUMwHT20laatEP,CPMT: 11732-DDI00107,CPMT: 11732-DDI00107-16/10/2025,
16/10/2025,10748,10748-DDI00187,Ndevor Systems Ltd : Phorest Ireland : Phorest UK,11010 Accounts Receivable : Trade Debtors,GBP,1.0,298.8,10020 Bank : BOI current a/c GBP # 62100285,United Kingdom(Mainland),CARDSUCCESS,DDCARD PAYMENT:MES772363587953124548,2.0,,ch_3SInCjIdctIUMwHT1JwAbweX,CPMT: 10748-DDI00187,CPMT: 10748-DDI00187-16/10/2025,
17/10/2025,61568,61568-DDI00031,Ndevor Systems Ltd : Phorest Ireland : Phorest UK,11010 Accounts Receivable : Trade Debtors,GBP,1.0,25.7,10020 Bank : BOI current a/c GBP # 62100285,United Kingdom(Mainland),CARDSUCCESS,DDCARD PAYMENT:MES765646770531118106,2.0,,ch_3SJ9wWIdctIUMwHT20GlmWGy,CPMT: 61568-DDI00031,CPMT: 61568-DDI00031-17/10/2025,
17/10/2025,89722,89722-DDI00006,Ndevor Systems Ltd : Phorest Ireland : Phorest UK,11010 Accounts Receivable : Trade Debtors,GBP,1.0,127.0,10020 Bank : BOI current a/c GBP # 62100285,United Kingdom(Mainland),CARDSUCCESS,DDCARD PAYMENT:MES981407945830012491,2.0,,ch_3SJ9wmIdctIUMwHT2Ybt8g8r,CPMT: 89722-DDI00006,CPMT: 89722-DDI00006-17/10/2025,
17/10/2025,59861,59861-DDI00034,Ndevor Systems Ltd : Phorest Ireland : Phorest UK,11010 Accounts Receivable : Trade Debtors,GBP,1.0,169.45,10020 Bank : BOI current a/c GBP # 62100285,United Kingdom(Mainland),CARDSUCCESS,DDCARD PAYMENT:MES442077684905571443,2.0,,ch_3SJ9wRIdctIUMwHT2Zc4c7B4,CPMT: 59861-DDI00034,CPMT: 59861-DDI00034-17/10/2025,
17/10/2025,9821,9821-DDI00177,Ndevor Systems Ltd : Phorest Ireland : Phorest UK,11010 Accounts Receivable : Trade Debtors,GBP,1.0,171.32,10020 Bank : BOI current a/c GBP # 62100285,United Kingdom(Mainland),CARDSUCCESS,DDCARD PAYMENT:MES933019028748090004,2.0,,ch_3SJ9uhIdctIUMwHT2rw9s7Q0,CPMT: 9821-DDI00177,CPMT: 9821-DDI00177-17/10/2025,
17/10/2025,53706,53706-DDI00049,Ndevor Systems Ltd : Phorest Ireland : Phorest UK,11010 Accounts Receivable : Trade Debtors,GBP,1.0,232.88,10020 Bank : BOI current a/c GBP # 62100285,United Kingdom(Mainland),CARDSUCCESS,DDCARD PAYMENT:MES788213645909014189,2.0,,ch_3SJ9wFIdctIUMwHT1R1MQsTn,CPMT: 53706-DDI00049,CPMT: 53706-DDI00049-17/10/2025,
17/10/2025,8642,8642-DDI00158,Ndevor Systems Ltd : Phorest Ireland : Phorest UK,11010 Accounts Receivable : Trade Debtors,GBP,1.0,85.92,10020 Bank : BOI current a/c GBP # 62100285,United Kingdom(Mainland),CARDSUCCESS,CARD PAYMENT : Arrears,2.0,,ch_3SJ8r6IdctIUMwHT1VSm1WyJ,CPMT: 8642-DDI00158,CPMT: 8642-DDI00158-17/10/2025,
17/10/2025,80011,80011-DDI00011,Ndevor Systems Ltd : Phorest Ireland : Phorest UK,11010 Accounts Receivable : Trade Debtors,GBP,1.0,461.64,10020 Bank : BOI current a/c GBP # 62100285,United Kingdom(Mainland),CARDSUCCESS,DDCARD PAYMENT:MES084124371256001105,2.0,,ch_3SJ9uKIdctIUMwHT07eppXn3,CPMT: 80011-DDI00011,CPMT: 80011-DDI00011-17/10/2025,
17/10/2025,9383,9383-DDI00139,Ndevor Systems Ltd : Phorest Ireland : Phorest UK,11010 Accounts Receivable : Trade Debtors,GBP,1.0,115.5,10020 Bank : BOI current a/c GBP # 62100285,United Kingdom(Mainland),CARDSUCCESS,DDCARD PAYMENT:MES307225558652304976,2.0,,ch_3SJ9ufIdctIUMwHT2N9YJCgC,CPMT: 9383-DDI00139,CPMT: 9383-DDI00139-17/10/2025,
17/10/2025,20084,20084-DDI00150,Ndevor Systems Ltd : Phorest Ireland : Phorest UK,11010 Accounts Receivable : Trade Debtors,GBP,1.0,190.8,10020 Bank : BOI current a/c GBP # 62100285,United Kingdom(Mainland),CARDSUCCESS,DDCARD PAYMENT:MES282021941255619494,2.0,,ch_3SJ9vAIdctIUMwHT08rgwjL4,CPMT: 20084-DDI00150,CPMT: 20084-DDI00150-17/10/2025,
17/10/2025,25668,25668-DDI00076,Ndevor Systems Ltd : Phorest Ireland : Phorest UK,11010 Accounts Receivable : Trade Debtors,GBP,1.0,108.67,10020 Bank : BOI current a/c GBP # 62100285,United Kingdom(Mainland),CARDSUCCESS,DDCARD PAYMENT:MES954512832557821644,2.0,,ch_3SJ9vQIdctIUMwHT2gMlLxvg,CPMT: 25668-DDI00076,CPMT: 25668-DDI00076-17/10/2025,
17/10/2025,28945,28945-DDI00113,Ndevor Systems Ltd : Phorest Ireland : Phorest UK,11010 Accounts Receivable : Trade Debtors,GBP,1.0,210.2,10020 Bank : BOI current a/c GBP # 62100285,United Kingdom(Mainland),CARDSUCCESS,DDCARD PAYMENT:MES549885081413506432,2.0,,ch_3SJ9vUIdctIUMwHT2zNMHYgb,CPMT: 28945-DDI00113,CPMT: 28945-DDI00113-17/10/2025,
17/10/2025,58965,58965-DDI00036,Ndevor Systems Ltd : Phorest Ireland : Phorest UK,11010 Accounts Receivable : Trade Debtors,GBP,1.0,132.02,10020 Bank : BOI current a/c GBP # 62100285,United Kingdom(Mainland),CARDSUCCESS,DDCARD PAYMENT:MES715774774998501843,2.0,,ch_3SJ9wMIdctIUMwHT0N6WkUHT,CPMT: 58965-DDI00036,CPMT: 58965-DDI00036-17/10/2025,
17/10/2025,30447,30447-DDI00064,Ndevor Systems Ltd : Phorest Ireland : Phorest UK,11010 Accounts Receivable : Trade Debtors,GBP,1.0,58.8,10020 Bank : BOI current a/c GBP # 62100285,United Kingdom(Mainland),CARDSUCCESS,DDCARD PAYMENT:MES749472755772454500,2.0,,ch_3SJ9vZIdctIUMwHT1sU9qmXl,CPMT: 30447-DDI00064,CPMT: 30447-DDI00064-17/10/2025,
17/10/2025,32066,32066-DDI00062,Ndevor Systems Ltd : Phorest Ireland : Phorest UK,11010 Accounts Receivable : Trade Debtors,GBP,1.0,166.8,10020 Bank : BOI current a/c GBP # 62100285,United Kingdom(Mainland),CARDSUCCESS,DDCARD PAYMENT:MES932449406889353117,2.0,,ch_3SJ9veIdctIUMwHT2DsmUquU,CPMT: 32066-DDI00062,CPMT: 32066-DDI00062-17/10/2025,
17/10/2025,42519,42519-DDI00085,Ndevor Systems Ltd : Phorest Ireland : Phorest UK,11010 Accounts Receivable : Trade Debtors,GBP,1.0,300.61,10020 Bank : BOI current a/c GBP # 62100285,United Kingdom(Mainland),CARDSUCCESS,DDCARD PAYMENT:MES447394003278974188,2.0,,ch_3SJ9vsIdctIUMwHT0xvbtRGO,CPMT: 42519-DDI00085,CPMT: 42519-DDI00085-17/10/2025,
17/10/2025,47088,47088-DDI00069,Ndevor Systems Ltd : Phorest Ireland : Phorest UK,11010 Accounts Receivable : Trade Debtors,GBP,1.0,154.8,10020 Bank : BOI current a/c GBP # 62100285,United Kingdom(Mainland),CARDSUCCESS,DDCARD PAYMENT:MES948584488121296052,2.0,,ch_3SJ9vxIdctIUMwHT0b9G4gm6,CPMT: 47088-DDI00069,CPMT: 47088-DDI00069-17/10/2025,
17/10/2025,51102,51102-DDI00051,Ndevor Systems Ltd : Phorest Ireland : Phorest UK,11010 Accounts Receivable : Trade Debtors,GBP,1.0,214.8,10020 Bank : BOI current a/c GBP # 62100285,United Kingdom(Mainland),CARDSUCCESS,DDCARD PAYMENT:MES498689758681908009,2.0,,ch_3SJ9w7IdctIUMwHT1D1MkUjY,CPMT: 51102-DDI00051,CPMT: 51102-DDI00051-17/10/2025,
18/10/2025,40271,40271-DDI00094,Ndevor Systems Ltd : Phorest Ireland : Phorest UK,11010 Accounts Receivable : Trade Debtors,GBP,1.0,150.97,10020 Bank : BOI current a/c GBP # 62100285,United Kingdom(Mainland),CARDSUCCESS,DDCARD PAYMENT:MES245885107051104033,2.0,,ch_3SJWMeIdctIUMwHT0Ja8oZQu,CPMT: 40271-DDI00094,CPMT: 40271-DDI00094-18/10/2025,
18/10/2025,84735,84735-DDI00009,Ndevor Systems Ltd : Phorest Ireland : Phorest UK,11010 Accounts Receivable : Trade Debtors,GBP,1.0,184.87,10020 Bank : BOI current a/c GBP # 62100285,United Kingdom(Mainland),CARDSUCCESS,DDCARD PAYMENT:MES891999863797868805,2.0,,ch_3SJWKWIdctIUMwHT083ENL5f,CPMT: 84735-DDI00009,CPMT: 84735-DDI00009-18/10/2025,
18/10/2025,29321,29321-DDI00114,Ndevor Systems Ltd : Phorest Ireland : Phorest UK,11010 Accounts Receivable : Trade Debtors,GBP,1.0,322.15,10020 Bank : BOI current a/c GBP # 62100285,United Kingdom(Mainland),CARDSUCCESS,DDCARD PAYMENT:MES106617818901491682,2.0,,ch_3SJWKQIdctIUMwHT0ZYhXEOT,CPMT: 29321-DDI00114,CPMT: 29321-DDI00114-18/10/2025,
18/10/2025,49111,49111-DDI00038,Ndevor Systems Ltd : Phorest Ireland : Phorest UK,11010 Accounts Receivable : Trade Debtors,GBP,1.0,187.49,10020 Bank : BOI current a/c GBP # 62100285,United Kingdom(Mainland),CARDSUCCESS,DDCARD PAYMENT:MES627510036150485189,2.0,,ch_3SJWMvIdctIUMwHT1tXeUW50,CPMT: 49111-DDI00038,CPMT: 49111-DDI00038-18/10/2025,
19/09/2025,8843,8843-DDI00203,Ndevor Systems Ltd : Phorest Ireland : Phorest UK,11010 Accounts Receivable : Trade Debtors,GBP,1.0,251.78,10020 Bank : BOI current a/c GBP # 62100285,United Kingdom(Mainland),CARDSUCCESS,DDCARD PAYMENT:MES403536589009516237,,2.0,nan,CPMT: 8843-DDI00203,CPMT: 8843-DDI00203-19/09/2025,
19/09/2025,72198,72198-DDI00017,Ndevor Systems Ltd : Phorest Ireland : Phorest UK,11010 Accounts Receivable : Trade Debtors,GBP,1.0,298.8,10020 Bank : BOI current a/c GBP # 62100285,United Kingdom(Mainland),MANUAL,CASHBOOK,,2.0,nan,CPMT: 72198-DDI00017,CPMT: 72198-DDI00017-19/09/2025,
19/09/2025,79226,79226-DDI00012,Ndevor Systems Ltd : Phorest Ireland : Phorest UK,11010 Accounts Receivable : Trade Debtors,GBP,1.0,118.8,10020 Bank : BOI current a/c GBP # 62100285,United Kingdom(Mainland),CARDSUCCESS,DDCARD PAYMENT:MES306193592193384705,,2.0,nan,CPMT: 79226-DDI00012,CPMT: 79226-DDI00012-19/09/2025,
19/09/2025,75813,75813-DDI00014,Ndevor Systems Ltd : Phorest Ireland : Phorest UK,11010 Accounts Receivable : Trade Debtors,GBP,1.0,166.8,10020 Bank : BOI current a/c GBP # 62100285,United Kingdom(Mainland),CARDSUCCESS,DDCARD PAYMENT:MES769468147217707307,,2.0,nan,CPMT: 75813-DDI00014,CPMT: 75813-DDI00014-19/09/2025,
19/09/2025,44042,44042-DDI00078,Ndevor Systems Ltd : Phorest Ireland : Phorest UK,11010 Accounts Receivable : Trade Debtors,GBP,1.0,118.8,10020 Bank : BOI current a/c GBP # 62100285,United Kingdom(Mainland),CARDSUCCESS,DDCARD PAYMENT:MES539645349551537394,,2.0,nan,CPMT: 44042-DDI00078,CPMT: 44042-DDI00078-19/09/2025,
19/09/2025,84735,84735-DDI00007,Ndevor Systems Ltd : Phorest Ireland : Phorest UK,11010 Accounts Receivable : Trade Debtors,GBP,1.0,182.6,10020 Bank : BOI current a/c GBP # 62100285,United Kingdom(Mainland),CARDSUCCESS,DDCARD PAYMENT:MES286594934132340447,,2.0,nan,CPMT: 84735-DDI00007,CPMT: 84735-DDI00007-19/09/2025,
19/09/2025,30447,30447-DDI00063,Ndevor Systems Ltd : Phorest Ireland : Phorest UK,11010 Accounts Receivable : Trade Debtors,GBP,1.0,58.8,10020 Bank : BOI current a/c GBP # 62100285,United Kingdom(Mainland),CARDSUCCESS,DDCARD PAYMENT:MES118825008800874032,,2.0,nan,CPMT: 30447-DDI00063,CPMT: 30447-DDI00063-19/09/2025,
19/09/2025,13393,13393-DDI00098,Ndevor Systems Ltd : Phorest Ireland : Phorest UK,11010 Accounts Receivable : Trade Debtors,GBP,1.0,120.55,10020 Bank : BOI current a/c GBP # 62100285,United Kingdom(Mainland),CARDSUCCESS,DDCARD PAYMENT:MES420313903028023116,,2.0,nan,CPMT: 13393-DDI00098,CPMT: 13393-DDI00098-19/09/2025,
19/09/2025,8714,8714-DDI00162,Ndevor Systems Ltd : Phorest Ireland : Phorest UK,11010 Accounts Receivable : Trade Debtors,GBP,1.0,62.87,10020 Bank : BOI current a/c GBP # 62100285,United Kingdom(NI),CARDSUCCESS,DDCARD PAYMENT:MES297531881264719239,,2.0,nan,CPMT: 8714-DDI00162,CPMT: 8714-DDI00162-19/09/2025,
19/09/2025,8277,8277-DDI00188,Ndevor Systems Ltd : Phorest Ireland : Phorest UK,11010 Accounts Receivable : Trade Debtors,GBP,1.0,243.68,10020 Bank : BOI current a/c GBP # 62100285,United Kingdom(Mainland),CARDSUCCESS,DDCARD PAYMENT:MES370064049066958560,,2.0,nan,CPMT: 8277-DDI00188,CPMT: 8277-DDI00188-19/09/2025,
19/09/2025,32066,32066-DDI00061,Ndevor Systems Ltd : Phorest Ireland : Phorest UK,11010 Accounts Receivable : Trade Debtors,GBP,1.0,166.8,10020 Bank : BOI current a/c GBP # 62100285,United Kingdom(Mainland),CARDSUCCESS,DDCARD PAYMENT:MES631312407001949738,,2.0,nan,CPMT: 32066-DDI00061,CPMT: 32066-DDI00061-19/09/2025,
21/09/2025,58202,58202-DDI00032,Ndevor Systems Ltd : Phorest Ireland : Phorest UK,11010 Accounts Receivable : Trade Debtors,GBP,1.0,225.22,10020 Bank : BOI current a/c GBP # 62100285,United Kingdom(Mainland),CARDSUCCESS,CARD PAYMENT : Arrears,,2.0,nan,CPMT: 58202-DDI00032,CPMT: 58202-DDI00032-21/09/2025,
22/09/2025,41539,41539-DDI00065,Ndevor Systems Ltd : Phorest Ireland : Phorest UK,11010 Accounts Receivable : Trade Debtors,GBP,1.0,178.66,10020 Bank : BOI current a/c GBP # 62100285,United Kingdom(Mainland),MANUAL,CASHBOOK,,2.0,nan,CPMT: 41539-DDI00065,CPMT: 41539-DDI00065-22/09/2025,
23/09/2025,60176,60176-DDI00028,Ndevor Systems Ltd : Phorest Ireland : Phorest UK,11010 Accounts Receivable : Trade Debtors,GBP,1.0,235.45,10020 Bank : BOI current a/c GBP # 62100285,United Kingdom(Mainland),CARDSUCCESS,CARD PAYMENT : Arrears,,2.0,nan,CPMT: 60176-DDI00028,CPMT: 60176-DDI00028-23/09/2025,
23/09/2025,9286,9286-DDI00201,Ndevor Systems Ltd : Phorest Ireland : Phorest UK,11010 Accounts Receivable : Trade Debtors,GBP,1.0,1325.0,10020 Bank : BOI current a/c GBP # 62100285,United Kingdom(Mainland),CARDSUCCESS,CARD PAYMENT,,2.0,nan,CPMT: 9286-DDI00201,CPMT: 9286-DDI00201-23/09/2025,
24/09/2025,85291,85291-DDI00005,Ndevor Systems Ltd : Phorest Ireland : Phorest UK,11010 Accounts Receivable : Trade Debtors,GBP,1.0,58.8,10020 Bank : BOI current a/c GBP # 62100285,United Kingdom(Mainland),CARDSUCCESS,CARD PAYMENT : Arrears,,2.0,nan,CPMT: 85291-DDI00005,CPMT: 85291-DDI00005-24/09/2025,
26/09/2025,56602,56602-DDI00043,Ndevor Systems Ltd : Phorest Ireland : Phorest UK,11010 Accounts Receivable : Trade Debtors,GBP,1.0,232.09,10020 Bank : BOI current a/c GBP # 62100285,United Kingdom(Mainland),CARDSUCCESS,CARD PAYMENT : Arrears,,2.0,nan,CPMT: 56602-DDI00043,CPMT: 56602-DDI00043-26/09/2025,
26/09/2025,25583,25583-DDI00122,Ndevor Systems Ltd : Phorest Ireland : Phorest UK,11010 Accounts Receivable : Trade Debtors,GBP,1.0,270.85,10020 Bank : BOI current a/c GBP # 62100285,United Kingdom(Mainland),CARDSUCCESS,CARD PAYMENT : Arrears,,2.0,nan,CPMT: 25583-DDI00122,CPMT: 25583-DDI00122-26/09/2025,
26/09/2025,39183,39183-DDI00047,Ndevor Systems Ltd : Phorest Ireland : Phorest UK,11010 Accounts Receivable : Trade Debtors,GBP,1.0,230.16,10020 Bank : BOI current a/c GBP # 62100285,United Kingdom(Mainland),CARDSUCCESS,CARD PAYMENT : Arrears,,2.0,nan,CPMT: 39183-DDI00047,CPMT: 39183-DDI00047-26/09/2025,
26/09/2025,30962,30962-DDI00107,Ndevor Systems Ltd : Phorest Ireland : Phorest UK,11010 Accounts Receivable : Trade Debtors,GBP,1.0,1628.68,10020 Bank : BOI current a/c GBP # 62100285,United Kingdom(Mainland),CARDSUCCESS,CARD PAYMENT : Arrears,,2.0,nan,CPMT: 30962-DDI00107,CPMT: 30962-DDI00107-26/09/2025,
30/09/2025,49962,49962-DDI00044,Ndevor Systems Ltd : Phorest Ireland : Phorest UK,11010 Accounts Receivable : Trade Debtors,GBP,1.0,189.0,10020 Bank : BOI current a/c GBP # 62100285,Guernsey,MANUAL,CASHBOOK,2.0,,ch_3SD1UxIdctIUMwHT1HM0EOjF,CPMT: 49962-DDI00044,CPMT: 49962-DDI00044-30/09/2025,
30/09/2025,81211,81211-DDI00010,Ndevor Systems Ltd : Phorest Ireland : Phorest UK,11010 Accounts Receivable : Trade Debtors,GBP,1.0,239.82,10020 Bank : BOI current a/c GBP # 62100285,United Kingdom(Mainland),CARDSUCCESS,CARD PAYMENT : Arrears,2.0,,nan,CPMT: 81211-DDI00010,CPMT: 81211-DDI00010-30/09/2025,
30/09/2025,58202,58202-DDI00034,Ndevor Systems Ltd : Phorest Ireland : Phorest UK,11010 Accounts Receivable : Trade Debtors,GBP,1.0,223.96,10020 Bank : BOI current a/c GBP # 62100285,United Kingdom(Mainland),CARDSUCCESS,CARD PAYMENT : Arrears,2.0,,nan,CPMT: 58202-DDI00034,CPMT: 58202-DDI00034-30/09/2025,
