payment_date,client_id,invoice_number,billing_entity,ar_account,currency,exchange_rate,amount,account,Location,transtype,comment,Card Reference,reasoncode,sepaprovider,invoice #,payment #,Memo
04/10/2025,9581,9581-DDI00131,Ndevor Systems Ltd : Phorest Canada,11010 Accounts Receivable : Trade Debtors,CAD,1.0,383.04,10150 Bank : CIBC Current Account 9066314,Canada,CARDSUCCESS,CARD PAYMENT : Arrears,2.0,,ch_3SEaxLGNUfzD46Hm1HHuuFVF,CPMT: 9581-DDI00131,CPMT: 9581-DDI00131-04/10/2025,
08/10/2025,100687,100687-TBN00001,Ndevor Systems Ltd : Phorest Canada,11010 Accounts Receivable : Trade Debtors,CAD,1.0,262.5,10150 Bank : CIBC Current Account 9066314,Canada,CARDSUCCESS,CARD PAYMENT : paysignupbycard,2.0,,ch_3SG50aGNUfzD46Hm0bQB3Jxl,CPMT: 100687-TBN00001,CPMT: 100687-TBN00001-08/10/2025,
10/10/2025,31470,31470-DDI00095,Ndevor Systems Ltd : Phorest Canada,11010 Accounts Receivable : Trade Debtors,CAD,1.0,371.77,10150 Bank : CIBC Current Account 9066314,Canada,CARDSUCCESS,CARD PAYMENT : Arrears,2.0,,ch_3SGfHHGNUfzD46Hm09Lezl7J,CPMT: 31470-DDI00095,CPMT: 31470-DDI00095-10/10/2025,
14/10/2025,58021,58021-DDI00017,Ndevor Systems Ltd : Phorest Canada,11010 Accounts Receivable : Trade Debtors,CAD,1.0,249.23,10150 Bank : CIBC Current Account 9066314,Canada,CARDSUCCESS,DDCARD PAYMENT:MESDDD7JF9NT14YZ68WOQ,2.0,,ch_3SI9ezGNUfzD46Hm0t7xt01y,CPMT: 58021-DDI00017,CPMT: 58021-DDI00017-14/10/2025,
14/10/2025,60078,60078-DDI00031,Ndevor Systems Ltd : Phorest Canada,11010 Accounts Receivable : Trade Debtors,CAD,1.0,368.48,10150 Bank : CIBC Current Account 9066314,Canada,CARDSUCCESS,DDCARD PAYMENT:MESDDD4ZK03Q35FO9O3TJ,2.0,,ch_3SI9g5GNUfzD46Hm0bgZzLsQ,CPMT: 60078-DDI00031,CPMT: 60078-DDI00031-14/10/2025,
14/10/2025,60077,60077-DDI00029,Ndevor Systems Ltd : Phorest Canada,11010 Accounts Receivable : Trade Debtors,CAD,1.0,445.97,10150 Bank : CIBC Current Account 9066314,Canada,CARDSUCCESS,DDCARD PAYMENT:MESDDD61Q9RI5849F29PR,2.0,,ch_3SI9g3GNUfzD46Hm0ku1KhN2,CPMT: 60077-DDI00029,CPMT: 60077-DDI00029-14/10/2025,
14/10/2025,60071,60071-DDI00032,Ndevor Systems Ltd : Phorest Canada,11010 Accounts Receivable : Trade Debtors,CAD,1.0,480.7,10150 Bank : CIBC Current Account 9066314,Canada,CARDSUCCESS,DDCARD PAYMENT:MESDDD921YJ5N46LU26P3,2.0,,ch_3SI9g0GNUfzD46Hm0NvVSklw,CPMT: 60071-DDI00032,CPMT: 60071-DDI00032-14/10/2025,
14/10/2025,60068,60068-DDI00032,Ndevor Systems Ltd : Phorest Canada,11010 Accounts Receivable : Trade Debtors,CAD,1.0,133.28,10150 Bank : CIBC Current Account 9066314,Canada,CARDSUCCESS,DDCARD PAYMENT:MESDDD2M1ILKOJUV308Y6,2.0,,ch_3SI9fyGNUfzD46Hm1ifyVKwx,CPMT: 60068-DDI00032,CPMT: 60068-DDI00032-14/10/2025,
14/10/2025,60067,60067-DDI00034,Ndevor Systems Ltd : Phorest Canada,11010 Accounts Receivable : Trade Debtors,CAD,1.0,794.73,10150 Bank : CIBC Current Account 9066314,Canada,CARDSUCCESS,DDCARD PAYMENT:MESDDD3ANG2G075AD2XSK,2.0,,ch_3SI9fwGNUfzD46Hm1QzeVOmi,CPMT: 60067-DDI00034,CPMT: 60067-DDI00034-14/10/2025,
14/10/2025,60029,60029-DDI00032,Ndevor Systems Ltd : Phorest Canada,11010 Accounts Receivable : Trade Debtors,CAD,1.0,581.28,10150 Bank : CIBC Current Account 9066314,Canada,CARDSUCCESS,DDCARD PAYMENT:MESDDD4H44043G0IT1351,2.0,,ch_3SI9ftGNUfzD46Hm11sXByt0,CPMT: 60029-DDI00032,CPMT: 60029-DDI00032-14/10/2025,
14/10/2025,60009,60009-DDI00032,Ndevor Systems Ltd : Phorest Canada,11010 Accounts Receivable : Trade Debtors,CAD,1.0,368.61,10150 Bank : CIBC Current Account 9066314,Canada,CARDSUCCESS,DDCARD PAYMENT:MESDDDMAO33S433ZHUZ2D,2.0,,ch_3SI9frGNUfzD46Hm1JT1ubJv,CPMT: 60009-DDI00032,CPMT: 60009-DDI00032-14/10/2025,
14/10/2025,60008,60008-DDI00036,Ndevor Systems Ltd : Phorest Canada,11010 Accounts Receivable : Trade Debtors,CAD,1.0,387.39,10150 Bank : CIBC Current Account 9066314,Canada,CARDSUCCESS,DDCARD PAYMENT:MESDDDQ9XYM3651W60790,2.0,,ch_3SI9fpGNUfzD46Hm0SUvbGVD,CPMT: 60008-DDI00036,CPMT: 60008-DDI00036-14/10/2025,
14/10/2025,59890,59890-DDI00016,Ndevor Systems Ltd : Phorest Canada,11010 Accounts Receivable : Trade Debtors,CAD,1.0,371.77,10150 Bank : CIBC Current Account 9066314,Canada,CARDSUCCESS,DDCARD PAYMENT:MESDDDEE5J28EGU832I8O,2.0,,ch_3SI9fmGNUfzD46Hm1AAUhwyI,CPMT: 59890-DDI00016,CPMT: 59890-DDI00016-14/10/2025,
14/10/2025,59778,59778-DDI00037,Ndevor Systems Ltd : Phorest Canada,11010 Accounts Receivable : Trade Debtors,CAD,1.0,368.48,10150 Bank : CIBC Current Account 9066314,Canada,CARDSUCCESS,DDCARD PAYMENT:MESDDDGII5KJP4OMOZ7PI,2.0,,ch_3SI9fkGNUfzD46Hm1O3Gq0X2,CPMT: 59778-DDI00037,CPMT: 59778-DDI00037-14/10/2025,
14/10/2025,59721,59721-DDI00032,Ndevor Systems Ltd : Phorest Canada,11010 Accounts Receivable : Trade Debtors,CAD,1.0,245.32,10150 Bank : CIBC Current Account 9066314,Canada,CARDSUCCESS,DDCARD PAYMENT:MESDDD0T8Y79MMP3O19C3,2.0,,ch_3SI9fiGNUfzD46Hm0l2yk0pX,CPMT: 59721-DDI00032,CPMT: 59721-DDI00032-14/10/2025,
14/10/2025,59494,59494-DDI00034,Ndevor Systems Ltd : Phorest Canada,11010 Accounts Receivable : Trade Debtors,CAD,1.0,134.47,10150 Bank : CIBC Current Account 9066314,Canada,CARDSUCCESS,DDCARD PAYMENT:MESDDD78686D9O6Z4A2CN,2.0,,ch_3SI9fdGNUfzD46Hm1vhgoJ47,CPMT: 59494-DDI00034,CPMT: 59494-DDI00034-14/10/2025,
14/10/2025,59261,59261-DDI00019,Ndevor Systems Ltd : Phorest Canada,11010 Accounts Receivable : Trade Debtors,CAD,1.0,371.77,10150 Bank : CIBC Current Account 9066314,Canada,CARDSUCCESS,DDCARD PAYMENT:MESDDDIEYEJ46Y42S6BE4,2.0,,ch_3SI9fbGNUfzD46Hm0drcECtC,CPMT: 59261-DDI00019,CPMT: 59261-DDI00019-14/10/2025,
14/10/2025,59157,59157-DDI00034,Ndevor Systems Ltd : Phorest Canada,11010 Accounts Receivable : Trade Debtors,CAD,1.0,371.77,10150 Bank : CIBC Current Account 9066314,Canada,CARDSUCCESS,DDCARD PAYMENT:MESDDD194D1A0Z41ZMLYO,2.0,,ch_3SI9fWGNUfzD46Hm0pUjGTmQ,CPMT: 59157-DDI00034,CPMT: 59157-DDI00034-14/10/2025,
14/10/2025,59156,59156-DDI00034,Ndevor Systems Ltd : Phorest Canada,11010 Accounts Receivable : Trade Debtors,CAD,1.0,368.48,10150 Bank : CIBC Current Account 9066314,Canada,CARDSUCCESS,DDCARD PAYMENT:MESDDD644H6944W614375,2.0,,ch_3SI9fUGNUfzD46Hm0WGfxpTJ,CPMT: 59156-DDI00034,CPMT: 59156-DDI00034-14/10/2025,
14/10/2025,59099,59099-DDI00036,Ndevor Systems Ltd : Phorest Canada,11010 Accounts Receivable : Trade Debtors,CAD,1.0,394.37,10150 Bank : CIBC Current Account 9066314,Canada,CARDSUCCESS,DDCARD PAYMENT:MESDDDN82G19BZ1F8WEXV,2.0,,ch_3SI9fRGNUfzD46Hm1bKDKif9,CPMT: 59099-DDI00036,CPMT: 59099-DDI00036-14/10/2025,
14/10/2025,58951,58951-DDI00019,Ndevor Systems Ltd : Phorest Canada,11010 Accounts Receivable : Trade Debtors,CAD,1.0,554.4,10150 Bank : CIBC Current Account 9066314,Canada,CARDSUCCESS,DDCARD PAYMENT:MESDDD90V6CNT5C156T02,2.0,,ch_3SI9fPGNUfzD46Hm0sJtRbRN,CPMT: 58951-DDI00019,CPMT: 58951-DDI00019-14/10/2025,
14/10/2025,58867,58867-DDI00034,Ndevor Systems Ltd : Phorest Canada,11010 Accounts Receivable : Trade Debtors,CAD,1.0,586.47,10150 Bank : CIBC Current Account 9066314,Canada,CARDSUCCESS,DDCARD PAYMENT:MESDDD6JI69K5250JM107,2.0,,ch_3SI9fNGNUfzD46Hm029feav1,CPMT: 58867-DDI00034,CPMT: 58867-DDI00034-14/10/2025,
14/10/2025,58851,58851-DDI00039,Ndevor Systems Ltd : Phorest Canada,11010 Accounts Receivable : Trade Debtors,CAD,1.0,229.95,10150 Bank : CIBC Current Account 9066314,Canada,CARDSUCCESS,DDCARD PAYMENT:MESDDD99A5HYN1B309TX9,2.0,,ch_3SI9fKGNUfzD46Hm1jdi9aqk,CPMT: 58851-DDI00039,CPMT: 58851-DDI00039-14/10/2025,
14/10/2025,58620,58620-DDI00037,Ndevor Systems Ltd : Phorest Canada,11010 Accounts Receivable : Trade Debtors,CAD,1.0,367.51,10150 Bank : CIBC Current Account 9066314,Canada,CARDSUCCESS,DDCARD PAYMENT:MESDDDFHUG9KTQ4153A89,2.0,,ch_3SI9fIGNUfzD46Hm1HpypDDK,CPMT: 58620-DDI00037,CPMT: 58620-DDI00037-14/10/2025,
14/10/2025,58390,58390-DDI00033,Ndevor Systems Ltd : Phorest Canada,11010 Accounts Receivable : Trade Debtors,CAD,1.0,479.36,10150 Bank : CIBC Current Account 9066314,Canada,CARDSUCCESS,DDCARD PAYMENT:MESDDDUS6Q9ECEH26KRRA,2.0,,ch_3SI9fGGNUfzD46Hm0U25LI8N,CPMT: 58390-DDI00033,CPMT: 58390-DDI00033-14/10/2025,
14/10/2025,58291,58291-DDI00039,Ndevor Systems Ltd : Phorest Canada,11010 Accounts Receivable : Trade Debtors,CAD,1.0,294.84,10150 Bank : CIBC Current Account 9066314,Canada,CARDSUCCESS,DDCARD PAYMENT:MESDDDI2390T6K1423785,2.0,,ch_3SI9fDGNUfzD46Hm0Of3V6LW,CPMT: 58291-DDI00039,CPMT: 58291-DDI00039-14/10/2025,
14/10/2025,58245,58245-DDI00029,Ndevor Systems Ltd : Phorest Canada,11010 Accounts Receivable : Trade Debtors,CAD,1.0,623.7,10150 Bank : CIBC Current Account 9066314,Canada,CARDSUCCESS,DDCARD PAYMENT:MESDDDH2RAD89C929487C,2.0,,ch_3SI9fBGNUfzD46Hm1WLTWcdl,CPMT: 58245-DDI00029,CPMT: 58245-DDI00029-14/10/2025,
14/10/2025,58081,58081-DDI00036,Ndevor Systems Ltd : Phorest Canada,11010 Accounts Receivable : Trade Debtors,CAD,1.0,249.66,10150 Bank : CIBC Current Account 9066314,Canada,CARDSUCCESS,DDCARD PAYMENT:MESDDDM0L32BJ02J0J0YP,2.0,,ch_3SI9f6GNUfzD46Hm1ZWDrD2W,CPMT: 58081-DDI00036,CPMT: 58081-DDI00036-14/10/2025,
14/10/2025,58072,58072-DDI00038,Ndevor Systems Ltd : Phorest Canada,11010 Accounts Receivable : Trade Debtors,CAD,1.0,452.18,10150 Bank : CIBC Current Account 9066314,Canada,CARDSUCCESS,DDCARD PAYMENT:MESDDDK95Z0277B9Q4546,2.0,,ch_3SI9f4GNUfzD46Hm0d5c54rA,CPMT: 58072-DDI00038,CPMT: 58072-DDI00038-14/10/2025,
14/10/2025,58040,58040-DDI00019,Ndevor Systems Ltd : Phorest Canada,11010 Accounts Receivable : Trade Debtors,CAD,1.0,378.35,10150 Bank : CIBC Current Account 9066314,Canada,CARDSUCCESS,DDCARD PAYMENT:MESDDDDJ83J6778L88IRE,2.0,,ch_3SI9f2GNUfzD46Hm1UkD9GBj,CPMT: 58040-DDI00019,CPMT: 58040-DDI00019-14/10/2025,
14/10/2025,58018,58018-DDI00021,Ndevor Systems Ltd : Phorest Canada,11010 Accounts Receivable : Trade Debtors,CAD,1.0,241.61,10150 Bank : CIBC Current Account 9066314,Canada,CARDSUCCESS,DDCARD PAYMENT:MESDDD3K60849TG3XKA7S,2.0,,ch_3SI9exGNUfzD46Hm1QBu0lCh,CPMT: 58018-DDI00021,CPMT: 58018-DDI00021-14/10/2025,
14/10/2025,59211,59211-DDI00033,Ndevor Systems Ltd : Phorest Canada,11010 Accounts Receivable : Trade Debtors,CAD,1.0,559.35,10150 Bank : CIBC Current Account 9066314,Canada,CARDSUCCESS,DDCARD PAYMENT:MESDDDNKPO201I0T8P3EV,2.0,,ch_3SI9fYGNUfzD46Hm11hsBbfo,CPMT: 59211-DDI00033,CPMT: 59211-DDI00033-14/10/2025,
14/10/2025,51082,51082-DDI00055,Ndevor Systems Ltd : Phorest Canada,11010 Accounts Receivable : Trade Debtors,CAD,1.0,390.88,10150 Bank : CIBC Current Account 9066314,Canada,CARDSUCCESS,DDCARD PAYMENT:MESDDDHB504GF186V2T42,2.0,,ch_3SI9cmGNUfzD46Hm0Ot70i2x,CPMT: 51082-DDI00055,CPMT: 51082-DDI00055-14/10/2025,
14/10/2025,60202,60202-DDI00032,Ndevor Systems Ltd : Phorest Canada,11010 Accounts Receivable : Trade Debtors,CAD,1.0,443.99,10150 Bank : CIBC Current Account 9066314,Canada,CARDSUCCESS,DDCARD PAYMENT:MESDDD99BDCSLHA779044,2.0,,ch_3SI9g7GNUfzD46Hm12BWFxVi,CPMT: 60202-DDI00032,CPMT: 60202-DDI00032-14/10/2025,
14/10/2025,61969,61969-DDI00027,Ndevor Systems Ltd : Phorest Canada,11010 Accounts Receivable : Trade Debtors,CAD,1.0,254.19,10150 Bank : CIBC Current Account 9066314,Canada,CARDSUCCESS,DDCARD PAYMENT:MESDDDDNH7965I4G69067,2.0,,ch_3SI9haGNUfzD46Hm0GzY8GuC,CPMT: 61969-DDI00027,CPMT: 61969-DDI00027-14/10/2025,
14/10/2025,61857,61857-DDI00033,Ndevor Systems Ltd : Phorest Canada,11010 Accounts Receivable : Trade Debtors,CAD,1.0,2273.9,10150 Bank : CIBC Current Account 9066314,Canada,CARDSUCCESS,DDCARD PAYMENT:MESDDDC9ZW2B70DN994TX,2.0,,ch_3SI9hYGNUfzD46Hm1zU1RAyp,CPMT: 61857-DDI00033,CPMT: 61857-DDI00033-14/10/2025,
14/10/2025,61838,61838-DDI00024,Ndevor Systems Ltd : Phorest Canada,11010 Accounts Receivable : Trade Debtors,CAD,1.0,397.86,10150 Bank : CIBC Current Account 9066314,Canada,CARDSUCCESS,DDCARD PAYMENT:MESDDDWFK58P37J10708L,2.0,,ch_3SI9hWGNUfzD46Hm04df2ygQ,CPMT: 61838-DDI00024,CPMT: 61838-DDI00024-14/10/2025,
14/10/2025,61837,61837-DDI00027,Ndevor Systems Ltd : Phorest Canada,11010 Accounts Receivable : Trade Debtors,CAD,1.0,554.4,10150 Bank : CIBC Current Account 9066314,Canada,CARDSUCCESS,DDCARD PAYMENT:MESDDDICQ4482W3O30Q76,2.0,,ch_3SI9hTGNUfzD46Hm1bWXwy7I,CPMT: 61837-DDI00027,CPMT: 61837-DDI00027-14/10/2025,
14/10/2025,61835,61835-DDI00025,Ndevor Systems Ltd : Phorest Canada,11010 Accounts Receivable : Trade Debtors,CAD,1.0,368.48,10150 Bank : CIBC Current Account 9066314,Canada,CARDSUCCESS,DDCARD PAYMENT:MESDDDO1241DYNL73Y2PZ,2.0,,ch_3SI9hRGNUfzD46Hm1NkE1EG5,CPMT: 61835-DDI00025,CPMT: 61835-DDI00025-14/10/2025,
14/10/2025,61821,61821-DDI00026,Ndevor Systems Ltd : Phorest Canada,11010 Accounts Receivable : Trade Debtors,CAD,1.0,554.4,10150 Bank : CIBC Current Account 9066314,Canada,CARDSUCCESS,DDCARD PAYMENT:MESDDD0S7Y6VRWDV82ND7,2.0,,ch_3SI9hPGNUfzD46Hm1JMkF8ij,CPMT: 61821-DDI00026,CPMT: 61821-DDI00026-14/10/2025,
14/10/2025,61802,61802-DDI00030,Ndevor Systems Ltd : Phorest Canada,11010 Accounts Receivable : Trade Debtors,CAD,1.0,333.76,10150 Bank : CIBC Current Account 9066314,Canada,CARDSUCCESS,DDCARD PAYMENT:MESDDD28R4327T25JVQ5I,2.0,,ch_3SI9hMGNUfzD46Hm1E6umGzK,CPMT: 61802-DDI00030,CPMT: 61802-DDI00030-14/10/2025,
14/10/2025,61730,61730-DDI00030,Ndevor Systems Ltd : Phorest Canada,11010 Accounts Receivable : Trade Debtors,CAD,1.0,253.04,10150 Bank : CIBC Current Account 9066314,Canada,CARDSUCCESS,DDCARD PAYMENT:MESDDD8HEF2C9G941790Y,2.0,,ch_3SI9hKGNUfzD46Hm1UEU2ncD,CPMT: 61730-DDI00030,CPMT: 61730-DDI00030-14/10/2025,
14/10/2025,61715,61715-DDI00028,Ndevor Systems Ltd : Phorest Canada,11010 Accounts Receivable : Trade Debtors,CAD,1.0,559.35,10150 Bank : CIBC Current Account 9066314,Canada,CARDSUCCESS,DDCARD PAYMENT:MESDDDBM8W4Z1K7W8RZE0,2.0,,ch_3SI9hHGNUfzD46Hm17qSyZrT,CPMT: 61715-DDI00028,CPMT: 61715-DDI00028-14/10/2025,
14/10/2025,61713,61713-DDI00029,Ndevor Systems Ltd : Phorest Canada,11010 Accounts Receivable : Trade Debtors,CAD,1.0,437.31,10150 Bank : CIBC Current Account 9066314,Canada,CARDSUCCESS,DDCARD PAYMENT:MESDDDR2O50971ENBL6WY,2.0,,ch_3SI9hFGNUfzD46Hm1br8EbXf,CPMT: 61713-DDI00029,CPMT: 61713-DDI00029-14/10/2025,
14/10/2025,61703,61703-DDI00015,Ndevor Systems Ltd : Phorest Canada,11010 Accounts Receivable : Trade Debtors,CAD,1.0,256.48,10150 Bank : CIBC Current Account 9066314,Canada,CARDSUCCESS,DDCARD PAYMENT:MESDDD5U04O3QC2X8TIN3,2.0,,ch_3SI9hCGNUfzD46Hm1r4KcTrC,CPMT: 61703-DDI00015,CPMT: 61703-DDI00015-14/10/2025,
14/10/2025,61598,61598-DDI00014,Ndevor Systems Ltd : Phorest Canada,11010 Accounts Receivable : Trade Debtors,CAD,1.0,258.77,10150 Bank : CIBC Current Account 9066314,Canada,CARDSUCCESS,DDCARD PAYMENT:MESDDD63XZ65406E0590H,2.0,,ch_3SI9h9GNUfzD46Hm02i4is1e,CPMT: 61598-DDI00014,CPMT: 61598-DDI00014-14/10/2025,
14/10/2025,61457,61457-DDI00018,Ndevor Systems Ltd : Phorest Canada,11010 Accounts Receivable : Trade Debtors,CAD,1.0,371.77,10150 Bank : CIBC Current Account 9066314,Canada,CARDSUCCESS,DDCARD PAYMENT:MESDDDE90T7ZDJ57K9NHH,2.0,,ch_3SI9gmGNUfzD46Hm0MIUykJM,CPMT: 61457-DDI00018,CPMT: 61457-DDI00018-14/10/2025,
14/10/2025,61456,61456-DDI00022,Ndevor Systems Ltd : Phorest Canada,11010 Accounts Receivable : Trade Debtors,CAD,1.0,371.77,10150 Bank : CIBC Current Account 9066314,Canada,CARDSUCCESS,DDCARD PAYMENT:MESDDD4O2U6M731Y81N3W,2.0,,ch_3SI9gjGNUfzD46Hm1fqUCpDi,CPMT: 61456-DDI00022,CPMT: 61456-DDI00022-14/10/2025,
14/10/2025,57939,57939-DDI00021,Ndevor Systems Ltd : Phorest Canada,11010 Accounts Receivable : Trade Debtors,CAD,1.0,161.38,10150 Bank : CIBC Current Account 9066314,Canada,CARDSUCCESS,DDCARD PAYMENT:MESDDDJ5D9Z5ZYYC739ZD,2.0,,ch_3SI9evGNUfzD46Hm0e5g0tmF,CPMT: 57939-DDI00021,CPMT: 57939-DDI00021-14/10/2025,
14/10/2025,61372,61372-DDI00030,Ndevor Systems Ltd : Phorest Canada,11010 Accounts Receivable : Trade Debtors,CAD,1.0,345.45,10150 Bank : CIBC Current Account 9066314,Canada,CARDSUCCESS,DDCARD PAYMENT:MESDDDVK65897C4BWI788,2.0,,ch_3SI9ghGNUfzD46Hm1hvxbKso,CPMT: 61372-DDI00030,CPMT: 61372-DDI00030-14/10/2025,
14/10/2025,61369,61369-DDI00027,Ndevor Systems Ltd : Phorest Canada,11010 Accounts Receivable : Trade Debtors,CAD,1.0,333.76,10150 Bank : CIBC Current Account 9066314,Canada,CARDSUCCESS,DDCARD PAYMENT:MESDDD67D8BQ266QC7P7T,2.0,,ch_3SI9gcGNUfzD46Hm196V4MQ5,CPMT: 61369-DDI00027,CPMT: 61369-DDI00027-14/10/2025,
14/10/2025,61284,61284-DDI00022,Ndevor Systems Ltd : Phorest Canada,11010 Accounts Receivable : Trade Debtors,CAD,1.0,312.48,10150 Bank : CIBC Current Account 9066314,Canada,CARDSUCCESS,DDCARD PAYMENT:MESDDDL20UTL52Y06P11B,2.0,,ch_3SI9gaGNUfzD46Hm0AoLVCem,CPMT: 61284-DDI00022,CPMT: 61284-DDI00022-14/10/2025,
14/10/2025,61210,61210-DDI00022,Ndevor Systems Ltd : Phorest Canada,11010 Accounts Receivable : Trade Debtors,CAD,1.0,568.96,10150 Bank : CIBC Current Account 9066314,Canada,CARDSUCCESS,DDCARD PAYMENT:MESDDD27Z03L45866415Q,2.0,,ch_3SI9gYGNUfzD46Hm1OhTZiQt,CPMT: 61210-DDI00022,CPMT: 61210-DDI00022-14/10/2025,
14/10/2025,61162,61162-DDI00016,Ndevor Systems Ltd : Phorest Canada,11010 Accounts Receivable : Trade Debtors,CAD,1.0,246.34,10150 Bank : CIBC Current Account 9066314,Canada,CARDSUCCESS,DDCARD PAYMENT:MESDDDF06U4HV1Q7V99X2,2.0,,ch_3SI9gVGNUfzD46Hm1aBN6W2Q,CPMT: 61162-DDI00016,CPMT: 61162-DDI00016-14/10/2025,
14/10/2025,61158,61158-DDI00017,Ndevor Systems Ltd : Phorest Canada,11010 Accounts Receivable : Trade Debtors,CAD,1.0,333.9,10150 Bank : CIBC Current Account 9066314,Canada,CARDSUCCESS,DDCARD PAYMENT:MESDDD35GU5EYGRO72876,2.0,,ch_3SI9gTGNUfzD46Hm1RvmFwxU,CPMT: 61158-DDI00017,CPMT: 61158-DDI00017-14/10/2025,
14/10/2025,60867,60867-DDI00033,Ndevor Systems Ltd : Phorest Canada,11010 Accounts Receivable : Trade Debtors,CAD,1.0,163.27,10150 Bank : CIBC Current Account 9066314,Canada,CARDSUCCESS,DDCARD PAYMENT:MESDDD0V27E61H23M7MJM,2.0,,ch_3SI9gSGNUfzD46Hm1aEDqA3v,CPMT: 60867-DDI00033,CPMT: 60867-DDI00033-14/10/2025,
14/10/2025,60715,60715-DDI00034,Ndevor Systems Ltd : Phorest Canada,11010 Accounts Receivable : Trade Debtors,CAD,1.0,245.28,10150 Bank : CIBC Current Account 9066314,Canada,CARDSUCCESS,DDCARD PAYMENT:MESDDDF7454Y52386G233,2.0,,ch_3SI9gQGNUfzD46Hm0RMB5sMf,CPMT: 60715-DDI00034,CPMT: 60715-DDI00034-14/10/2025,
14/10/2025,60702,60702-DDI00028,Ndevor Systems Ltd : Phorest Canada,11010 Accounts Receivable : Trade Debtors,CAD,1.0,387.39,10150 Bank : CIBC Current Account 9066314,Canada,CARDSUCCESS,DDCARD PAYMENT:MESDDDL17F2SQF16Y5Y9H,2.0,,ch_3SI9gNGNUfzD46Hm0PfxvVnh,CPMT: 60702-DDI00028,CPMT: 60702-DDI00028-14/10/2025,
14/10/2025,60634,60634-DDI00016,Ndevor Systems Ltd : Phorest Canada,11010 Accounts Receivable : Trade Debtors,CAD,1.0,345.45,10150 Bank : CIBC Current Account 9066314,Canada,CARDSUCCESS,DDCARD PAYMENT:MESDDD50049K61W75515Y,2.0,,ch_3SI9gLGNUfzD46Hm0qh5wIPm,CPMT: 60634-DDI00016,CPMT: 60634-DDI00016-14/10/2025,
14/10/2025,60631,60631-DDI00017,Ndevor Systems Ltd : Phorest Canada,11010 Accounts Receivable : Trade Debtors,CAD,1.0,247.47,10150 Bank : CIBC Current Account 9066314,Canada,CARDSUCCESS,DDCARD PAYMENT:MESDDD234Y6BQIL9QQ3R4,2.0,,ch_3SI9gJGNUfzD46Hm1FmsR7mP,CPMT: 60631-DDI00017,CPMT: 60631-DDI00017-14/10/2025,
14/10/2025,60604,60604-DDI00028,Ndevor Systems Ltd : Phorest Canada,11010 Accounts Receivable : Trade Debtors,CAD,1.0,318.33,10150 Bank : CIBC Current Account 9066314,Canada,CARDSUCCESS,DDCARD PAYMENT:MESDDD7YL7LP6V5E2M1CG,2.0,,ch_3SI9gGGNUfzD46Hm1MH8mRPv,CPMT: 60604-DDI00028,CPMT: 60604-DDI00028-14/10/2025,
14/10/2025,60550,60550-DDI00017,Ndevor Systems Ltd : Phorest Canada,11010 Accounts Receivable : Trade Debtors,CAD,1.0,153.21,10150 Bank : CIBC Current Account 9066314,Canada,CARDSUCCESS,DDCARD PAYMENT:MESDDD10D30NF21QV74U0,2.0,,ch_3SI9gEGNUfzD46Hm059jXtK1,CPMT: 60550-DDI00017,CPMT: 60550-DDI00017-14/10/2025,
14/10/2025,60408,60408-DDI00031,Ndevor Systems Ltd : Phorest Canada,11010 Accounts Receivable : Trade Debtors,CAD,1.0,394.37,10150 Bank : CIBC Current Account 9066314,Canada,CARDSUCCESS,DDCARD PAYMENT:MESDDDP82JP80BD1IDH82,2.0,,ch_3SI9gCGNUfzD46Hm0vz4otYR,CPMT: 60408-DDI00031,CPMT: 60408-DDI00031-14/10/2025,
14/10/2025,60303,60303-DDI00017,Ndevor Systems Ltd : Phorest Canada,11010 Accounts Receivable : Trade Debtors,CAD,1.0,408.45,10150 Bank : CIBC Current Account 9066314,Canada,CARDSUCCESS,DDCARD PAYMENT:MESDDDYQ01I7XWH14Q847,2.0,,ch_3SI9g9GNUfzD46Hm1xpJS7r7,CPMT: 60303-DDI00017,CPMT: 60303-DDI00017-14/10/2025,
14/10/2025,61370,61370-DDI00028,Ndevor Systems Ltd : Phorest Canada,11010 Accounts Receivable : Trade Debtors,CAD,1.0,333.76,10150 Bank : CIBC Current Account 9066314,Canada,CARDSUCCESS,DDCARD PAYMENT:MESDDDK2Z40W0JY7RPGK6,2.0,,ch_3SI9gfGNUfzD46Hm0hJpjQAt,CPMT: 61370-DDI00028,CPMT: 61370-DDI00028-14/10/2025,
14/10/2025,57854,57854-DDI00041,Ndevor Systems Ltd : Phorest Canada,11010 Accounts Receivable : Trade Debtors,CAD,1.0,451.39,10150 Bank : CIBC Current Account 9066314,Canada,CARDSUCCESS,DDCARD PAYMENT:MESDDD6454NTX1C84B277,2.0,,ch_3SI9etGNUfzD46Hm1MPCf20y,CPMT: 57854-DDI00041,CPMT: 57854-DDI00041-14/10/2025,
14/10/2025,57512,57512-DDI00043,Ndevor Systems Ltd : Phorest Canada,11010 Accounts Receivable : Trade Debtors,CAD,1.0,417.9,10150 Bank : CIBC Current Account 9066314,Canada,CARDSUCCESS,DDCARD PAYMENT:MESDDD2D8177MQOM433PO,2.0,,ch_3SI9ekGNUfzD46Hm0zVxTvnQ,CPMT: 57512-DDI00043,CPMT: 57512-DDI00043-14/10/2025,
14/10/2025,57638,57638-DDI00021,Ndevor Systems Ltd : Phorest Canada,11010 Accounts Receivable : Trade Debtors,CAD,1.0,356.16,10150 Bank : CIBC Current Account 9066314,Canada,CARDSUCCESS,DDCARD PAYMENT:MESDDD33777G4414RT5Z1,2.0,,ch_3SI9enGNUfzD46Hm1wKC288p,CPMT: 57638-DDI00021,CPMT: 57638-DDI00021-14/10/2025,
14/10/2025,50066,50066-DDI00038,Ndevor Systems Ltd : Phorest Canada,11010 Accounts Receivable : Trade Debtors,CAD,1.0,347.2,10150 Bank : CIBC Current Account 9066314,Canada,CARDSUCCESS,DDCARD PAYMENT:MESDDD9944S8FG10A0DF5,2.0,,ch_3SI9dUGNUfzD46Hm08gs2NbE,CPMT: 50066-DDI00038,CPMT: 50066-DDI00038-14/10/2025,
14/10/2025,50048,50048-DDI00053,Ndevor Systems Ltd : Phorest Canada,11010 Accounts Receivable : Trade Debtors,CAD,1.0,333.35,10150 Bank : CIBC Current Account 9066314,Canada,CARDSUCCESS,DDCARD PAYMENT:MESDDDZ9F0X43OT0K076U,2.0,,ch_3SI9dRGNUfzD46Hm0EPVRzoS,CPMT: 50048-DDI00053,CPMT: 50048-DDI00053-14/10/2025,
14/10/2025,49976,49976-DDI00060,Ndevor Systems Ltd : Phorest Canada,11010 Accounts Receivable : Trade Debtors,CAD,1.0,418.1,10150 Bank : CIBC Current Account 9066314,Canada,CARDSUCCESS,DDCARD PAYMENT:MESDDD3Z6KR84Q41Y2248,2.0,,ch_3SI9dPGNUfzD46Hm1Gx4jO28,CPMT: 49976-DDI00060,CPMT: 49976-DDI00060-14/10/2025,
14/10/2025,49918,49918-DDI00059,Ndevor Systems Ltd : Phorest Canada,11010 Accounts Receivable : Trade Debtors,CAD,1.0,441.28,10150 Bank : CIBC Current Account 9066314,Canada,CARDSUCCESS,DDCARD PAYMENT:MESDDD037QU05HVAG3SQV,2.0,,ch_3SI9dNGNUfzD46Hm0bM5lV0j,CPMT: 49918-DDI00059,CPMT: 49918-DDI00059-14/10/2025,
14/10/2025,53022,53022-DDI00050,Ndevor Systems Ltd : Phorest Canada,11010 Accounts Receivable : Trade Debtors,CAD,1.0,145.78,10150 Bank : CIBC Current Account 9066314,Canada,CARDSUCCESS,DDCARD PAYMENT:MESDDD4D3O3O2ZM2JHSFE,2.0,,ch_3SI9dLGNUfzD46Hm0ivr8XcI,CPMT: 53022-DDI00050,CPMT: 53022-DDI00050-14/10/2025,
14/10/2025,52749,52749-DDI00054,Ndevor Systems Ltd : Phorest Canada,11010 Accounts Receivable : Trade Debtors,CAD,1.0,371.77,10150 Bank : CIBC Current Account 9066314,Canada,CARDSUCCESS,DDCARD PAYMENT:MESDDD455BV0W114A8O4A,2.0,,ch_3SI9dIGNUfzD46Hm0b7RTpMq,CPMT: 52749-DDI00054,CPMT: 52749-DDI00054-14/10/2025,
14/10/2025,52331,52331-DDI00041,Ndevor Systems Ltd : Phorest Canada,11010 Accounts Receivable : Trade Debtors,CAD,1.0,70.26,10150 Bank : CIBC Current Account 9066314,Canada,CARDSUCCESS,DDCARD PAYMENT:MESDDDLVO0E4689K66YO2,2.0,,ch_3SI9dGGNUfzD46Hm1N1fFcuC,CPMT: 52331-DDI00041,CPMT: 52331-DDI00041-14/10/2025,
14/10/2025,52139,52139-DDI00049,Ndevor Systems Ltd : Phorest Canada,11010 Accounts Receivable : Trade Debtors,CAD,1.0,134.47,10150 Bank : CIBC Current Account 9066314,Canada,CARDSUCCESS,DDCARD PAYMENT:MESDDDR2J6E58389Y273Y,2.0,,ch_3SI9dEGNUfzD46Hm0r3kxKfp,CPMT: 52139-DDI00049,CPMT: 52139-DDI00049-14/10/2025,
14/10/2025,51982,51982-DDI00056,Ndevor Systems Ltd : Phorest Canada,11010 Accounts Receivable : Trade Debtors,CAD,1.0,278.25,10150 Bank : CIBC Current Account 9066314,Canada,CARDSUCCESS,DDCARD PAYMENT:MESDDD71AZMXI8UINH0TY,2.0,,ch_3SI9dBGNUfzD46Hm1lW3Veol,CPMT: 51982-DDI00056,CPMT: 51982-DDI00056-14/10/2025,
14/10/2025,51958,51958-DDI00054,Ndevor Systems Ltd : Phorest Canada,11010 Accounts Receivable : Trade Debtors,CAD,1.0,173.33,10150 Bank : CIBC Current Account 9066314,Canada,CARDSUCCESS,DDCARD PAYMENT:MESDDD7YS7M8HM1N19ZP4,2.0,,ch_3SI9d9GNUfzD46Hm1HD0cjBd,CPMT: 51958-DDI00054,CPMT: 51958-DDI00054-14/10/2025,
14/10/2025,51724,51724-DDI00053,Ndevor Systems Ltd : Phorest Canada,11010 Accounts Receivable : Trade Debtors,CAD,1.0,257.17,10150 Bank : CIBC Current Account 9066314,Canada,CARDSUCCESS,DDCARD PAYMENT:MESDDDZDSDNU5ROE64P7Q,2.0,,ch_3SI9d4GNUfzD46Hm01Qye5ka,CPMT: 51724-DDI00053,CPMT: 51724-DDI00053-14/10/2025,
14/10/2025,51672,51672-DDI00027,Ndevor Systems Ltd : Phorest Canada,11010 Accounts Receivable : Trade Debtors,CAD,1.0,371.77,10150 Bank : CIBC Current Account 9066314,Canada,CARDSUCCESS,DDCARD PAYMENT:MESDDD94OJ6E67X1CR43M,2.0,,ch_3SI9d2GNUfzD46Hm1H4BMfWe,CPMT: 51672-DDI00027,CPMT: 51672-DDI00027-14/10/2025,
14/10/2025,51500,51500-DDI00055,Ndevor Systems Ltd : Phorest Canada,11010 Accounts Receivable : Trade Debtors,CAD,1.0,371.77,10150 Bank : CIBC Current Account 9066314,Canada,CARDSUCCESS,DDCARD PAYMENT:MESDDD41R2Q8699RA0XXK,2.0,,ch_3SI9czGNUfzD46Hm1wsaiif2,CPMT: 51500-DDI00055,CPMT: 51500-DDI00055-14/10/2025,
14/10/2025,50190,50190-DDI00058,Ndevor Systems Ltd : Phorest Canada,11010 Accounts Receivable : Trade Debtors,CAD,1.0,333.35,10150 Bank : CIBC Current Account 9066314,Canada,CARDSUCCESS,DDCARD PAYMENT:MESDDD7J29433W9SDJ7BR,2.0,,ch_3SI9dWGNUfzD46Hm1H2GIQO5,CPMT: 50190-DDI00058,CPMT: 50190-DDI00058-14/10/2025,
14/10/2025,51441,51441-DDI00051,Ndevor Systems Ltd : Phorest Canada,11010 Accounts Receivable : Trade Debtors,CAD,1.0,559.35,10150 Bank : CIBC Current Account 9066314,Canada,CARDSUCCESS,DDCARD PAYMENT:MESDDD1AA3S8NQ1SWBQ62,2.0,,ch_3SI9cxGNUfzD46Hm1mdoqk7y,CPMT: 51441-DDI00051,CPMT: 51441-DDI00051-14/10/2025,
14/10/2025,51439,51439-DDI00051,Ndevor Systems Ltd : Phorest Canada,11010 Accounts Receivable : Trade Debtors,CAD,1.0,559.35,10150 Bank : CIBC Current Account 9066314,Canada,CARDSUCCESS,DDCARD PAYMENT:MESDDD07MK30BMJRWJ43G,2.0,,ch_3SI9crGNUfzD46Hm0I7FxOGN,CPMT: 51439-DDI00051,CPMT: 51439-DDI00051-14/10/2025,
14/10/2025,51003,51003-DDI00048,Ndevor Systems Ltd : Phorest Canada,11010 Accounts Receivable : Trade Debtors,CAD,1.0,150.63,10150 Bank : CIBC Current Account 9066314,Canada,CARDSUCCESS,DDCARD PAYMENT:MESDDDJJO0OS1U983G1RM,2.0,,ch_3SI9ckGNUfzD46Hm04vcj4Jh,CPMT: 51003-DDI00048,CPMT: 51003-DDI00048-14/10/2025,
14/10/2025,51002,51002-DDI00029,Ndevor Systems Ltd : Phorest Canada,11010 Accounts Receivable : Trade Debtors,CAD,1.0,181.01,10150 Bank : CIBC Current Account 9066314,Canada,CARDSUCCESS,DDCARD PAYMENT:MESDDDB2W201NLJ1PQ035,2.0,,ch_3SI9chGNUfzD46Hm0KH0EK2J,CPMT: 51002-DDI00029,CPMT: 51002-DDI00029-14/10/2025,
14/10/2025,50930,50930-DDI00057,Ndevor Systems Ltd : Phorest Canada,11010 Accounts Receivable : Trade Debtors,CAD,1.0,325.5,10150 Bank : CIBC Current Account 9066314,Canada,CARDSUCCESS,DDCARD PAYMENT:MESDDDD26EHX691X9K0LZ,2.0,,ch_3SI9cfGNUfzD46Hm0hTVQ4nv,CPMT: 50930-DDI00057,CPMT: 50930-DDI00057-14/10/2025,
14/10/2025,50853,50853-DDI00028,Ndevor Systems Ltd : Phorest Canada,11010 Accounts Receivable : Trade Debtors,CAD,1.0,318.43,10150 Bank : CIBC Current Account 9066314,Canada,CARDSUCCESS,DDCARD PAYMENT:MESDDD1K2KUT4Q4022985,2.0,,ch_3SI9cdGNUfzD46Hm0DbMiC4Q,CPMT: 50853-DDI00028,CPMT: 50853-DDI00028-14/10/2025,
14/10/2025,50783,50783-DDI00028,Ndevor Systems Ltd : Phorest Canada,11010 Accounts Receivable : Trade Debtors,CAD,1.0,146.14,10150 Bank : CIBC Current Account 9066314,Canada,CARDSUCCESS,DDCARD PAYMENT:MESDDD865WM23GB8UM6N3,2.0,,ch_3SI9cbGNUfzD46Hm1HdYTqNY,CPMT: 50783-DDI00028,CPMT: 50783-DDI00028-14/10/2025,
14/10/2025,50374,50374-DDI00059,Ndevor Systems Ltd : Phorest Canada,11010 Accounts Receivable : Trade Debtors,CAD,1.0,418.1,10150 Bank : CIBC Current Account 9066314,Canada,CARDSUCCESS,DDCARD PAYMENT:MESDDDF563Q6I20JCPUBX,2.0,,ch_3SI9cYGNUfzD46Hm1Ewx8v0l,CPMT: 50374-DDI00059,CPMT: 50374-DDI00059-14/10/2025,
14/10/2025,49915,49915-DDI00056,Ndevor Systems Ltd : Phorest Canada,11010 Accounts Receivable : Trade Debtors,CAD,1.0,333.35,10150 Bank : CIBC Current Account 9066314,Canada,CARDSUCCESS,DDCARD PAYMENT:MESDDD781D333JO66748L,2.0,,ch_3SI9cWGNUfzD46Hm0TaKZJaH,CPMT: 49915-DDI00056,CPMT: 49915-DDI00056-14/10/2025,
14/10/2025,49831,49831-DDI00031,Ndevor Systems Ltd : Phorest Canada,11010 Accounts Receivable : Trade Debtors,CAD,1.0,348.04,10150 Bank : CIBC Current Account 9066314,Canada,CARDSUCCESS,DDCARD PAYMENT:MESDDDGRL662NQ459N900,2.0,,ch_3SI9cUGNUfzD46Hm05OXuW1g,CPMT: 49831-DDI00031,CPMT: 49831-DDI00031-14/10/2025,
14/10/2025,49721,49721-DDI00030,Ndevor Systems Ltd : Phorest Canada,11010 Accounts Receivable : Trade Debtors,CAD,1.0,117.52,10150 Bank : CIBC Current Account 9066314,Canada,CARDSUCCESS,DDCARD PAYMENT:MESDDDUYKDCW0H60Y9AL8,2.0,,ch_3SI9cRGNUfzD46Hm0DX2lXNh,CPMT: 49721-DDI00030,CPMT: 49721-DDI00030-14/10/2025,
14/10/2025,49575,49575-DDI00030,Ndevor Systems Ltd : Phorest Canada,11010 Accounts Receivable : Trade Debtors,CAD,1.0,155.89,10150 Bank : CIBC Current Account 9066314,Canada,CARDSUCCESS,DDCARD PAYMENT:MESDDD37U4YXS8H43020W,2.0,,ch_3SI9cPGNUfzD46Hm0SewkhZ1,CPMT: 49575-DDI00030,CPMT: 49575-DDI00030-14/10/2025,
14/10/2025,49517,49517-DDI00030,Ndevor Systems Ltd : Phorest Canada,11010 Accounts Receivable : Trade Debtors,CAD,1.0,119.95,10150 Bank : CIBC Current Account 9066314,Canada,CARDSUCCESS,DDCARD PAYMENT:MESDDDXQKY86955L5G1PP,2.0,,ch_3SI9cNGNUfzD46Hm1hpnnzjc,CPMT: 49517-DDI00030,CPMT: 49517-DDI00030-14/10/2025,
14/10/2025,49397,49397-DDI00050,Ndevor Systems Ltd : Phorest Canada,11010 Accounts Receivable : Trade Debtors,CAD,1.0,462.17,10150 Bank : CIBC Current Account 9066314,Canada,CARDSUCCESS,DDCARD PAYMENT:MESDDDMT9T7Q19X9YQYCQ,2.0,,ch_3SI9cKGNUfzD46Hm1liCuzpK,CPMT: 49397-DDI00050,CPMT: 49397-DDI00050-14/10/2025,
14/10/2025,51440,51440-DDI00051,Ndevor Systems Ltd : Phorest Canada,11010 Accounts Receivable : Trade Debtors,CAD,1.0,559.35,10150 Bank : CIBC Current Account 9066314,Canada,CARDSUCCESS,DDCARD PAYMENT:MESDDD499TTCY5B60BQ52,2.0,,ch_3SI9ctGNUfzD46Hm1O59rnJ2,CPMT: 51440-DDI00051,CPMT: 51440-DDI00051-14/10/2025,
14/10/2025,50293,50293-DDI00061,Ndevor Systems Ltd : Phorest Canada,11010 Accounts Receivable : Trade Debtors,CAD,1.0,438.9,10150 Bank : CIBC Current Account 9066314,Canada,CARDSUCCESS,DDCARD PAYMENT:MESDDDRN1R96YE66PFAWZ,2.0,,ch_3SI9dYGNUfzD46Hm0lmNOkIx,CPMT: 50293-DDI00061,CPMT: 50293-DDI00061-14/10/2025,
14/10/2025,50313,50313-DDI00059,Ndevor Systems Ltd : Phorest Canada,11010 Accounts Receivable : Trade Debtors,CAD,1.0,128.41,10150 Bank : CIBC Current Account 9066314,Canada,CARDSUCCESS,DDCARD PAYMENT:MESDDD4LIYL94H9582DZ2,2.0,,ch_3SI9dbGNUfzD46Hm0Na1HH9T,CPMT: 50313-DDI00059,CPMT: 50313-DDI00059-14/10/2025,
14/10/2025,50339,50339-DDI00030,Ndevor Systems Ltd : Phorest Canada,11010 Accounts Receivable : Trade Debtors,CAD,1.0,118.44,10150 Bank : CIBC Current Account 9066314,Canada,CARDSUCCESS,DDCARD PAYMENT:MESDDDMU9S91T246L7340,2.0,,ch_3SI9ddGNUfzD46Hm1Tang4Cr,CPMT: 50339-DDI00030,CPMT: 50339-DDI00030-14/10/2025,
14/10/2025,61995,61995-DDI00026,Ndevor Systems Ltd : Phorest Canada,11010 Accounts Receivable : Trade Debtors,CAD,1.0,422.75,10150 Bank : CIBC Current Account 9066314,Canada,CARDSUCCESS,DDCARD PAYMENT:MESDDDHCZAK0188S4QC92,2.0,,ch_3SI9hdGNUfzD46Hm0RTZVsnd,CPMT: 61995-DDI00026,CPMT: 61995-DDI00026-14/10/2025,
14/10/2025,57360,57360-DDI00038,Ndevor Systems Ltd : Phorest Canada,11010 Accounts Receivable : Trade Debtors,CAD,1.0,559.35,10150 Bank : CIBC Current Account 9066314,Canada,CARDSUCCESS,DDCARD PAYMENT:MESDDD4GJF8U453H1O3MU,2.0,,ch_3SI9eiGNUfzD46Hm1wr24VPc,CPMT: 57360-DDI00038,CPMT: 57360-DDI00038-14/10/2025,
14/10/2025,57359,57359-DDI00037,Ndevor Systems Ltd : Phorest Canada,11010 Accounts Receivable : Trade Debtors,CAD,1.0,559.35,10150 Bank : CIBC Current Account 9066314,Canada,CARDSUCCESS,DDCARD PAYMENT:MESDDD1LS1I479D279WI2,2.0,,ch_3SI9egGNUfzD46Hm0qrAEdVk,CPMT: 57359-DDI00037,CPMT: 57359-DDI00037-14/10/2025,
14/10/2025,57279,57279-DDI00024,Ndevor Systems Ltd : Phorest Canada,11010 Accounts Receivable : Trade Debtors,CAD,1.0,371.77,10150 Bank : CIBC Current Account 9066314,Canada,CARDSUCCESS,DDCARD PAYMENT:MESDDD5Q3517604KU8398,2.0,,ch_3SI9eeGNUfzD46Hm1KvL5jcF,CPMT: 57279-DDI00024,CPMT: 57279-DDI00024-14/10/2025,
14/10/2025,57216,57216-DDI00029,Ndevor Systems Ltd : Phorest Canada,11010 Accounts Receivable : Trade Debtors,CAD,1.0,559.35,10150 Bank : CIBC Current Account 9066314,Canada,CARDSUCCESS,DDCARD PAYMENT:MESDDD437WT035AXA5074,2.0,,ch_3SI9ebGNUfzD46Hm0xCu6yVp,CPMT: 57216-DDI00029,CPMT: 57216-DDI00029-14/10/2025,
14/10/2025,57139,57139-DDI00043,Ndevor Systems Ltd : Phorest Canada,11010 Accounts Receivable : Trade Debtors,CAD,1.0,260.41,10150 Bank : CIBC Current Account 9066314,Canada,CARDSUCCESS,DDCARD PAYMENT:MESDDDYJ539Y0WXX79VYA,2.0,,ch_3SI9eZGNUfzD46Hm0XaLZ5Cv,CPMT: 57139-DDI00043,CPMT: 57139-DDI00043-14/10/2025,
14/10/2025,57043,57043-DDI00024,Ndevor Systems Ltd : Phorest Canada,11010 Accounts Receivable : Trade Debtors,CAD,1.0,475.38,10150 Bank : CIBC Current Account 9066314,Canada,CARDSUCCESS,DDCARD PAYMENT:MESDDD6Q0332BLI8V4U1R,2.0,,ch_3SI9eXGNUfzD46Hm08IRJU0M,CPMT: 57043-DDI00024,CPMT: 57043-DDI00024-14/10/2025,
14/10/2025,56982,56982-DDI00040,Ndevor Systems Ltd : Phorest Canada,11010 Accounts Receivable : Trade Debtors,CAD,1.0,569.25,10150 Bank : CIBC Current Account 9066314,Canada,CARDSUCCESS,DDCARD PAYMENT:MESDDD9D773O873GVQIV5,2.0,,ch_3SI9eUGNUfzD46Hm1oyeJ4jU,CPMT: 56982-DDI00040,CPMT: 56982-DDI00040-14/10/2025,
14/10/2025,56981,56981-DDI00037,Ndevor Systems Ltd : Phorest Canada,11010 Accounts Receivable : Trade Debtors,CAD,1.0,569.25,10150 Bank : CIBC Current Account 9066314,Canada,CARDSUCCESS,DDCARD PAYMENT:MESDDDRG200MP9G5F2AB2,2.0,,ch_3SI9eSGNUfzD46Hm05kBa1Bo,CPMT: 56981-DDI00037,CPMT: 56981-DDI00037-14/10/2025,
14/10/2025,56980,56980-DDI00041,Ndevor Systems Ltd : Phorest Canada,11010 Accounts Receivable : Trade Debtors,CAD,1.0,569.25,10150 Bank : CIBC Current Account 9066314,Canada,CARDSUCCESS,DDCARD PAYMENT:MESDDDMWW1D057Z6VV075,2.0,,ch_3SI9eQGNUfzD46Hm1sHnN2EC,CPMT: 56980-DDI00041,CPMT: 56980-DDI00041-14/10/2025,
14/10/2025,56505,56505-DDI00045,Ndevor Systems Ltd : Phorest Canada,11010 Accounts Receivable : Trade Debtors,CAD,1.0,590.24,10150 Bank : CIBC Current Account 9066314,Canada,CARDSUCCESS,DDCARD PAYMENT:MESDDD74YYCJ5X5BMBAG0,2.0,,ch_3SI9eNGNUfzD46Hm1CH0WJ2U,CPMT: 56505-DDI00045,CPMT: 56505-DDI00045-14/10/2025,
14/10/2025,56498,56498-DDI00025,Ndevor Systems Ltd : Phorest Canada,11010 Accounts Receivable : Trade Debtors,CAD,1.0,345.45,10150 Bank : CIBC Current Account 9066314,Canada,CARDSUCCESS,DDCARD PAYMENT:MESDDD7QD82XSXZ2G1766,2.0,,ch_3SI9eLGNUfzD46Hm1xCY4hDC,CPMT: 56498-DDI00025,CPMT: 56498-DDI00025-14/10/2025,
14/10/2025,56446,56446-DDI00042,Ndevor Systems Ltd : Phorest Canada,11010 Accounts Receivable : Trade Debtors,CAD,1.0,475.08,10150 Bank : CIBC Current Account 9066314,Canada,CARDSUCCESS,DDCARD PAYMENT:MESDDD53NUQ56JCXM0SJG,2.0,,ch_3SI9eJGNUfzD46Hm1rUGmspu,CPMT: 56446-DDI00042,CPMT: 56446-DDI00042-14/10/2025,
14/10/2025,56445,56445-DDI00040,Ndevor Systems Ltd : Phorest Canada,11010 Accounts Receivable : Trade Debtors,CAD,1.0,134.47,10150 Bank : CIBC Current Account 9066314,Canada,CARDSUCCESS,DDCARD PAYMENT:MESDDDZI0W6FPI7JIP466,2.0,,ch_3SI9eGGNUfzD46Hm0h735XKQ,CPMT: 56445-DDI00040,CPMT: 56445-DDI00040-14/10/2025,
14/10/2025,56443,56443-DDI00041,Ndevor Systems Ltd : Phorest Canada,11010 Accounts Receivable : Trade Debtors,CAD,1.0,229.95,10150 Bank : CIBC Current Account 9066314,Canada,CARDSUCCESS,DDCARD PAYMENT:MESDDD899Y8T9UASUI7T1,2.0,,ch_3SI9eEGNUfzD46Hm1pVFNxpS,CPMT: 56443-DDI00041,CPMT: 56443-DDI00041-14/10/2025,
14/10/2025,56370,56370-DDI00024,Ndevor Systems Ltd : Phorest Canada,11010 Accounts Receivable : Trade Debtors,CAD,1.0,204.19,10150 Bank : CIBC Current Account 9066314,Canada,CARDSUCCESS,DDCARD PAYMENT:MESDDD8CY07G384I22F2L,2.0,,ch_3SI9eCGNUfzD46Hm0dCzjxAl,CPMT: 56370-DDI00024,CPMT: 56370-DDI00024-14/10/2025,
14/10/2025,55682,55682-DDI00048,Ndevor Systems Ltd : Phorest Canada,11010 Accounts Receivable : Trade Debtors,CAD,1.0,228.9,10150 Bank : CIBC Current Account 9066314,Canada,CARDSUCCESS,DDCARD PAYMENT:MESDDDE415RHIZ464GR48,2.0,,ch_3SI9e7GNUfzD46Hm0iKnPXrG,CPMT: 55682-DDI00048,CPMT: 55682-DDI00048-14/10/2025,
14/10/2025,55680,55680-DDI00048,Ndevor Systems Ltd : Phorest Canada,11010 Accounts Receivable : Trade Debtors,CAD,1.0,228.9,10150 Bank : CIBC Current Account 9066314,Canada,CARDSUCCESS,DDCARD PAYMENT:MESDDDAWQE8RIFC134X7R,2.0,,ch_3SI9e5GNUfzD46Hm04dIUL33,CPMT: 55680-DDI00048,CPMT: 55680-DDI00048-14/10/2025,
14/10/2025,55657,55657-DDI00052,Ndevor Systems Ltd : Phorest Canada,11010 Accounts Receivable : Trade Debtors,CAD,1.0,559.35,10150 Bank : CIBC Current Account 9066314,Canada,CARDSUCCESS,DDCARD PAYMENT:MESDDD61F1Y266ND1JR9U,2.0,,ch_3SI9e2GNUfzD46Hm0zmcGslk,CPMT: 55657-DDI00052,CPMT: 55657-DDI00052-14/10/2025,
14/10/2025,55493,55493-DDI00024,Ndevor Systems Ltd : Phorest Canada,11010 Accounts Receivable : Trade Debtors,CAD,1.0,278.72,10150 Bank : CIBC Current Account 9066314,Canada,CARDSUCCESS,DDCARD PAYMENT:MESDDDJXX38410H382M0S,2.0,,ch_3SI9e0GNUfzD46Hm1Czij2bX,CPMT: 55493-DDI00024,CPMT: 55493-DDI00024-14/10/2025,
14/10/2025,55484,55484-DDI00052,Ndevor Systems Ltd : Phorest Canada,11010 Accounts Receivable : Trade Debtors,CAD,1.0,333.9,10150 Bank : CIBC Current Account 9066314,Canada,CARDSUCCESS,DDCARD PAYMENT:MESDDDQ5LR08Q27FVQ4ED,2.0,,ch_3SI9dyGNUfzD46Hm1vuEmPFn,CPMT: 55484-DDI00052,CPMT: 55484-DDI00052-14/10/2025,
14/10/2025,55314,55314-DDI00045,Ndevor Systems Ltd : Phorest Canada,11010 Accounts Receivable : Trade Debtors,CAD,1.0,554.4,10150 Bank : CIBC Current Account 9066314,Canada,CARDSUCCESS,DDCARD PAYMENT:MESDDDYYY8A8931AX23RE,2.0,,ch_3SI9dvGNUfzD46Hm0xSqRZZG,CPMT: 55314-DDI00045,CPMT: 55314-DDI00045-14/10/2025,
14/10/2025,55114,55114-DDI00044,Ndevor Systems Ltd : Phorest Canada,11010 Accounts Receivable : Trade Debtors,CAD,1.0,394.37,10150 Bank : CIBC Current Account 9066314,Canada,CARDSUCCESS,DDCARD PAYMENT:MESDDD66V5F6Z2CHPES37,2.0,,ch_3SI9dtGNUfzD46Hm1IxkTXSd,CPMT: 55114-DDI00044,CPMT: 55114-DDI00044-14/10/2025,
14/10/2025,54787,54787-DDI00025,Ndevor Systems Ltd : Phorest Canada,11010 Accounts Receivable : Trade Debtors,CAD,1.0,371.77,10150 Bank : CIBC Current Account 9066314,Canada,CARDSUCCESS,DDCARD PAYMENT:MESDDD6W1351A74X0TKD1,2.0,,ch_3SI9drGNUfzD46Hm07wd7KEJ,CPMT: 54787-DDI00025,CPMT: 54787-DDI00025-14/10/2025,
14/10/2025,54061,54061-DDI00026,Ndevor Systems Ltd : Phorest Canada,11010 Accounts Receivable : Trade Debtors,CAD,1.0,246.34,10150 Bank : CIBC Current Account 9066314,Canada,CARDSUCCESS,DDCARD PAYMENT:MESDDD6BV0Q0AZ63LH7PR,2.0,,ch_3SI9dpGNUfzD46Hm1FZg7JCX,CPMT: 54061-DDI00026,CPMT: 54061-DDI00026-14/10/2025,
14/10/2025,53864,53864-DDI00030,Ndevor Systems Ltd : Phorest Canada,11010 Accounts Receivable : Trade Debtors,CAD,1.0,371.77,10150 Bank : CIBC Current Account 9066314,Canada,CARDSUCCESS,DDCARD PAYMENT:MESDDDBW3E8MPWB668E11,2.0,,ch_3SI9dmGNUfzD46Hm0eWdNaT5,CPMT: 53864-DDI00030,CPMT: 53864-DDI00030-14/10/2025,
14/10/2025,53352,53352-DDI00052,Ndevor Systems Ltd : Phorest Canada,11010 Accounts Receivable : Trade Debtors,CAD,1.0,356.16,10150 Bank : CIBC Current Account 9066314,Canada,CARDSUCCESS,DDCARD PAYMENT:MESDDD07L86187O74C670,2.0,,ch_3SI9dkGNUfzD46Hm0Kto61gQ,CPMT: 53352-DDI00052,CPMT: 53352-DDI00052-14/10/2025,
14/10/2025,50367,50367-DDI00028,Ndevor Systems Ltd : Phorest Canada,11010 Accounts Receivable : Trade Debtors,CAD,1.0,127.29,10150 Bank : CIBC Current Account 9066314,Canada,CARDSUCCESS,DDCARD PAYMENT:MESDDDAW4SAK01YW6C56W,2.0,,ch_3SI9diGNUfzD46Hm1ca2VY48,CPMT: 50367-DDI00028,CPMT: 50367-DDI00028-14/10/2025,
14/10/2025,50346,50346-DDI00034,Ndevor Systems Ltd : Phorest Canada,11010 Accounts Receivable : Trade Debtors,CAD,1.0,130.71,10150 Bank : CIBC Current Account 9066314,Canada,CARDSUCCESS,DDCARD PAYMENT:MESDDDGJD781JF76E6HND,2.0,,ch_3SI9dfGNUfzD46Hm1tsrI1l2,CPMT: 50346-DDI00034,CPMT: 50346-DDI00034-14/10/2025,
14/10/2025,57674,57674-DDI00022,Ndevor Systems Ltd : Phorest Canada,11010 Accounts Receivable : Trade Debtors,CAD,1.0,228.9,10150 Bank : CIBC Current Account 9066314,Canada,CARDSUCCESS,DDCARD PAYMENT:MESDDDF47N93RK8CO1K7F,2.0,,ch_3SI9epGNUfzD46Hm1QyVfSCA,CPMT: 57674-DDI00022,CPMT: 57674-DDI00022-14/10/2025,
14/10/2025,62222,62222-DDI00025,Ndevor Systems Ltd : Phorest Canada,11010 Accounts Receivable : Trade Debtors,CAD,1.0,554.4,10150 Bank : CIBC Current Account 9066314,Canada,CARDSUCCESS,DDCARD PAYMENT:MESDDD68L1SA6CI8W4S8Z,2.0,,ch_3SI9hhGNUfzD46Hm0afUMZNa,CPMT: 62222-DDI00025,CPMT: 62222-DDI00025-14/10/2025,
14/10/2025,62251,62251-DDI00030,Ndevor Systems Ltd : Phorest Canada,11010 Accounts Receivable : Trade Debtors,CAD,1.0,299.05,10150 Bank : CIBC Current Account 9066314,Canada,CARDSUCCESS,DDCARD PAYMENT:MESDDDYBK7C1WN64J66F1,2.0,,ch_3SI9hoGNUfzD46Hm0K3nTbqh,CPMT: 62251-DDI00030,CPMT: 62251-DDI00030-14/10/2025,
14/10/2025,49396,49396-DDI00030,Ndevor Systems Ltd : Phorest Canada,11010 Accounts Receivable : Trade Debtors,CAD,1.0,135.45,10150 Bank : CIBC Current Account 9066314,Canada,CARDSUCCESS,DDCARD PAYMENT:MESDDD976TAXMDIKVE91M,2.0,,ch_3SI9cIGNUfzD46Hm0ctC2LFa,CPMT: 49396-DDI00030,CPMT: 49396-DDI00030-14/10/2025,
14/10/2025,81482,81482-DDI00012,Ndevor Systems Ltd : Phorest Canada,11010 Accounts Receivable : Trade Debtors,CAD,1.0,394.37,10150 Bank : CIBC Current Account 9066314,Canada,CARDSUCCESS,DDCARD PAYMENT:MESDDD0245E3W677FYM2Z,2.0,,ch_3SI9lWGNUfzD46Hm0vPgVpLd,CPMT: 81482-DDI00012,CPMT: 81482-DDI00012-14/10/2025,
14/10/2025,81457,81457-DDI00009,Ndevor Systems Ltd : Phorest Canada,11010 Accounts Receivable : Trade Debtors,CAD,1.0,394.37,10150 Bank : CIBC Current Account 9066314,Canada,CARDSUCCESS,DDCARD PAYMENT:MESDDD6ECWU5KAZQZV579,2.0,,ch_3SI9lUGNUfzD46Hm0ji0L87T,CPMT: 81457-DDI00009,CPMT: 81457-DDI00009-14/10/2025,
14/10/2025,81095,81095-DDI00013,Ndevor Systems Ltd : Phorest Canada,11010 Accounts Receivable : Trade Debtors,CAD,1.0,240.45,10150 Bank : CIBC Current Account 9066314,Canada,CARDSUCCESS,DDCARD PAYMENT:MESDDDFM3706L6J0WT1K2,2.0,,ch_3SI9lRGNUfzD46Hm1MXqHtSi,CPMT: 81095-DDI00013,CPMT: 81095-DDI00013-14/10/2025,
14/10/2025,81091,81091-DDI00012,Ndevor Systems Ltd : Phorest Canada,11010 Accounts Receivable : Trade Debtors,CAD,1.0,366.45,10150 Bank : CIBC Current Account 9066314,Canada,CARDSUCCESS,DDCARD PAYMENT:MESDDD6O5CVUEY5LHVRG0,2.0,,ch_3SI9lPGNUfzD46Hm0R1tBZdK,CPMT: 81091-DDI00012,CPMT: 81091-DDI00012-14/10/2025,
14/10/2025,81090,81090-DDI00007,Ndevor Systems Ltd : Phorest Canada,11010 Accounts Receivable : Trade Debtors,CAD,1.0,258.77,10150 Bank : CIBC Current Account 9066314,Canada,CARDSUCCESS,DDCARD PAYMENT:MESDDDC6VIYZP390KDXZ0,2.0,,ch_3SI9lNGNUfzD46Hm0Qlz1bgI,CPMT: 81090-DDI00007,CPMT: 81090-DDI00007-14/10/2025,
14/10/2025,80614,80614-DDI00010,Ndevor Systems Ltd : Phorest Canada,11010 Accounts Receivable : Trade Debtors,CAD,1.0,240.31,10150 Bank : CIBC Current Account 9066314,Canada,CARDSUCCESS,DDCARD PAYMENT:MESDDDL5O897UX573PKOK,2.0,,ch_3SI9lKGNUfzD46Hm0fJeASf5,CPMT: 80614-DDI00010,CPMT: 80614-DDI00010-14/10/2025,
14/10/2025,80535,80535-DDI00010,Ndevor Systems Ltd : Phorest Canada,11010 Accounts Receivable : Trade Debtors,CAD,1.0,384.96,10150 Bank : CIBC Current Account 9066314,Canada,CARDSUCCESS,DDCARD PAYMENT:MESDDD3EE641UR9971ZL0,2.0,,ch_3SI9lIGNUfzD46Hm1svn62nx,CPMT: 80535-DDI00010,CPMT: 80535-DDI00010-14/10/2025,
14/10/2025,80529,80529-DDI00010,Ndevor Systems Ltd : Phorest Canada,11010 Accounts Receivable : Trade Debtors,CAD,1.0,283.12,10150 Bank : CIBC Current Account 9066314,Canada,CARDSUCCESS,DDCARD PAYMENT:MESDDD642L81U9108I305,2.0,,ch_3SI9lGGNUfzD46Hm18DpjpX5,CPMT: 80529-DDI00010,CPMT: 80529-DDI00010-14/10/2025,
14/10/2025,80527,80527-DDI00011,Ndevor Systems Ltd : Phorest Canada,11010 Accounts Receivable : Trade Debtors,CAD,1.0,278.96,10150 Bank : CIBC Current Account 9066314,Canada,CARDSUCCESS,DDCARD PAYMENT:MESDDDNLWL15G42MWKHS2,2.0,,ch_3SI9lEGNUfzD46Hm1yHWCd3a,CPMT: 80527-DDI00011,CPMT: 80527-DDI00011-14/10/2025,
14/10/2025,80374,80374-DDI00014,Ndevor Systems Ltd : Phorest Canada,11010 Accounts Receivable : Trade Debtors,CAD,1.0,648.9,10150 Bank : CIBC Current Account 9066314,Canada,CARDSUCCESS,DDCARD PAYMENT:MESDDDKNAWBWRMM6JLH4H,2.0,,ch_3SI9lBGNUfzD46Hm1TJjdH6u,CPMT: 80374-DDI00014,CPMT: 80374-DDI00014-14/10/2025,
14/10/2025,80370,80370-DDI00012,Ndevor Systems Ltd : Phorest Canada,11010 Accounts Receivable : Trade Debtors,CAD,1.0,597.45,10150 Bank : CIBC Current Account 9066314,Canada,CARDSUCCESS,DDCARD PAYMENT:MESDDDWP5447896328K7M,2.0,,ch_3SI9l8GNUfzD46Hm1JoM7L34,CPMT: 80370-DDI00012,CPMT: 80370-DDI00012-14/10/2025,
14/10/2025,79915,79915-DDI00012,Ndevor Systems Ltd : Phorest Canada,11010 Accounts Receivable : Trade Debtors,CAD,1.0,537.21,10150 Bank : CIBC Current Account 9066314,Canada,CARDSUCCESS,DDCARD PAYMENT:MESDDDX1Z835232WWN074,2.0,,ch_3SI9l6GNUfzD46Hm07kyVVnf,CPMT: 79915-DDI00012,CPMT: 79915-DDI00012-14/10/2025,
14/10/2025,79894,79894-DDI00008,Ndevor Systems Ltd : Phorest Canada,11010 Accounts Receivable : Trade Debtors,CAD,1.0,472.34,10150 Bank : CIBC Current Account 9066314,Canada,CARDSUCCESS,DDCARD PAYMENT:MESDDDFRNRATS21CR82QG,2.0,,ch_3SI9l4GNUfzD46Hm1NGajjam,CPMT: 79894-DDI00008,CPMT: 79894-DDI00008-14/10/2025,
14/10/2025,81586,81586-DDI00003,Ndevor Systems Ltd : Phorest Canada,11010 Accounts Receivable : Trade Debtors,CAD,1.0,419.49,10150 Bank : CIBC Current Account 9066314,Canada,CARDSUCCESS,DDCARD PAYMENT:MESDDD3Q0W455Y8SNRFP1,2.0,,ch_3SI9lYGNUfzD46Hm0KsSIHsa,CPMT: 81586-DDI00003,CPMT: 81586-DDI00003-14/10/2025,
14/10/2025,79668,79668-DDI00015,Ndevor Systems Ltd : Phorest Canada,11010 Accounts Receivable : Trade Debtors,CAD,1.0,324.06,10150 Bank : CIBC Current Account 9066314,Canada,CARDSUCCESS,DDCARD PAYMENT:MESDDDJ75K2B4Y5S3F114,2.0,,ch_3SI9l2GNUfzD46Hm1PZWakzH,CPMT: 79668-DDI00015,CPMT: 79668-DDI00015-14/10/2025,
14/10/2025,79653,79653-DDI00011,Ndevor Systems Ltd : Phorest Canada,11010 Accounts Receivable : Trade Debtors,CAD,1.0,262.5,10150 Bank : CIBC Current Account 9066314,Canada,CARDSUCCESS,DDCARD PAYMENT:MESDDDU2E38GZ1GQBF3PX,2.0,,ch_3SI9kxGNUfzD46Hm03GBsaCS,CPMT: 79653-DDI00011,CPMT: 79653-DDI00011-14/10/2025,
14/10/2025,79485,79485-DDI00014,Ndevor Systems Ltd : Phorest Canada,11010 Accounts Receivable : Trade Debtors,CAD,1.0,256.48,10150 Bank : CIBC Current Account 9066314,Canada,CARDSUCCESS,DDCARD PAYMENT:MESDDDXM0M8922B9OP4M0,2.0,,ch_3SI9kvGNUfzD46Hm0e0EOTk1,CPMT: 79485-DDI00014,CPMT: 79485-DDI00014-14/10/2025,
14/10/2025,79481,79481-DDI00011,Ndevor Systems Ltd : Phorest Canada,11010 Accounts Receivable : Trade Debtors,CAD,1.0,179.48,10150 Bank : CIBC Current Account 9066314,Canada,CARDSUCCESS,DDCARD PAYMENT:MESDDDHC0OCNE5V86CW13,2.0,,ch_3SI9ksGNUfzD46Hm0YMXptHw,CPMT: 79481-DDI00011,CPMT: 79481-DDI00011-14/10/2025,
14/10/2025,79389,79389-DDI00004,Ndevor Systems Ltd : Phorest Canada,11010 Accounts Receivable : Trade Debtors,CAD,1.0,196.62,10150 Bank : CIBC Current Account 9066314,Canada,CARDSUCCESS,DDCARD PAYMENT:MESDDD47HG4UKXU9F5N43,2.0,,ch_3SI9kqGNUfzD46Hm1rdsPK2x,CPMT: 79389-DDI00004,CPMT: 79389-DDI00004-14/10/2025,
14/10/2025,79388,79388-DDI00004,Ndevor Systems Ltd : Phorest Canada,11010 Accounts Receivable : Trade Debtors,CAD,1.0,196.62,10150 Bank : CIBC Current Account 9066314,Canada,CARDSUCCESS,DDCARD PAYMENT:MESDDD7X88317674S1APX,2.0,,ch_3SI9koGNUfzD46Hm1riGv3iH,CPMT: 79388-DDI00004,CPMT: 79388-DDI00004-14/10/2025,
14/10/2025,79386,79386-DDI00004,Ndevor Systems Ltd : Phorest Canada,11010 Accounts Receivable : Trade Debtors,CAD,1.0,196.62,10150 Bank : CIBC Current Account 9066314,Canada,CARDSUCCESS,DDCARD PAYMENT:MESDDDPT70AS482IY43B6,2.0,,ch_3SI9klGNUfzD46Hm1DpQXW4M,CPMT: 79386-DDI00004,CPMT: 79386-DDI00004-14/10/2025,
14/10/2025,79385,79385-DDI00003,Ndevor Systems Ltd : Phorest Canada,11010 Accounts Receivable : Trade Debtors,CAD,1.0,321.15,10150 Bank : CIBC Current Account 9066314,Canada,CARDSUCCESS,DDCARD PAYMENT:MESDDDW9GDEIB486HP8ZI,2.0,,ch_3SI9kjGNUfzD46Hm05cKA8DO,CPMT: 79385-DDI00003,CPMT: 79385-DDI00003-14/10/2025,
14/10/2025,79379,79379-DDI00006,Ndevor Systems Ltd : Phorest Canada,11010 Accounts Receivable : Trade Debtors,CAD,1.0,586.47,10150 Bank : CIBC Current Account 9066314,Canada,CARDSUCCESS,DDCARD PAYMENT:MESDDD184D9P74O80FF6W,2.0,,ch_3SI9khGNUfzD46Hm1dENsA8a,CPMT: 79379-DDI00006,CPMT: 79379-DDI00006-14/10/2025,
14/10/2025,79306,79306-DDI00014,Ndevor Systems Ltd : Phorest Canada,11010 Accounts Receivable : Trade Debtors,CAD,1.0,394.37,10150 Bank : CIBC Current Account 9066314,Canada,CARDSUCCESS,DDCARD PAYMENT:MESDDDS8815AW13VJWXIP,2.0,,ch_3SI9kdGNUfzD46Hm0lRRVaFb,CPMT: 79306-DDI00014,CPMT: 79306-DDI00014-14/10/2025,
14/10/2025,79067,79067-DDI00013,Ndevor Systems Ltd : Phorest Canada,11010 Accounts Receivable : Trade Debtors,CAD,1.0,366.45,10150 Bank : CIBC Current Account 9066314,Canada,CARDSUCCESS,DDCARD PAYMENT:MESDDDS3SWHZWQ02514D2,2.0,,ch_3SI9kbGNUfzD46Hm11DW932h,CPMT: 79067-DDI00013,CPMT: 79067-DDI00013-14/10/2025,
14/10/2025,78948,78948-DDI00012,Ndevor Systems Ltd : Phorest Canada,11010 Accounts Receivable : Trade Debtors,CAD,1.0,347.11,10150 Bank : CIBC Current Account 9066314,Canada,CARDSUCCESS,DDCARD PAYMENT:MESDDD18J7V73XLZTKM50,2.0,,ch_3SI9kZGNUfzD46Hm1uANXlZF,CPMT: 78948-DDI00012,CPMT: 78948-DDI00012-14/10/2025,
14/10/2025,78947,78947-DDI00011,Ndevor Systems Ltd : Phorest Canada,11010 Accounts Receivable : Trade Debtors,CAD,1.0,262.5,10150 Bank : CIBC Current Account 9066314,Canada,CARDSUCCESS,DDCARD PAYMENT:MESDDD3W7Q6U4OCN5OPF3,2.0,,ch_3SI9kWGNUfzD46Hm1SyLVqRa,CPMT: 78947-DDI00011,CPMT: 78947-DDI00011-14/10/2025,
14/10/2025,78852,78852-DDI00018,Ndevor Systems Ltd : Phorest Canada,11010 Accounts Receivable : Trade Debtors,CAD,1.0,366.45,10150 Bank : CIBC Current Account 9066314,Canada,CARDSUCCESS,DDCARD PAYMENT:MESDDD45ZY3D19309AX8V,2.0,,ch_3SI9kUGNUfzD46Hm0qbAC1mw,CPMT: 78852-DDI00018,CPMT: 78852-DDI00018-14/10/2025,
14/10/2025,79666,79666-DDI00013,Ndevor Systems Ltd : Phorest Canada,11010 Accounts Receivable : Trade Debtors,CAD,1.0,206.14,10150 Bank : CIBC Current Account 9066314,Canada,CARDSUCCESS,DDCARD PAYMENT:MESDDDHS61I9TX570GSF9,2.0,,ch_3SI9kzGNUfzD46Hm1YSNDXQc,CPMT: 79666-DDI00013,CPMT: 79666-DDI00013-14/10/2025,
14/10/2025,78351,78351-DDI00016,Ndevor Systems Ltd : Phorest Canada,11010 Accounts Receivable : Trade Debtors,CAD,1.0,272.6,10150 Bank : CIBC Current Account 9066314,Canada,CARDSUCCESS,DDCARD PAYMENT:MESDDD2Y0L29XDY52JWNT,2.0,,ch_3SI9kNGNUfzD46Hm0R6fjA2E,CPMT: 78351-DDI00016,CPMT: 78351-DDI00016-14/10/2025,
14/10/2025,81896,81896-DDI00007,Ndevor Systems Ltd : Phorest Canada,11010 Accounts Receivable : Trade Debtors,CAD,1.0,153.64,10150 Bank : CIBC Current Account 9066314,Canada,CARDSUCCESS,DDCARD PAYMENT:MESDDD4V71LQSYGEL2BP3,2.0,,ch_3SI9ldGNUfzD46Hm0OGyhDGD,CPMT: 81896-DDI00007,CPMT: 81896-DDI00007-14/10/2025,
14/10/2025,81982,81982-DDI00014,Ndevor Systems Ltd : Phorest Canada,11010 Accounts Receivable : Trade Debtors,CAD,1.0,366.45,10150 Bank : CIBC Current Account 9066314,Canada,CARDSUCCESS,DDCARD PAYMENT:MESDDD60KSXI6F2BN67ZM,2.0,,ch_3SI9liGNUfzD46Hm1flHbKYb,CPMT: 81982-DDI00014,CPMT: 81982-DDI00014-14/10/2025,
14/10/2025,92380,92380-DDI00005,Ndevor Systems Ltd : Phorest Canada,11010 Accounts Receivable : Trade Debtors,CAD,1.0,203.17,10150 Bank : CIBC Current Account 9066314,Canada,CARDSUCCESS,DDCARD PAYMENT:MESDDDRJ20H46N9E9753J,2.0,,ch_3SI9msGNUfzD46Hm1hTCcTxX,CPMT: 92380-DDI00005,CPMT: 92380-DDI00005-14/10/2025,
14/10/2025,92023,92023-DDI00003,Ndevor Systems Ltd : Phorest Canada,11010 Accounts Receivable : Trade Debtors,CAD,1.0,591.56,10150 Bank : CIBC Current Account 9066314,Canada,CARDSUCCESS,DDCARD PAYMENT:MESDDD86OV7UZ5FMFALEM,2.0,,ch_3SI9mpGNUfzD46Hm045qMlKJ,CPMT: 92023-DDI00003,CPMT: 92023-DDI00003-14/10/2025,
14/10/2025,91525,91525-DDI00004,Ndevor Systems Ltd : Phorest Canada,11010 Accounts Receivable : Trade Debtors,CAD,1.0,75.99,10150 Bank : CIBC Current Account 9066314,Canada,CARDSUCCESS,DDCARD PAYMENT:MESDDD6420C2XZA14M7RB,2.0,,ch_3SI9mnGNUfzD46Hm0sj6RPCy,CPMT: 91525-DDI00004,CPMT: 91525-DDI00004-14/10/2025,
14/10/2025,91521,91521-DDI00004,Ndevor Systems Ltd : Phorest Canada,11010 Accounts Receivable : Trade Debtors,CAD,1.0,297.54,10150 Bank : CIBC Current Account 9066314,Canada,CARDSUCCESS,DDCARD PAYMENT:MESDDD690T13OUTVT7MSN,2.0,,ch_3SI9mlGNUfzD46Hm0M3BmEHP,CPMT: 91521-DDI00004,CPMT: 91521-DDI00004-14/10/2025,
14/10/2025,91405,91405-DDI00005,Ndevor Systems Ltd : Phorest Canada,11010 Accounts Receivable : Trade Debtors,CAD,1.0,243.11,10150 Bank : CIBC Current Account 9066314,Canada,CARDSUCCESS,DDCARD PAYMENT:MESDDD6MB3Z013475TPBB,2.0,,ch_3SI9miGNUfzD46Hm141ODSiD,CPMT: 91405-DDI00005,CPMT: 91405-DDI00005-14/10/2025,
14/10/2025,91026,91026-DDI00004,Ndevor Systems Ltd : Phorest Canada,11010 Accounts Receivable : Trade Debtors,CAD,1.0,251.48,10150 Bank : CIBC Current Account 9066314,Canada,CARDSUCCESS,DDCARD PAYMENT:MESDDDMWK8Z0030EBN104,2.0,,ch_3SI9mgGNUfzD46Hm1KKHS8gb,CPMT: 91026-DDI00004,CPMT: 91026-DDI00004-14/10/2025,
14/10/2025,89886,89886-DDI00004,Ndevor Systems Ltd : Phorest Canada,11010 Accounts Receivable : Trade Debtors,CAD,1.0,660.94,10150 Bank : CIBC Current Account 9066314,Canada,CARDSUCCESS,DDCARD PAYMENT:MESDDDTH02R055Q4N04PX,2.0,,ch_3SI9meGNUfzD46Hm0P3X93cm,CPMT: 89886-DDI00004,CPMT: 89886-DDI00004-14/10/2025,
14/10/2025,89248,89248-DDI00004,Ndevor Systems Ltd : Phorest Canada,11010 Accounts Receivable : Trade Debtors,CAD,1.0,376.85,10150 Bank : CIBC Current Account 9066314,Canada,CARDSUCCESS,DDCARD PAYMENT:MESDDDFRR115D654HR0PU,2.0,,ch_3SI9maGNUfzD46Hm0eWmnxp2,CPMT: 89248-DDI00004,CPMT: 89248-DDI00004-14/10/2025,
14/10/2025,89131,89131-DDI00008,Ndevor Systems Ltd : Phorest Canada,11010 Accounts Receivable : Trade Debtors,CAD,1.0,292.67,10150 Bank : CIBC Current Account 9066314,Canada,CARDSUCCESS,DDCARD PAYMENT:MESDDD1W3AL655K8UT509,2.0,,ch_3SI9mYGNUfzD46Hm1TAhZvfn,CPMT: 89131-DDI00008,CPMT: 89131-DDI00008-14/10/2025,
14/10/2025,88577,88577-DDI00005,Ndevor Systems Ltd : Phorest Canada,11010 Accounts Receivable : Trade Debtors,CAD,1.0,206.79,10150 Bank : CIBC Current Account 9066314,Canada,CARDSUCCESS,DDCARD PAYMENT:MESDDD7IQT8L64YS428R0,2.0,,ch_3SI9mVGNUfzD46Hm0UjEIZwe,CPMT: 88577-DDI00005,CPMT: 88577-DDI00005-14/10/2025,
14/10/2025,88353,88353-DDI00008,Ndevor Systems Ltd : Phorest Canada,11010 Accounts Receivable : Trade Debtors,CAD,1.0,317.51,10150 Bank : CIBC Current Account 9066314,Canada,CARDSUCCESS,DDCARD PAYMENT:MESDDDO48S1D8ND7I35UH,2.0,,ch_3SI9mTGNUfzD46Hm0AxXVyrI,CPMT: 88353-DDI00008,CPMT: 88353-DDI00008-14/10/2025,
14/10/2025,86685,86685-DDI00006,Ndevor Systems Ltd : Phorest Canada,11010 Accounts Receivable : Trade Debtors,CAD,1.0,456.03,10150 Bank : CIBC Current Account 9066314,Canada,CARDSUCCESS,DDCARD PAYMENT:MESDDDV794KX26O8U2SBU,2.0,,ch_3SI9mRGNUfzD46Hm1sA4x4w8,CPMT: 86685-DDI00006,CPMT: 86685-DDI00006-14/10/2025,
14/10/2025,86679,86679-DDI00006,Ndevor Systems Ltd : Phorest Canada,11010 Accounts Receivable : Trade Debtors,CAD,1.0,143.19,10150 Bank : CIBC Current Account 9066314,Canada,CARDSUCCESS,DDCARD PAYMENT:MESDDD9M7OH60Y97QXLSI,2.0,,ch_3SI9mOGNUfzD46Hm0V9VoLVU,CPMT: 86679-DDI00006,CPMT: 86679-DDI00006-14/10/2025,
14/10/2025,81931,81931-DDI00005,Ndevor Systems Ltd : Phorest Canada,11010 Accounts Receivable : Trade Debtors,CAD,1.0,177.27,10150 Bank : CIBC Current Account 9066314,Canada,CARDSUCCESS,DDCARD PAYMENT:MESDDD15PZ18F5VI05X77,2.0,,ch_3SI9lgGNUfzD46Hm0HQV7Bzl,CPMT: 81931-DDI00005,CPMT: 81931-DDI00005-14/10/2025,
14/10/2025,85743,85743-DDI00006,Ndevor Systems Ltd : Phorest Canada,11010 Accounts Receivable : Trade Debtors,CAD,1.0,258.77,10150 Bank : CIBC Current Account 9066314,Canada,CARDSUCCESS,DDCARD PAYMENT:MESDDD8648827M2W937MR,2.0,,ch_3SI9mMGNUfzD46Hm0VruGpTJ,CPMT: 85743-DDI00006,CPMT: 85743-DDI00006-14/10/2025,
14/10/2025,85672,85672-DDI00006,Ndevor Systems Ltd : Phorest Canada,11010 Accounts Receivable : Trade Debtors,CAD,1.0,139.62,10150 Bank : CIBC Current Account 9066314,Canada,CARDSUCCESS,DDCARD PAYMENT:MESDDDT03NE7GRFTDNB97,2.0,,ch_3SI9mHGNUfzD46Hm0Fe5pYef,CPMT: 85672-DDI00006,CPMT: 85672-DDI00006-14/10/2025,
14/10/2025,85670,85670-DDI00006,Ndevor Systems Ltd : Phorest Canada,11010 Accounts Receivable : Trade Debtors,CAD,1.0,472.34,10150 Bank : CIBC Current Account 9066314,Canada,CARDSUCCESS,DDCARD PAYMENT:MESDDDP72078K8CE4850H,2.0,,ch_3SI9mFGNUfzD46Hm1YUs49pv,CPMT: 85670-DDI00006,CPMT: 85670-DDI00006-14/10/2025,
14/10/2025,84954,84954-DDI00004,Ndevor Systems Ltd : Phorest Canada,11010 Accounts Receivable : Trade Debtors,CAD,1.0,145.77,10150 Bank : CIBC Current Account 9066314,Canada,CARDSUCCESS,DDCARD PAYMENT:MESDDDM4M6X5JGBR1DKZM,2.0,,ch_3SI9mDGNUfzD46Hm1IjMDLhm,CPMT: 84954-DDI00004,CPMT: 84954-DDI00004-14/10/2025,
14/10/2025,83939,83939-DDI00010,Ndevor Systems Ltd : Phorest Canada,11010 Accounts Receivable : Trade Debtors,CAD,1.0,254.19,10150 Bank : CIBC Current Account 9066314,Canada,CARDSUCCESS,DDCARD PAYMENT:MESDDDX55V59C6MHQ4J58,2.0,,ch_3SI9mBGNUfzD46Hm0JWlXCLm,CPMT: 83939-DDI00010,CPMT: 83939-DDI00010-14/10/2025,
14/10/2025,83808,83808-DDI00009,Ndevor Systems Ltd : Phorest Canada,11010 Accounts Receivable : Trade Debtors,CAD,1.0,394.37,10150 Bank : CIBC Current Account 9066314,Canada,CARDSUCCESS,DDCARD PAYMENT:MESDDDG10Y9PA127458IP,2.0,,ch_3SI9m8GNUfzD46Hm0oBiN5Bt,CPMT: 83808-DDI00009,CPMT: 83808-DDI00009-14/10/2025,
14/10/2025,83286,83286-DDI00010,Ndevor Systems Ltd : Phorest Canada,11010 Accounts Receivable : Trade Debtors,CAD,1.0,145.77,10150 Bank : CIBC Current Account 9066314,Canada,CARDSUCCESS,DDCARD PAYMENT:MESDDD3NTHUH074335M48,2.0,,ch_3SI9m6GNUfzD46Hm1aJun6ph,CPMT: 83286-DDI00010,CPMT: 83286-DDI00010-14/10/2025,
14/10/2025,83279,83279-DDI00010,Ndevor Systems Ltd : Phorest Canada,11010 Accounts Receivable : Trade Debtors,CAD,1.0,394.37,10150 Bank : CIBC Current Account 9066314,Canada,CARDSUCCESS,DDCARD PAYMENT:MESDDD808GV6FQ91KMT6O,2.0,,ch_3SI9m4GNUfzD46Hm0wuA1xFl,CPMT: 83279-DDI00010,CPMT: 83279-DDI00010-14/10/2025,
14/10/2025,83266,83266-DDI00012,Ndevor Systems Ltd : Phorest Canada,11010 Accounts Receivable : Trade Debtors,CAD,1.0,394.39,10150 Bank : CIBC Current Account 9066314,Canada,CARDSUCCESS,DDCARD PAYMENT:MESDDDTE8NPI52KMG2RY4,2.0,,ch_3SI9m1GNUfzD46Hm0LAOihbP,CPMT: 83266-DDI00012,CPMT: 83266-DDI00012-14/10/2025,
14/10/2025,83184,83184-DDI00004,Ndevor Systems Ltd : Phorest Canada,11010 Accounts Receivable : Trade Debtors,CAD,1.0,370.64,10150 Bank : CIBC Current Account 9066314,Canada,CARDSUCCESS,DDCARD PAYMENT:MESDDDJ4OJ47J8641JG14,2.0,,ch_3SI9lzGNUfzD46Hm0E25OL7j,CPMT: 83184-DDI00004,CPMT: 83184-DDI00004-14/10/2025,
14/10/2025,82895,82895-DDI00008,Ndevor Systems Ltd : Phorest Canada,11010 Accounts Receivable : Trade Debtors,CAD,1.0,581.28,10150 Bank : CIBC Current Account 9066314,Canada,CARDSUCCESS,DDCARD PAYMENT:MESDDDO48FC47K8776JHL,2.0,,ch_3SI9lxGNUfzD46Hm1L64tBVo,CPMT: 82895-DDI00008,CPMT: 82895-DDI00008-14/10/2025,
14/10/2025,82614,82614-DDI00013,Ndevor Systems Ltd : Phorest Canada,11010 Accounts Receivable : Trade Debtors,CAD,1.0,394.37,10150 Bank : CIBC Current Account 9066314,Canada,CARDSUCCESS,DDCARD PAYMENT:MESDDDKJY1F94H61U6J59,2.0,,ch_3SI9lsGNUfzD46Hm1EqRhCWg,CPMT: 82614-DDI00013,CPMT: 82614-DDI00013-14/10/2025,
14/10/2025,82516,82516-DDI00010,Ndevor Systems Ltd : Phorest Canada,11010 Accounts Receivable : Trade Debtors,CAD,1.0,375.56,10150 Bank : CIBC Current Account 9066314,Canada,CARDSUCCESS,DDCARD PAYMENT:MESDDD2H4U9PJW6M9U5CR,2.0,,ch_3SI9lpGNUfzD46Hm0RGNRk5n,CPMT: 82516-DDI00010,CPMT: 82516-DDI00010-14/10/2025,
14/10/2025,82515,82515-DDI00009,Ndevor Systems Ltd : Phorest Canada,11010 Accounts Receivable : Trade Debtors,CAD,1.0,153.94,10150 Bank : CIBC Current Account 9066314,Canada,CARDSUCCESS,DDCARD PAYMENT:MESDDD43GYFF1XZ62TN95,2.0,,ch_3SI9lnGNUfzD46Hm1X69XcwZ,CPMT: 82515-DDI00009,CPMT: 82515-DDI00009-14/10/2025,
14/10/2025,85740,85740-DDI00005,Ndevor Systems Ltd : Phorest Canada,11010 Accounts Receivable : Trade Debtors,CAD,1.0,258.77,10150 Bank : CIBC Current Account 9066314,Canada,CARDSUCCESS,DDCARD PAYMENT:MESDDDCO11T9R4YYTJL52,2.0,,ch_3SI9mKGNUfzD46Hm1juQv7v7,CPMT: 85740-DDI00005,CPMT: 85740-DDI00005-14/10/2025,
14/10/2025,78254,78254-DDI00006,Ndevor Systems Ltd : Phorest Canada,11010 Accounts Receivable : Trade Debtors,CAD,1.0,258.77,10150 Bank : CIBC Current Account 9066314,Canada,CARDSUCCESS,DDCARD PAYMENT:MESDDD496YMFRD8O6B0R8,2.0,,ch_3SI9kIGNUfzD46Hm0qq5I59B,CPMT: 78254-DDI00006,CPMT: 78254-DDI00006-14/10/2025,
14/10/2025,78167,78167-DDI00015,Ndevor Systems Ltd : Phorest Canada,11010 Accounts Receivable : Trade Debtors,CAD,1.0,438.44,10150 Bank : CIBC Current Account 9066314,Canada,CARDSUCCESS,DDCARD PAYMENT:MESDDDLJ383LH6TEMLZ33,2.0,,ch_3SI9kFGNUfzD46Hm0C1gFzTD,CPMT: 78167-DDI00015,CPMT: 78167-DDI00015-14/10/2025,
14/10/2025,78076,78076-DDI00014,Ndevor Systems Ltd : Phorest Canada,11010 Accounts Receivable : Trade Debtors,CAD,1.0,581.28,10150 Bank : CIBC Current Account 9066314,Canada,CARDSUCCESS,DDCARD PAYMENT:MESDDD97K2K25ZE3454LK,2.0,,ch_3SI9kDGNUfzD46Hm1BPMpBTz,CPMT: 78076-DDI00014,CPMT: 78076-DDI00014-14/10/2025,
14/10/2025,71750,71750-DDI00020,Ndevor Systems Ltd : Phorest Canada,11010 Accounts Receivable : Trade Debtors,CAD,1.0,506.24,10150 Bank : CIBC Current Account 9066314,Canada,CARDSUCCESS,DDCARD PAYMENT:MESDDD8K2735X95S325J2,2.0,,ch_3SI9isGNUfzD46Hm0fwTpmak,CPMT: 71750-DDI00020,CPMT: 71750-DDI00020-14/10/2025,
14/10/2025,71118,71118-DDI00022,Ndevor Systems Ltd : Phorest Canada,11010 Accounts Receivable : Trade Debtors,CAD,1.0,169.16,10150 Bank : CIBC Current Account 9066314,Canada,CARDSUCCESS,DDCARD PAYMENT:MESDDDZ5PHTM7XI18468N,2.0,,ch_3SI9iqGNUfzD46Hm1IqfqCfJ,CPMT: 71118-DDI00022,CPMT: 71118-DDI00022-14/10/2025,
14/10/2025,70946,70946-DDI00024,Ndevor Systems Ltd : Phorest Canada,11010 Accounts Receivable : Trade Debtors,CAD,1.0,213.57,10150 Bank : CIBC Current Account 9066314,Canada,CARDSUCCESS,DDCARD PAYMENT:MESDDDW03K1NX5Q1238E0,2.0,,ch_3SI9ioGNUfzD46Hm0SX5eHTN,CPMT: 70946-DDI00024,CPMT: 70946-DDI00024-14/10/2025,
14/10/2025,70915,70915-DDI00014,Ndevor Systems Ltd : Phorest Canada,11010 Accounts Receivable : Trade Debtors,CAD,1.0,390.88,10150 Bank : CIBC Current Account 9066314,Canada,CARDSUCCESS,DDCARD PAYMENT:MESDDD7I2BY90Q6X97YB7,2.0,,ch_3SI9ilGNUfzD46Hm1PebXc15,CPMT: 70915-DDI00014,CPMT: 70915-DDI00014-14/10/2025,
14/10/2025,70546,70546-DDI00019,Ndevor Systems Ltd : Phorest Canada,11010 Accounts Receivable : Trade Debtors,CAD,1.0,586.47,10150 Bank : CIBC Current Account 9066314,Canada,CARDSUCCESS,DDCARD PAYMENT:MESDDD850O75BBV5BZZ08,2.0,,ch_3SI9iiGNUfzD46Hm0uTVvC5Y,CPMT: 70546-DDI00019,CPMT: 70546-DDI00019-14/10/2025,
14/10/2025,70545,70545-DDI00019,Ndevor Systems Ltd : Phorest Canada,11010 Accounts Receivable : Trade Debtors,CAD,1.0,586.47,10150 Bank : CIBC Current Account 9066314,Canada,CARDSUCCESS,DDCARD PAYMENT:MESDDDS96T788897R8KCV,2.0,,ch_3SI9igGNUfzD46Hm1ti7EApY,CPMT: 70545-DDI00019,CPMT: 70545-DDI00019-14/10/2025,
14/10/2025,70375,70375-DDI00022,Ndevor Systems Ltd : Phorest Canada,11010 Accounts Receivable : Trade Debtors,CAD,1.0,789.36,10150 Bank : CIBC Current Account 9066314,Canada,CARDSUCCESS,DDCARD PAYMENT:MESDDDFYUS0IB8106UI0H,2.0,,ch_3SI9idGNUfzD46Hm1XBi3CkX,CPMT: 70375-DDI00022,CPMT: 70375-DDI00022-14/10/2025,
14/10/2025,70368,70368-DDI00024,Ndevor Systems Ltd : Phorest Canada,11010 Accounts Receivable : Trade Debtors,CAD,1.0,429.45,10150 Bank : CIBC Current Account 9066314,Canada,CARDSUCCESS,DDCARD PAYMENT:MESDDDUY8N6Q2X23RJ34E,2.0,,ch_3SI9ibGNUfzD46Hm0WXaqoQx,CPMT: 70368-DDI00024,CPMT: 70368-DDI00024-14/10/2025,
14/10/2025,70100,70100-DDI00026,Ndevor Systems Ltd : Phorest Canada,11010 Accounts Receivable : Trade Debtors,CAD,1.0,145.77,10150 Bank : CIBC Current Account 9066314,Canada,CARDSUCCESS,DDCARD PAYMENT:MESDDDE1L69PCJ592J3Q8,2.0,,ch_3SI9iZGNUfzD46Hm0XEk2bK1,CPMT: 70100-DDI00026,CPMT: 70100-DDI00026-14/10/2025,
14/10/2025,68332,68332-DDI00017,Ndevor Systems Ltd : Phorest Canada,11010 Accounts Receivable : Trade Debtors,CAD,1.0,596.85,10150 Bank : CIBC Current Account 9066314,Canada,CARDSUCCESS,DDCARD PAYMENT:MESDDDHR8SOLYYON088JX,2.0,,ch_3SI9iWGNUfzD46Hm0IqqIgaM,CPMT: 68332-DDI00017,CPMT: 68332-DDI00017-14/10/2025,
14/10/2025,68131,68131-DDI00026,Ndevor Systems Ltd : Phorest Canada,11010 Accounts Receivable : Trade Debtors,CAD,1.0,254.19,10150 Bank : CIBC Current Account 9066314,Canada,CARDSUCCESS,DDCARD PAYMENT:MESDDDCNA8618265225H9,2.0,,ch_3SI9iUGNUfzD46Hm1xlHUccJ,CPMT: 68131-DDI00026,CPMT: 68131-DDI00026-14/10/2025,
14/10/2025,67529,67529-DDI00025,Ndevor Systems Ltd : Phorest Canada,11010 Accounts Receivable : Trade Debtors,CAD,1.0,456.55,10150 Bank : CIBC Current Account 9066314,Canada,CARDSUCCESS,DDCARD PAYMENT:MESDDDIPMRL8T9I8A942X,2.0,,ch_3SI9iSGNUfzD46Hm03ipN27z,CPMT: 67529-DDI00025,CPMT: 67529-DDI00025-14/10/2025,
14/10/2025,67510,67510-DDI00028,Ndevor Systems Ltd : Phorest Canada,11010 Accounts Receivable : Trade Debtors,CAD,1.0,367.36,10150 Bank : CIBC Current Account 9066314,Canada,CARDSUCCESS,DDCARD PAYMENT:MESDDDPP00PSL0WB3N82F,2.0,,ch_3SI9iPGNUfzD46Hm08RtNF9R,CPMT: 67510-DDI00028,CPMT: 67510-DDI00028-14/10/2025,
14/10/2025,71754,71754-DDI00019,Ndevor Systems Ltd : Phorest Canada,11010 Accounts Receivable : Trade Debtors,CAD,1.0,506.24,10150 Bank : CIBC Current Account 9066314,Canada,CARDSUCCESS,DDCARD PAYMENT:MESDDD80Y64367C4286SJ,2.0,,ch_3SI9ivGNUfzD46Hm0VRRNgcb,CPMT: 71754-DDI00019,CPMT: 71754-DDI00019-14/10/2025,
14/10/2025,65264,65264-DDI00025,Ndevor Systems Ltd : Phorest Canada,11010 Accounts Receivable : Trade Debtors,CAD,1.0,457.65,10150 Bank : CIBC Current Account 9066314,Canada,CARDSUCCESS,DDCARD PAYMENT:MESDDD2GU823E092C58Z8,2.0,,ch_3SI9iNGNUfzD46Hm11FSu5Nt,CPMT: 65264-DDI00025,CPMT: 65264-DDI00025-14/10/2025,
14/10/2025,64649,64649-DDI00026,Ndevor Systems Ltd : Phorest Canada,11010 Accounts Receivable : Trade Debtors,CAD,1.0,221.76,10150 Bank : CIBC Current Account 9066314,Canada,CARDSUCCESS,DDCARD PAYMENT:MESDDD053HIJ1SSJ4XW60,2.0,,ch_3SI9iIGNUfzD46Hm1EjSwdMm,CPMT: 64649-DDI00026,CPMT: 64649-DDI00026-14/10/2025,
14/10/2025,64239,64239-DDI00026,Ndevor Systems Ltd : Phorest Canada,11010 Accounts Receivable : Trade Debtors,CAD,1.0,544.95,10150 Bank : CIBC Current Account 9066314,Canada,CARDSUCCESS,DDCARD PAYMENT:MESDDDDW9N335W4D9M3S1,2.0,,ch_3SI9iGGNUfzD46Hm1VlghyN4,CPMT: 64239-DDI00026,CPMT: 64239-DDI00026-14/10/2025,
14/10/2025,64229,64229-DDI00013,Ndevor Systems Ltd : Phorest Canada,11010 Accounts Receivable : Trade Debtors,CAD,1.0,156.8,10150 Bank : CIBC Current Account 9066314,Canada,CARDSUCCESS,DDCARD PAYMENT:MESDDD0WP2G0H1PFB1F64,2.0,,ch_3SI9iEGNUfzD46Hm1ezJFHA2,CPMT: 64229-DDI00013,CPMT: 64229-DDI00013-14/10/2025,
14/10/2025,63564,63564-DDI00028,Ndevor Systems Ltd : Phorest Canada,11010 Accounts Receivable : Trade Debtors,CAD,1.0,226.97,10150 Bank : CIBC Current Account 9066314,Canada,CARDSUCCESS,DDCARD PAYMENT:MESDDDW4P899Q34GCJT4U,2.0,,ch_3SI9iBGNUfzD46Hm1epRHz9A,CPMT: 63564-DDI00028,CPMT: 63564-DDI00028-14/10/2025,
14/10/2025,62835,62835-DDI00020,Ndevor Systems Ltd : Phorest Canada,11010 Accounts Receivable : Trade Debtors,CAD,1.0,586.47,10150 Bank : CIBC Current Account 9066314,Canada,CARDSUCCESS,DDCARD PAYMENT:MESDDDJ314IAG74AVL262,2.0,,ch_3SI9i9GNUfzD46Hm0oojCi9v,CPMT: 62835-DDI00020,CPMT: 62835-DDI00020-14/10/2025,
14/10/2025,62818,62818-DDI00015,Ndevor Systems Ltd : Phorest Canada,11010 Accounts Receivable : Trade Debtors,CAD,1.0,147.74,10150 Bank : CIBC Current Account 9066314,Canada,CARDSUCCESS,DDCARD PAYMENT:MESDDD1260931X83127GJ,2.0,,ch_3SI9i7GNUfzD46Hm15dt5nOH,CPMT: 62818-DDI00015,CPMT: 62818-DDI00015-14/10/2025,
14/10/2025,62817,62817-DDI00026,Ndevor Systems Ltd : Phorest Canada,11010 Accounts Receivable : Trade Debtors,CAD,1.0,161.39,10150 Bank : CIBC Current Account 9066314,Canada,CARDSUCCESS,DDCARD PAYMENT:MESDDDI842206V5W1EB09,2.0,,ch_3SI9i4GNUfzD46Hm1E9sgOVA,CPMT: 62817-DDI00026,CPMT: 62817-DDI00026-14/10/2025,
14/10/2025,62668,62668-DDI00028,Ndevor Systems Ltd : Phorest Canada,11010 Accounts Receivable : Trade Debtors,CAD,1.0,470.4,10150 Bank : CIBC Current Account 9066314,Canada,CARDSUCCESS,DDCARD PAYMENT:MESDDDY0TG2C1F3Z6U7AX,2.0,,ch_3SI9i2GNUfzD46Hm0GxCTBhz,CPMT: 62668-DDI00028,CPMT: 62668-DDI00028-14/10/2025,
14/10/2025,62639,62639-DDI00014,Ndevor Systems Ltd : Phorest Canada,11010 Accounts Receivable : Trade Debtors,CAD,1.0,135.45,10150 Bank : CIBC Current Account 9066314,Canada,CARDSUCCESS,DDCARD PAYMENT:MESDDDLRQ4C7E88KNE9JA,2.0,,ch_3SI9i0GNUfzD46Hm1Of6tozy,CPMT: 62639-DDI00014,CPMT: 62639-DDI00014-14/10/2025,
14/10/2025,62561,62561-DDI00031,Ndevor Systems Ltd : Phorest Canada,11010 Accounts Receivable : Trade Debtors,CAD,1.0,145.77,10150 Bank : CIBC Current Account 9066314,Canada,CARDSUCCESS,DDCARD PAYMENT:MESDDDFIB8S5W3917F30Y,2.0,,ch_3SI9hxGNUfzD46Hm1e2AfaWW,CPMT: 62561-DDI00031,CPMT: 62561-DDI00031-14/10/2025,
14/10/2025,62375,62375-DDI00026,Ndevor Systems Ltd : Phorest Canada,11010 Accounts Receivable : Trade Debtors,CAD,1.0,370.64,10150 Bank : CIBC Current Account 9066314,Canada,CARDSUCCESS,DDCARD PAYMENT:MESDDDAU1867R9B7NI356,2.0,,ch_3SI9hvGNUfzD46Hm08dCnMxH,CPMT: 62375-DDI00026,CPMT: 62375-DDI00026-14/10/2025,
14/10/2025,62317,62317-DDI00028,Ndevor Systems Ltd : Phorest Canada,11010 Accounts Receivable : Trade Debtors,CAD,1.0,497.28,10150 Bank : CIBC Current Account 9066314,Canada,CARDSUCCESS,DDCARD PAYMENT:MESDDDMVM5WVA42R7482B,2.0,,ch_3SI9htGNUfzD46Hm1cTUWOg4,CPMT: 62317-DDI00028,CPMT: 62317-DDI00028-14/10/2025,
14/10/2025,62260,62260-DDI00016,Ndevor Systems Ltd : Phorest Canada,11010 Accounts Receivable : Trade Debtors,CAD,1.0,345.45,10150 Bank : CIBC Current Account 9066314,Canada,CARDSUCCESS,DDCARD PAYMENT:MESDDDB424J4F2UP0Z7AX,2.0,,ch_3SI9hqGNUfzD46Hm19Wynbek,CPMT: 62260-DDI00016,CPMT: 62260-DDI00016-14/10/2025,
14/10/2025,65263,65263-DDI00026,Ndevor Systems Ltd : Phorest Canada,11010 Accounts Receivable : Trade Debtors,CAD,1.0,437.64,10150 Bank : CIBC Current Account 9066314,Canada,CARDSUCCESS,DDCARD PAYMENT:MESDDDQ83OGBM93951HB8,2.0,,ch_3SI9iLGNUfzD46Hm009dMQa1,CPMT: 65263-DDI00026,CPMT: 65263-DDI00026-14/10/2025,
14/10/2025,72154,72154-DDI00012,Ndevor Systems Ltd : Phorest Canada,11010 Accounts Receivable : Trade Debtors,CAD,1.0,390.88,10150 Bank : CIBC Current Account 9066314,Canada,CARDSUCCESS,DDCARD PAYMENT:MESDDD8J5ZLE5R9AQ00DF,2.0,,ch_3SI9ixGNUfzD46Hm0qTMwb0I,CPMT: 72154-DDI00012,CPMT: 72154-DDI00012-14/10/2025,
14/10/2025,72268,72268-DDI00011,Ndevor Systems Ltd : Phorest Canada,11010 Accounts Receivable : Trade Debtors,CAD,1.0,156.8,10150 Bank : CIBC Current Account 9066314,Canada,CARDSUCCESS,DDCARD PAYMENT:MESDDDI7ZUC672854VKA6,2.0,,ch_3SI9izGNUfzD46Hm0W6CANo7,CPMT: 72268-DDI00011,CPMT: 72268-DDI00011-14/10/2025,
14/10/2025,72441,72441-DDI00011,Ndevor Systems Ltd : Phorest Canada,11010 Accounts Receivable : Trade Debtors,CAD,1.0,501.76,10150 Bank : CIBC Current Account 9066314,Canada,CARDSUCCESS,DDCARD PAYMENT:MESDDDE00ZXBA55O2B2K3,2.0,,ch_3SI9j2GNUfzD46Hm1w5UHJL3,CPMT: 72441-DDI00011,CPMT: 72441-DDI00011-14/10/2025,
14/10/2025,78006,78006-DDI00010,Ndevor Systems Ltd : Phorest Canada,11010 Accounts Receivable : Trade Debtors,CAD,1.0,257.64,10150 Bank : CIBC Current Account 9066314,Canada,CARDSUCCESS,DDCARD PAYMENT:MESDDD8894D33T159QEKT,2.0,,ch_3SI9kBGNUfzD46Hm0V74P4i2,CPMT: 78006-DDI00010,CPMT: 78006-DDI00010-14/10/2025,
14/10/2025,77841,77841-DDI00018,Ndevor Systems Ltd : Phorest Canada,11010 Accounts Receivable : Trade Debtors,CAD,1.0,259.92,10150 Bank : CIBC Current Account 9066314,Canada,CARDSUCCESS,DDCARD PAYMENT:MESDDD30K4IG5U9L28IW5,2.0,,ch_3SI9k9GNUfzD46Hm0o2xyUm3,CPMT: 77841-DDI00018,CPMT: 77841-DDI00018-14/10/2025,
14/10/2025,77738,77738-DDI00014,Ndevor Systems Ltd : Phorest Canada,11010 Accounts Receivable : Trade Debtors,CAD,1.0,263.29,10150 Bank : CIBC Current Account 9066314,Canada,CARDSUCCESS,DDCARD PAYMENT:MESDDD1NRB0M41I3SENBC,2.0,,ch_3SI9k6GNUfzD46Hm1sLBXamh,CPMT: 77738-DDI00014,CPMT: 77738-DDI00014-14/10/2025,
14/10/2025,77651,77651-DDI00018,Ndevor Systems Ltd : Phorest Canada,11010 Accounts Receivable : Trade Debtors,CAD,1.0,258.77,10150 Bank : CIBC Current Account 9066314,Canada,CARDSUCCESS,DDCARD PAYMENT:MESDDD81NB9HRD1860LJK,2.0,,ch_3SI9k4GNUfzD46Hm028GboQk,CPMT: 77651-DDI00018,CPMT: 77651-DDI00018-14/10/2025,
14/10/2025,77647,77647-DDI00017,Ndevor Systems Ltd : Phorest Canada,11010 Accounts Receivable : Trade Debtors,CAD,1.0,258.77,10150 Bank : CIBC Current Account 9066314,Canada,CARDSUCCESS,DDCARD PAYMENT:MESDDD46S2V5E0459B0UP,2.0,,ch_3SI9k2GNUfzD46Hm1gAzk9rw,CPMT: 77647-DDI00017,CPMT: 77647-DDI00017-14/10/2025,
14/10/2025,77646,77646-DDI00018,Ndevor Systems Ltd : Phorest Canada,11010 Accounts Receivable : Trade Debtors,CAD,1.0,258.77,10150 Bank : CIBC Current Account 9066314,Canada,CARDSUCCESS,DDCARD PAYMENT:MESDDD4CWO0QNH6I95WV0,2.0,,ch_3SI9jzGNUfzD46Hm12Mi6adn,CPMT: 77646-DDI00018,CPMT: 77646-DDI00018-14/10/2025,
14/10/2025,77633,77633-DDI00018,Ndevor Systems Ltd : Phorest Canada,11010 Accounts Receivable : Trade Debtors,CAD,1.0,258.77,10150 Bank : CIBC Current Account 9066314,Canada,CARDSUCCESS,DDCARD PAYMENT:MESDDDB173RRU0DDL2E6K,2.0,,ch_3SI9jxGNUfzD46Hm0sgR5vb9,CPMT: 77633-DDI00018,CPMT: 77633-DDI00018-14/10/2025,
14/10/2025,77505,77505-DDI00016,Ndevor Systems Ltd : Phorest Canada,11010 Accounts Receivable : Trade Debtors,CAD,1.0,258.77,10150 Bank : CIBC Current Account 9066314,Canada,CARDSUCCESS,DDCARD PAYMENT:MESDDDGG42E7BS4K7OVIA,2.0,,ch_3SI9jvGNUfzD46Hm0WSvkjfc,CPMT: 77505-DDI00016,CPMT: 77505-DDI00016-14/10/2025,
14/10/2025,77431,77431-DDI00017,Ndevor Systems Ltd : Phorest Canada,11010 Accounts Receivable : Trade Debtors,CAD,1.0,182.43,10150 Bank : CIBC Current Account 9066314,Canada,CARDSUCCESS,DDCARD PAYMENT:MESDDDOHN49CRJHB82A23,2.0,,ch_3SI9jsGNUfzD46Hm0Vch2JMG,CPMT: 77431-DDI00017,CPMT: 77431-DDI00017-14/10/2025,
14/10/2025,77306,77306-DDI00017,Ndevor Systems Ltd : Phorest Canada,11010 Accounts Receivable : Trade Debtors,CAD,1.0,256.48,10150 Bank : CIBC Current Account 9066314,Canada,CARDSUCCESS,DDCARD PAYMENT:MESDDDE0GB62IJTB4K332,2.0,,ch_3SI9jqGNUfzD46Hm0a1RYCbo,CPMT: 77306-DDI00017,CPMT: 77306-DDI00017-14/10/2025,
14/10/2025,76825,76825-DDI00008,Ndevor Systems Ltd : Phorest Canada,11010 Accounts Receivable : Trade Debtors,CAD,1.0,151.2,10150 Bank : CIBC Current Account 9066314,Canada,CARDSUCCESS,DDCARD PAYMENT:MESDDDJK68PJXP30937T5,2.0,,ch_3SI9joGNUfzD46Hm0NkXvaDI,CPMT: 76825-DDI00008,CPMT: 76825-DDI00008-14/10/2025,
14/10/2025,76820,76820-DDI00009,Ndevor Systems Ltd : Phorest Canada,11010 Accounts Receivable : Trade Debtors,CAD,1.0,244.61,10150 Bank : CIBC Current Account 9066314,Canada,CARDSUCCESS,DDCARD PAYMENT:MESDDD83UQ508V12272YG,2.0,,ch_3SI9jlGNUfzD46Hm14oPipKX,CPMT: 76820-DDI00009,CPMT: 76820-DDI00009-14/10/2025,
14/10/2025,76819,76819-DDI00009,Ndevor Systems Ltd : Phorest Canada,11010 Accounts Receivable : Trade Debtors,CAD,1.0,265.78,10150 Bank : CIBC Current Account 9066314,Canada,CARDSUCCESS,DDCARD PAYMENT:MESDDD84U5Y1Q288818N9,2.0,,ch_3SI9jjGNUfzD46Hm1S6fCJJD,CPMT: 76819-DDI00009,CPMT: 76819-DDI00009-14/10/2025,
14/10/2025,76748,76748-DDI00009,Ndevor Systems Ltd : Phorest Canada,11010 Accounts Receivable : Trade Debtors,CAD,1.0,145.77,10150 Bank : CIBC Current Account 9066314,Canada,CARDSUCCESS,DDCARD PAYMENT:MESDDDG8516CZ19HYBUJ6,2.0,,ch_3SI9jfGNUfzD46Hm1rAbRMbj,CPMT: 76748-DDI00009,CPMT: 76748-DDI00009-14/10/2025,
14/10/2025,76741,76741-DDI00016,Ndevor Systems Ltd : Phorest Canada,11010 Accounts Receivable : Trade Debtors,CAD,1.0,219.6,10150 Bank : CIBC Current Account 9066314,Canada,CARDSUCCESS,DDCARD PAYMENT:MESDDD8U66IO8PD1XV151,2.0,,ch_3SI9jdGNUfzD46Hm04m67qnK,CPMT: 76741-DDI00016,CPMT: 76741-DDI00016-14/10/2025,
14/10/2025,76553,76553-DDI00014,Ndevor Systems Ltd : Phorest Canada,11010 Accounts Receivable : Trade Debtors,CAD,1.0,154.24,10150 Bank : CIBC Current Account 9066314,Canada,CARDSUCCESS,DDCARD PAYMENT:MESDDD5FXB7038O900Y0G,2.0,,ch_3SI9jbGNUfzD46Hm0YoDby5G,CPMT: 76553-DDI00014,CPMT: 76553-DDI00014-14/10/2025,
14/10/2025,76547,76547-DDI00019,Ndevor Systems Ltd : Phorest Canada,11010 Accounts Receivable : Trade Debtors,CAD,1.0,215.48,10150 Bank : CIBC Current Account 9066314,Canada,CARDSUCCESS,DDCARD PAYMENT:MESDDDU6L0208S73XH0ZC,2.0,,ch_3SI9jZGNUfzD46Hm1yZqA9Xf,CPMT: 76547-DDI00019,CPMT: 76547-DDI00019-14/10/2025,
14/10/2025,76339,76339-DDI00012,Ndevor Systems Ltd : Phorest Canada,11010 Accounts Receivable : Trade Debtors,CAD,1.0,574.04,10150 Bank : CIBC Current Account 9066314,Canada,CARDSUCCESS,DDCARD PAYMENT:MESDDD8PYSI51R4WL5O78,2.0,,ch_3SI9jWGNUfzD46Hm0e7boZ5F,CPMT: 76339-DDI00012,CPMT: 76339-DDI00012-14/10/2025,
14/10/2025,76146,76146-DDI00009,Ndevor Systems Ltd : Phorest Canada,11010 Accounts Receivable : Trade Debtors,CAD,1.0,136.62,10150 Bank : CIBC Current Account 9066314,Canada,CARDSUCCESS,DDCARD PAYMENT:MESDDD83B66CKMG7H8PY2,2.0,,ch_3SI9jUGNUfzD46Hm0dOIS1M6,CPMT: 76146-DDI00009,CPMT: 76146-DDI00009-14/10/2025,
14/10/2025,76139,76139-DDI00007,Ndevor Systems Ltd : Phorest Canada,11010 Accounts Receivable : Trade Debtors,CAD,1.0,190.07,10150 Bank : CIBC Current Account 9066314,Canada,CARDSUCCESS,DDCARD PAYMENT:MESDDDQ1CCVE0Q442NTO8,2.0,,ch_3SI9jSGNUfzD46Hm0JdFrG28,CPMT: 76139-DDI00007,CPMT: 76139-DDI00007-14/10/2025,
14/10/2025,75634,75634-DDI00011,Ndevor Systems Ltd : Phorest Canada,11010 Accounts Receivable : Trade Debtors,CAD,1.0,332.67,10150 Bank : CIBC Current Account 9066314,Canada,CARDSUCCESS,DDCARD PAYMENT:MESDDDNRF2F9CZ4B9Y678,2.0,,ch_3SI9jPGNUfzD46Hm0AEFH2Fb,CPMT: 75634-DDI00011,CPMT: 75634-DDI00011-14/10/2025,
14/10/2025,75216,75216-DDI00018,Ndevor Systems Ltd : Phorest Canada,11010 Accounts Receivable : Trade Debtors,CAD,1.0,366.45,10150 Bank : CIBC Current Account 9066314,Canada,CARDSUCCESS,DDCARD PAYMENT:MESDDD40XE9JFM8073VYR,2.0,,ch_3SI9jNGNUfzD46Hm0estAvFs,CPMT: 75216-DDI00018,CPMT: 75216-DDI00018-14/10/2025,
14/10/2025,73764,73764-DDI00015,Ndevor Systems Ltd : Phorest Canada,11010 Accounts Receivable : Trade Debtors,CAD,1.0,394.37,10150 Bank : CIBC Current Account 9066314,Canada,CARDSUCCESS,DDCARD PAYMENT:MESDDDS21ODG15R3U46EY,2.0,,ch_3SI9jLGNUfzD46Hm17s18jQq,CPMT: 73764-DDI00015,CPMT: 73764-DDI00015-14/10/2025,
14/10/2025,73717,73717-DDI00020,Ndevor Systems Ltd : Phorest Canada,11010 Accounts Receivable : Trade Debtors,CAD,1.0,145.77,10150 Bank : CIBC Current Account 9066314,Canada,CARDSUCCESS,DDCARD PAYMENT:MESDDDJ25A86CK3A8S6N0,2.0,,ch_3SI9jIGNUfzD46Hm00HU1QCz,CPMT: 73717-DDI00020,CPMT: 73717-DDI00020-14/10/2025,
14/10/2025,72926,72926-DDI00010,Ndevor Systems Ltd : Phorest Canada,11010 Accounts Receivable : Trade Debtors,CAD,1.0,240.45,10150 Bank : CIBC Current Account 9066314,Canada,CARDSUCCESS,DDCARD PAYMENT:MESDDD37521XZWR9G832N,2.0,,ch_3SI9jDGNUfzD46Hm1r6Q7pIv,CPMT: 72926-DDI00010,CPMT: 72926-DDI00010-14/10/2025,
14/10/2025,72925,72925-DDI00021,Ndevor Systems Ltd : Phorest Canada,11010 Accounts Receivable : Trade Debtors,CAD,1.0,506.24,10150 Bank : CIBC Current Account 9066314,Canada,CARDSUCCESS,DDCARD PAYMENT:MESDDD6J572XA4F6TPS94,2.0,,ch_3SI9jBGNUfzD46Hm1WrHRe0Z,CPMT: 72925-DDI00021,CPMT: 72925-DDI00021-14/10/2025,
14/10/2025,72641,72641-DDI00022,Ndevor Systems Ltd : Phorest Canada,11010 Accounts Receivable : Trade Debtors,CAD,1.0,366.45,10150 Bank : CIBC Current Account 9066314,Canada,CARDSUCCESS,DDCARD PAYMENT:MESDDD53OB99B95YPC8XR,2.0,,ch_3SI9j9GNUfzD46Hm1wzTwcux,CPMT: 72641-DDI00022,CPMT: 72641-DDI00022-14/10/2025,
14/10/2025,72615,72615-DDI00019,Ndevor Systems Ltd : Phorest Canada,11010 Accounts Receivable : Trade Debtors,CAD,1.0,586.47,10150 Bank : CIBC Current Account 9066314,Canada,CARDSUCCESS,DDCARD PAYMENT:MESDDDP3509HF0U8X0FTT,2.0,,ch_3SI9j6GNUfzD46Hm0F2bVR1W,CPMT: 72615-DDI00019,CPMT: 72615-DDI00019-14/10/2025,
14/10/2025,72609,72609-DDI00020,Ndevor Systems Ltd : Phorest Canada,11010 Accounts Receivable : Trade Debtors,CAD,1.0,586.47,10150 Bank : CIBC Current Account 9066314,Canada,CARDSUCCESS,DDCARD PAYMENT:MESDDDLI40X13GSTSXV03,2.0,,ch_3SI9j4GNUfzD46Hm0uRpjSuP,CPMT: 72609-DDI00020,CPMT: 72609-DDI00020-14/10/2025,
14/10/2025,62246,62246-DDI00030,Ndevor Systems Ltd : Phorest Canada,11010 Accounts Receivable : Trade Debtors,CAD,1.0,268.47,10150 Bank : CIBC Current Account 9066314,Canada,CARDSUCCESS,DDCARD PAYMENT:MESDDD333DF2RPB9T72EQ,2.0,,ch_3SI9hlGNUfzD46Hm1mWpElEE,CPMT: 62246-DDI00030,CPMT: 62246-DDI00030-14/10/2025,
14/10/2025,49291,49291-DDI00030,Ndevor Systems Ltd : Phorest Canada,11010 Accounts Receivable : Trade Debtors,CAD,1.0,109.2,10150 Bank : CIBC Current Account 9066314,Canada,CARDSUCCESS,DDCARD PAYMENT:MESDDD3N2NU58AS466E4W,2.0,,ch_3SI9cGGNUfzD46Hm1qzR2yw8,CPMT: 49291-DDI00030,CPMT: 49291-DDI00030-14/10/2025,
14/10/2025,48882,48882-DDI00061,Ndevor Systems Ltd : Phorest Canada,11010 Accounts Receivable : Trade Debtors,CAD,1.0,445.22,10150 Bank : CIBC Current Account 9066314,Canada,CARDSUCCESS,DDCARD PAYMENT:MESDDD7U25A9HW7SGIRL1,2.0,,ch_3SI9c9GNUfzD46Hm1NcChQcB,CPMT: 48882-DDI00061,CPMT: 48882-DDI00061-14/10/2025,
14/10/2025,95803,95803-DDI00004,Ndevor Systems Ltd : Phorest Canada,11010 Accounts Receivable : Trade Debtors,CAD,1.0,221.31,10150 Bank : CIBC Current Account 9066314,Canada,CARDSUCCESS,DDCARD PAYMENT:MESDDDV68Y439VX2YTDQN,2.0,,ch_3SI9muGNUfzD46Hm0n710wkG,CPMT: 95803-DDI00004,CPMT: 95803-DDI00004-14/10/2025,
14/10/2025,32864,32864-DDI00105,Ndevor Systems Ltd : Phorest Canada,11010 Accounts Receivable : Trade Debtors,CAD,1.0,359.1,10150 Bank : CIBC Current Account 9066314,Canada,CARDSUCCESS,DDCARD PAYMENT:MESDDD69094M30Q1IX85F,2.0,,ch_3SI9VmGNUfzD46Hm0VikbUn2,CPMT: 32864-DDI00105,CPMT: 32864-DDI00105-14/10/2025,
14/10/2025,32747,32747-DDI00068,Ndevor Systems Ltd : Phorest Canada,11010 Accounts Receivable : Trade Debtors,CAD,1.0,371.77,10150 Bank : CIBC Current Account 9066314,Canada,CARDSUCCESS,DDCARD PAYMENT:MESDDD64K19HGG7464DRX,2.0,,ch_3SI9VhGNUfzD46Hm01FJIxWp,CPMT: 32747-DDI00068,CPMT: 32747-DDI00068-14/10/2025,
14/10/2025,32528,32528-DDI00097,Ndevor Systems Ltd : Phorest Canada,11010 Accounts Receivable : Trade Debtors,CAD,1.0,422.1,10150 Bank : CIBC Current Account 9066314,Canada,CARDSUCCESS,DDCARD PAYMENT:MESDDD7EZQAFN8LZW5L6K,2.0,,ch_3SI9VdGNUfzD46Hm1hGuoHdd,CPMT: 32528-DDI00097,CPMT: 32528-DDI00097-14/10/2025,
14/10/2025,32527,32527-DDI00105,Ndevor Systems Ltd : Phorest Canada,11010 Accounts Receivable : Trade Debtors,CAD,1.0,494.55,10150 Bank : CIBC Current Account 9066314,Canada,CARDSUCCESS,DDCARD PAYMENT:MESDDDM4IGB220LR5ZIY0,2.0,,ch_3SI9VaGNUfzD46Hm0GqD3Q8w,CPMT: 32527-DDI00105,CPMT: 32527-DDI00105-14/10/2025,
14/10/2025,32433,32433-DDI00063,Ndevor Systems Ltd : Phorest Canada,11010 Accounts Receivable : Trade Debtors,CAD,1.0,133.23,10150 Bank : CIBC Current Account 9066314,Canada,CARDSUCCESS,DDCARD PAYMENT:MESDDDUXCMAZYLBP30201,2.0,,ch_3SI9VYGNUfzD46Hm0zASoJG6,CPMT: 32433-DDI00063,CPMT: 32433-DDI00063-14/10/2025,
14/10/2025,32386,32386-DDI00075,Ndevor Systems Ltd : Phorest Canada,11010 Accounts Receivable : Trade Debtors,CAD,1.0,383.04,10150 Bank : CIBC Current Account 9066314,Canada,CARDSUCCESS,DDCARD PAYMENT:MESDDDLEO4Y3A8K4817SV,2.0,,ch_3SI9VWGNUfzD46Hm0zyHk2ib,CPMT: 32386-DDI00075,CPMT: 32386-DDI00075-14/10/2025,
14/10/2025,32330,32330-DDI00089,Ndevor Systems Ltd : Phorest Canada,11010 Accounts Receivable : Trade Debtors,CAD,1.0,359.1,10150 Bank : CIBC Current Account 9066314,Canada,CARDSUCCESS,DDCARD PAYMENT:MESDDDD3QR259JYI64O9W,2.0,,ch_3SI9VTGNUfzD46Hm1MTbFMLM,CPMT: 32330-DDI00089,CPMT: 32330-DDI00089-14/10/2025,
14/10/2025,32042,32042-DDI00067,Ndevor Systems Ltd : Phorest Canada,11010 Accounts Receivable : Trade Debtors,CAD,1.0,383.04,10150 Bank : CIBC Current Account 9066314,Canada,CARDSUCCESS,DDCARD PAYMENT:MESDDDGR19M2279XVYSOK,2.0,,ch_3SI9VOGNUfzD46Hm0iGdcQdW,CPMT: 32042-DDI00067,CPMT: 32042-DDI00067-14/10/2025,
14/10/2025,31557,31557-DDI00065,Ndevor Systems Ltd : Phorest Canada,11010 Accounts Receivable : Trade Debtors,CAD,1.0,258.77,10150 Bank : CIBC Current Account 9066314,Canada,CARDSUCCESS,DDCARD PAYMENT:MESDDD45OO98MTO1R11HJ,2.0,,ch_3SI9VMGNUfzD46Hm1PV9kcXh,CPMT: 31557-DDI00065,CPMT: 31557-DDI00065-14/10/2025,
14/10/2025,30886,30886-DDI00100,Ndevor Systems Ltd : Phorest Canada,11010 Accounts Receivable : Trade Debtors,CAD,1.0,368.48,10150 Bank : CIBC Current Account 9066314,Canada,CARDSUCCESS,DDCARD PAYMENT:MESDDDKW33KLP8MWPS089,2.0,,ch_3SI9VKGNUfzD46Hm0GN9Aoir,CPMT: 30886-DDI00100,CPMT: 30886-DDI00100-14/10/2025,
14/10/2025,30885,30885-DDI00105,Ndevor Systems Ltd : Phorest Canada,11010 Accounts Receivable : Trade Debtors,CAD,1.0,368.48,10150 Bank : CIBC Current Account 9066314,Canada,CARDSUCCESS,DDCARD PAYMENT:MESDDDFQ43CA9HR84V677,2.0,,ch_3SI9VIGNUfzD46Hm1BCy3Mho,CPMT: 30885-DDI00105,CPMT: 30885-DDI00105-14/10/2025,
14/10/2025,30559,30559-DDI00104,Ndevor Systems Ltd : Phorest Canada,11010 Accounts Receivable : Trade Debtors,CAD,1.0,454.26,10150 Bank : CIBC Current Account 9066314,Canada,CARDSUCCESS,DDCARD PAYMENT:MESDDDJ2NGEX44538JOH1,2.0,,ch_3SI9VFGNUfzD46Hm0FgWcisM,CPMT: 30559-DDI00104,CPMT: 30559-DDI00104-14/10/2025,
14/10/2025,30531,30531-DDI00065,Ndevor Systems Ltd : Phorest Canada,11010 Accounts Receivable : Trade Debtors,CAD,1.0,387.39,10150 Bank : CIBC Current Account 9066314,Canada,CARDSUCCESS,DDCARD PAYMENT:MESDDDR38M58R6T2WH05A,2.0,,ch_3SI9VDGNUfzD46Hm0Lkkp3Pi,CPMT: 30531-DDI00065,CPMT: 30531-DDI00065-14/10/2025,
14/10/2025,30479,30479-DDI00067,Ndevor Systems Ltd : Phorest Canada,11010 Accounts Receivable : Trade Debtors,CAD,1.0,386.46,10150 Bank : CIBC Current Account 9066314,Canada,CARDSUCCESS,DDCARD PAYMENT:MESDDD7Y5TXDWMOLCONJ4,2.0,,ch_3SI9V9GNUfzD46Hm1daJx0nY,CPMT: 30479-DDI00067,CPMT: 30479-DDI00067-14/10/2025,
14/10/2025,30324,30324-DDI00084,Ndevor Systems Ltd : Phorest Canada,11010 Accounts Receivable : Trade Debtors,CAD,1.0,539.25,10150 Bank : CIBC Current Account 9066314,Canada,CARDSUCCESS,DDCARD PAYMENT:MESDDD0I7BHS60QF61770,2.0,,ch_3SI9V7GNUfzD46Hm0vplmKfB,CPMT: 30324-DDI00084,CPMT: 30324-DDI00084-14/10/2025,
14/10/2025,29949,29949-DDI00065,Ndevor Systems Ltd : Phorest Canada,11010 Accounts Receivable : Trade Debtors,CAD,1.0,153.17,10150 Bank : CIBC Current Account 9066314,Canada,CARDSUCCESS,DDCARD PAYMENT:MESDDD71W51HW19XO2N3C,2.0,,ch_3SI9V5GNUfzD46Hm1owb5Ucx,CPMT: 29949-DDI00065,CPMT: 29949-DDI00065-14/10/2025,
14/10/2025,29105,29105-DDI00105,Ndevor Systems Ltd : Phorest Canada,11010 Accounts Receivable : Trade Debtors,CAD,1.0,394.37,10150 Bank : CIBC Current Account 9066314,Canada,CARDSUCCESS,DDCARD PAYMENT:MESDDD1DDLHU5XA7V852X,2.0,,ch_3SI9V3GNUfzD46Hm1DVO1oYB,CPMT: 29105-DDI00105,CPMT: 29105-DDI00105-14/10/2025,
14/10/2025,28674,28674-DDI00101,Ndevor Systems Ltd : Phorest Canada,11010 Accounts Receivable : Trade Debtors,CAD,1.0,383.04,10150 Bank : CIBC Current Account 9066314,Canada,CARDSUCCESS,DDCARD PAYMENT:MESDDDQ5H8A8594JG916X,2.0,,ch_3SI9V0GNUfzD46Hm1u95ru1e,CPMT: 28674-DDI00101,CPMT: 28674-DDI00101-14/10/2025,
14/10/2025,28627,28627-DDI00084,Ndevor Systems Ltd : Phorest Canada,11010 Accounts Receivable : Trade Debtors,CAD,1.0,389.88,10150 Bank : CIBC Current Account 9066314,Canada,CARDSUCCESS,DDCARD PAYMENT:MESDDDS0N1Y7SV0J0HWEW,2.0,,ch_3SI9UyGNUfzD46Hm08Bo34BI,CPMT: 28627-DDI00084,CPMT: 28627-DDI00084-14/10/2025,
14/10/2025,28600,28600-DDI00069,Ndevor Systems Ltd : Phorest Canada,11010 Accounts Receivable : Trade Debtors,CAD,1.0,397.86,10150 Bank : CIBC Current Account 9066314,Canada,CARDSUCCESS,DDCARD PAYMENT:MESDDDLW3R9W2D8W2RLP3,2.0,,ch_3SI9UwGNUfzD46Hm0nJpu5vG,CPMT: 28600-DDI00069,CPMT: 28600-DDI00069-14/10/2025,
14/10/2025,28552,28552-DDI00083,Ndevor Systems Ltd : Phorest Canada,11010 Accounts Receivable : Trade Debtors,CAD,1.0,389.88,10150 Bank : CIBC Current Account 9066314,Canada,CARDSUCCESS,DDCARD PAYMENT:MESDDDT8DE9TCTE85459O,2.0,,ch_3SI9UtGNUfzD46Hm0XDCQL5p,CPMT: 28552-DDI00083,CPMT: 28552-DDI00083-14/10/2025,
14/10/2025,27918,27918-DDI00090,Ndevor Systems Ltd : Phorest Canada,11010 Accounts Receivable : Trade Debtors,CAD,1.0,210.4,10150 Bank : CIBC Current Account 9066314,Canada,CARDSUCCESS,DDCARD PAYMENT:MESDDDMU65364X3481KE1,2.0,,ch_3SI9UrGNUfzD46Hm1EaTltmT,CPMT: 27918-DDI00090,CPMT: 27918-DDI00090-14/10/2025,
14/10/2025,27782,27782-DDI00070,Ndevor Systems Ltd : Phorest Canada,11010 Accounts Receivable : Trade Debtors,CAD,1.0,127.68,10150 Bank : CIBC Current Account 9066314,Canada,CARDSUCCESS,DDCARD PAYMENT:MESDDDEEV1Y6S2M4R9D9X,2.0,,ch_3SI9UpGNUfzD46Hm0zJVbCDh,CPMT: 27782-DDI00070,CPMT: 27782-DDI00070-14/10/2025,
14/10/2025,27638,27638-DDI00110,Ndevor Systems Ltd : Phorest Canada,11010 Accounts Receivable : Trade Debtors,CAD,1.0,359.1,10150 Bank : CIBC Current Account 9066314,Canada,CARDSUCCESS,DDCARD PAYMENT:MESDDD298HKV26ARPFK0H,2.0,,ch_3SI9UmGNUfzD46Hm1l6TFCqB,CPMT: 27638-DDI00110,CPMT: 27638-DDI00110-14/10/2025,
14/10/2025,27236,27236-DDI00073,Ndevor Systems Ltd : Phorest Canada,11010 Accounts Receivable : Trade Debtors,CAD,1.0,586.47,10150 Bank : CIBC Current Account 9066314,Canada,CARDSUCCESS,DDCARD PAYMENT:MESDDDF1QKYJOAL72SHEG,2.0,,ch_3SI9UkGNUfzD46Hm0J2Fso5X,CPMT: 27236-DDI00073,CPMT: 27236-DDI00073-14/10/2025,
14/10/2025,32936,32936-DDI00095,Ndevor Systems Ltd : Phorest Canada,11010 Accounts Receivable : Trade Debtors,CAD,1.0,498.33,10150 Bank : CIBC Current Account 9066314,Canada,CARDSUCCESS,DDCARD PAYMENT:MESDDD11QMG873H50XD38,2.0,,ch_3SI9VpGNUfzD46Hm0NvDfGuL,CPMT: 32936-DDI00095,CPMT: 32936-DDI00095-14/10/2025,
14/10/2025,26313,26313-DDI00113,Ndevor Systems Ltd : Phorest Canada,11010 Accounts Receivable : Trade Debtors,CAD,1.0,553.35,10150 Bank : CIBC Current Account 9066314,Canada,CARDSUCCESS,DDCARD PAYMENT:MESDDDCS0WQ51987T48XI,2.0,,ch_3SI9UiGNUfzD46Hm0xoXpl7R,CPMT: 26313-DDI00113,CPMT: 26313-DDI00113-14/10/2025,
14/10/2025,32972,32972-DDI00062,Ndevor Systems Ltd : Phorest Canada,11010 Accounts Receivable : Trade Debtors,CAD,1.0,341.63,10150 Bank : CIBC Current Account 9066314,Canada,CARDSUCCESS,DDCARD PAYMENT:MESDDDHFL6IM0753V7YU4,2.0,,ch_3SI9VrGNUfzD46Hm00Aosyya,CPMT: 32972-DDI00062,CPMT: 32972-DDI00062-14/10/2025,
14/10/2025,33689,33689-DDI00065,Ndevor Systems Ltd : Phorest Canada,11010 Accounts Receivable : Trade Debtors,CAD,1.0,383.04,10150 Bank : CIBC Current Account 9066314,Canada,CARDSUCCESS,DDCARD PAYMENT:MESDDD1WIQINU1A1I0W47,2.0,,ch_3SI9W1GNUfzD46Hm05jzRRKR,CPMT: 33689-DDI00065,CPMT: 33689-DDI00065-14/10/2025,
14/10/2025,37324,37324-DDI00053,Ndevor Systems Ltd : Phorest Canada,11010 Accounts Receivable : Trade Debtors,CAD,1.0,130.04,10150 Bank : CIBC Current Account 9066314,Canada,CARDSUCCESS,DDCARD PAYMENT:MESDDDFH65ZON80OBTP87,2.0,,ch_3SI9X5GNUfzD46Hm0j7gTAdE,CPMT: 37324-DDI00053,CPMT: 37324-DDI00053-14/10/2025,
14/10/2025,37094,37094-DDI00059,Ndevor Systems Ltd : Phorest Canada,11010 Accounts Receivable : Trade Debtors,CAD,1.0,422.1,10150 Bank : CIBC Current Account 9066314,Canada,CARDSUCCESS,DDCARD PAYMENT:MESDDD06X8WHY0ZX89RLI,2.0,,ch_3SI9X3GNUfzD46Hm1UDYygW6,CPMT: 37094-DDI00059,CPMT: 37094-DDI00059-14/10/2025,
14/10/2025,36967,36967-DDI00057,Ndevor Systems Ltd : Phorest Canada,11010 Accounts Receivable : Trade Debtors,CAD,1.0,386.46,10150 Bank : CIBC Current Account 9066314,Canada,CARDSUCCESS,DDCARD PAYMENT:MESDDDFWVB2S5JTT6QNX3,2.0,,ch_3SI9X1GNUfzD46Hm0YYlLQPL,CPMT: 36967-DDI00057,CPMT: 36967-DDI00057-14/10/2025,
14/10/2025,36791,36791-DDI00059,Ndevor Systems Ltd : Phorest Canada,11010 Accounts Receivable : Trade Debtors,CAD,1.0,386.46,10150 Bank : CIBC Current Account 9066314,Canada,CARDSUCCESS,DDCARD PAYMENT:MESDDDWW9318L58SOPS84,2.0,,ch_3SI9WyGNUfzD46Hm0o73t8AR,CPMT: 36791-DDI00059,CPMT: 36791-DDI00059-14/10/2025,
14/10/2025,36776,36776-DDI00092,Ndevor Systems Ltd : Phorest Canada,11010 Accounts Receivable : Trade Debtors,CAD,1.0,498.33,10150 Bank : CIBC Current Account 9066314,Canada,CARDSUCCESS,DDCARD PAYMENT:MESDDD15I2Q2E19K7H153,2.0,,ch_3SI9WwGNUfzD46Hm0OKjpIUj,CPMT: 36776-DDI00092,CPMT: 36776-DDI00092-14/10/2025,
14/10/2025,36669,36669-DDI00087,Ndevor Systems Ltd : Phorest Canada,11010 Accounts Receivable : Trade Debtors,CAD,1.0,358.31,10150 Bank : CIBC Current Account 9066314,Canada,CARDSUCCESS,DDCARD PAYMENT:MESDDD9P3WXIMN921ZOED,2.0,,ch_3SI9WuGNUfzD46Hm19XBG94o,CPMT: 36669-DDI00087,CPMT: 36669-DDI00087-14/10/2025,
14/10/2025,36584,36584-DDI00054,Ndevor Systems Ltd : Phorest Canada,11010 Accounts Receivable : Trade Debtors,CAD,1.0,241.71,10150 Bank : CIBC Current Account 9066314,Canada,CARDSUCCESS,DDCARD PAYMENT:MESDDD2Q4IN1T4U263Q92,2.0,,ch_3SI9WrGNUfzD46Hm1vouYj9s,CPMT: 36584-DDI00054,CPMT: 36584-DDI00054-14/10/2025,
14/10/2025,36256,36256-DDI00053,Ndevor Systems Ltd : Phorest Canada,11010 Accounts Receivable : Trade Debtors,CAD,1.0,422.1,10150 Bank : CIBC Current Account 9066314,Canada,CARDSUCCESS,DDCARD PAYMENT:MESDDDAIO793QST7Z3043,2.0,,ch_3SI9WpGNUfzD46Hm0P5qvO22,CPMT: 36256-DDI00053,CPMT: 36256-DDI00053-14/10/2025,
14/10/2025,35942,35942-DDI00057,Ndevor Systems Ltd : Phorest Canada,11010 Accounts Receivable : Trade Debtors,CAD,1.0,166.32,10150 Bank : CIBC Current Account 9066314,Canada,CARDSUCCESS,DDCARD PAYMENT:MESDDDJMWXNSYDT200OGW,2.0,,ch_3SI9WnGNUfzD46Hm0XuXSUWx,CPMT: 35942-DDI00057,CPMT: 35942-DDI00057-14/10/2025,
14/10/2025,35607,35607-DDI00089,Ndevor Systems Ltd : Phorest Canada,11010 Accounts Receivable : Trade Debtors,CAD,1.0,259.31,10150 Bank : CIBC Current Account 9066314,Canada,CARDSUCCESS,DDCARD PAYMENT:MESDDD2HU4PN6O08WDWQ1,2.0,,ch_3SI9WiGNUfzD46Hm0iPklFH5,CPMT: 35607-DDI00089,CPMT: 35607-DDI00089-14/10/2025,
14/10/2025,49289,49289-DDI00030,Ndevor Systems Ltd : Phorest Canada,11010 Accounts Receivable : Trade Debtors,CAD,1.0,118.34,10150 Bank : CIBC Current Account 9066314,Canada,CARDSUCCESS,DDCARD PAYMENT:MESDDDYOTF61MKZB19PP3,2.0,,ch_3SI9cEGNUfzD46Hm0wUnaJng,CPMT: 49289-DDI00030,CPMT: 49289-DDI00030-14/10/2025,
14/10/2025,34871,34871-DDI00091,Ndevor Systems Ltd : Phorest Canada,11010 Accounts Receivable : Trade Debtors,CAD,1.0,11.58,10150 Bank : CIBC Current Account 9066314,Canada,CARDSUCCESS,DDCARD PAYMENT:MESDDD3E6AN80J94WBVYT,2.0,,ch_3SI9WdGNUfzD46Hm0QhvyvWl,CPMT: 34871-DDI00091,CPMT: 34871-DDI00091-14/10/2025,
14/10/2025,34768,34768-DDI00095,Ndevor Systems Ltd : Phorest Canada,11010 Accounts Receivable : Trade Debtors,CAD,1.0,394.37,10150 Bank : CIBC Current Account 9066314,Canada,CARDSUCCESS,DDCARD PAYMENT:MESDDDXG4J60RVYPD9AYC,2.0,,ch_3SI9WYGNUfzD46Hm1XiftLju,CPMT: 34768-DDI00095,CPMT: 34768-DDI00095-14/10/2025,
14/10/2025,34666,34666-DDI00067,Ndevor Systems Ltd : Phorest Canada,11010 Accounts Receivable : Trade Debtors,CAD,1.0,172.94,10150 Bank : CIBC Current Account 9066314,Canada,CARDSUCCESS,DDCARD PAYMENT:MESDDDE306982P4T577R9,2.0,,ch_3SI9WWGNUfzD46Hm07Ugp7Lb,CPMT: 34666-DDI00067,CPMT: 34666-DDI00067-14/10/2025,
14/10/2025,34562,34562-DDI00058,Ndevor Systems Ltd : Phorest Canada,11010 Accounts Receivable : Trade Debtors,CAD,1.0,128.82,10150 Bank : CIBC Current Account 9066314,Canada,CARDSUCCESS,DDCARD PAYMENT:MESDDD12V3S3WK2541275,2.0,,ch_3SI9WUGNUfzD46Hm1yWnzN0r,CPMT: 34562-DDI00058,CPMT: 34562-DDI00058-14/10/2025,
14/10/2025,34546,34546-DDI00058,Ndevor Systems Ltd : Phorest Canada,11010 Accounts Receivable : Trade Debtors,CAD,1.0,359.1,10150 Bank : CIBC Current Account 9066314,Canada,CARDSUCCESS,DDCARD PAYMENT:MESDDD438C735ZHAR06BO,2.0,,ch_3SI9WRGNUfzD46Hm1fanqnlw,CPMT: 34546-DDI00058,CPMT: 34546-DDI00058-14/10/2025,
14/10/2025,34390,34390-DDI00059,Ndevor Systems Ltd : Phorest Canada,11010 Accounts Receivable : Trade Debtors,CAD,1.0,148.18,10150 Bank : CIBC Current Account 9066314,Canada,CARDSUCCESS,DDCARD PAYMENT:MESDDD02VXBZ1AI474VVI,2.0,,ch_3SI9WPGNUfzD46Hm0wWomVEi,CPMT: 34390-DDI00059,CPMT: 34390-DDI00059-14/10/2025,
14/10/2025,34245,34245-DDI00090,Ndevor Systems Ltd : Phorest Canada,11010 Accounts Receivable : Trade Debtors,CAD,1.0,445.76,10150 Bank : CIBC Current Account 9066314,Canada,CARDSUCCESS,DDCARD PAYMENT:MESDDD83F90WP2VO7FTLU,2.0,,ch_3SI9WNGNUfzD46Hm05ojchC8,CPMT: 34245-DDI00090,CPMT: 34245-DDI00090-14/10/2025,
14/10/2025,34163,34163-DDI00070,Ndevor Systems Ltd : Phorest Canada,11010 Accounts Receivable : Trade Debtors,CAD,1.0,282.6,10150 Bank : CIBC Current Account 9066314,Canada,CARDSUCCESS,DDCARD PAYMENT:MESDDD46760EQF92677K6,2.0,,ch_3SI9WKGNUfzD46Hm1kHrugjR,CPMT: 34163-DDI00070,CPMT: 34163-DDI00070-14/10/2025,
14/10/2025,33807,33807-DDI00056,Ndevor Systems Ltd : Phorest Canada,11010 Accounts Receivable : Trade Debtors,CAD,1.0,124.75,10150 Bank : CIBC Current Account 9066314,Canada,CARDSUCCESS,DDCARD PAYMENT:MESDDDOO54E40W26N3592,2.0,,ch_3SI9WIGNUfzD46Hm1QHvXvgw,CPMT: 33807-DDI00056,CPMT: 33807-DDI00056-14/10/2025,
14/10/2025,33791,33791-DDI00062,Ndevor Systems Ltd : Phorest Canada,11010 Accounts Receivable : Trade Debtors,CAD,1.0,383.04,10150 Bank : CIBC Current Account 9066314,Canada,CARDSUCCESS,DDCARD PAYMENT:MESDDD5YDCDC575J5NQ9V,2.0,,ch_3SI9WDGNUfzD46Hm0A0IIa9s,CPMT: 33791-DDI00062,CPMT: 33791-DDI00062-14/10/2025,
14/10/2025,33783,33783-DDI00060,Ndevor Systems Ltd : Phorest Canada,11010 Accounts Receivable : Trade Debtors,CAD,1.0,268.8,10150 Bank : CIBC Current Account 9066314,Canada,CARDSUCCESS,DDCARD PAYMENT:MESDDD7FKD4K268REQDJ8,2.0,,ch_3SI9WBGNUfzD46Hm1RKf6jPN,CPMT: 33783-DDI00060,CPMT: 33783-DDI00060-14/10/2025,
14/10/2025,33759,33759-DDI00089,Ndevor Systems Ltd : Phorest Canada,11010 Accounts Receivable : Trade Debtors,CAD,1.0,345.45,10150 Bank : CIBC Current Account 9066314,Canada,CARDSUCCESS,DDCARD PAYMENT:MESDDD419ZKE79WQ74GKL,2.0,,ch_3SI9W8GNUfzD46Hm162Oofy5,CPMT: 33759-DDI00089,CPMT: 33759-DDI00089-14/10/2025,
14/10/2025,33718,33718-DDI00060,Ndevor Systems Ltd : Phorest Canada,11010 Accounts Receivable : Trade Debtors,CAD,1.0,268.53,10150 Bank : CIBC Current Account 9066314,Canada,CARDSUCCESS,DDCARD PAYMENT:MESDDD3FL0020G8IJAC92,2.0,,ch_3SI9W5GNUfzD46Hm1Mib4L9A,CPMT: 33718-DDI00060,CPMT: 33718-DDI00060-14/10/2025,
14/10/2025,33691,33691-DDI00065,Ndevor Systems Ltd : Phorest Canada,11010 Accounts Receivable : Trade Debtors,CAD,1.0,383.04,10150 Bank : CIBC Current Account 9066314,Canada,CARDSUCCESS,DDCARD PAYMENT:MESDDDH1RZYZFI3M10K1Y,2.0,,ch_3SI9W3GNUfzD46Hm1OEdeSbN,CPMT: 33691-DDI00065,CPMT: 33691-DDI00065-14/10/2025,
14/10/2025,33140,33140-DDI00100,Ndevor Systems Ltd : Phorest Canada,11010 Accounts Receivable : Trade Debtors,CAD,1.0,383.04,10150 Bank : CIBC Current Account 9066314,Canada,CARDSUCCESS,DDCARD PAYMENT:MESDDDZO41WT39B779UBU,2.0,,ch_3SI9VyGNUfzD46Hm0vaFrlKN,CPMT: 33140-DDI00100,CPMT: 33140-DDI00100-14/10/2025,
14/10/2025,26157,26157-DDI00074,Ndevor Systems Ltd : Phorest Canada,11010 Accounts Receivable : Trade Debtors,CAD,1.0,29283.95,10150 Bank : CIBC Current Account 9066314,Canada,CARDSUCCESS,DDCARD PAYMENT:MESDDDE0ZSIUKY60RE6YI,2.0,,ch_3SI9UfGNUfzD46Hm0hp0fFUN,CPMT: 26157-DDI00074,CPMT: 26157-DDI00074-14/10/2025,
14/10/2025,25648,25648-DDI00074,Ndevor Systems Ltd : Phorest Canada,11010 Accounts Receivable : Trade Debtors,CAD,1.0,366.45,10150 Bank : CIBC Current Account 9066314,Canada,CARDSUCCESS,DDCARD PAYMENT:MESDDD8C81P59Q7DW3877,2.0,,ch_3SI9UbGNUfzD46Hm0NtPAbQ6,CPMT: 25648-DDI00074,CPMT: 25648-DDI00074-14/10/2025,
14/10/2025,25438,25438-DDI00110,Ndevor Systems Ltd : Phorest Canada,11010 Accounts Receivable : Trade Debtors,CAD,1.0,294.73,10150 Bank : CIBC Current Account 9066314,Canada,CARDSUCCESS,DDCARD PAYMENT:MESDDDV1CLIQ2886H32OD,2.0,,ch_3SI9UYGNUfzD46Hm092A6jHx,CPMT: 25438-DDI00110,CPMT: 25438-DDI00110-14/10/2025,
14/10/2025,19772,19772-DDI00115,Ndevor Systems Ltd : Phorest Canada,11010 Accounts Receivable : Trade Debtors,CAD,1.0,207.52,10150 Bank : CIBC Current Account 9066314,Canada,CARDSUCCESS,DDCARD PAYMENT:MESDDDR8P1QBW6MAHYPXP,2.0,,ch_3SI9TDGNUfzD46Hm0Zy5qDIz,CPMT: 19772-DDI00115,CPMT: 19772-DDI00115-14/10/2025,
14/10/2025,19456,19456-DDI00108,Ndevor Systems Ltd : Phorest Canada,11010 Accounts Receivable : Trade Debtors,CAD,1.0,608.16,10150 Bank : CIBC Current Account 9066314,Canada,CARDSUCCESS,DDCARD PAYMENT:MESDDD1K799X12BQD2OPN,2.0,,ch_3SI9TAGNUfzD46Hm1vCzUa4y,CPMT: 19456-DDI00108,CPMT: 19456-DDI00108-14/10/2025,
14/10/2025,19079,19079-DDI00084,Ndevor Systems Ltd : Phorest Canada,11010 Accounts Receivable : Trade Debtors,CAD,1.0,273.85,10150 Bank : CIBC Current Account 9066314,Canada,CARDSUCCESS,DDCARD PAYMENT:MESDDD12P5C1L1I07EAL2,2.0,,ch_3SI9T5GNUfzD46Hm1GGHRqdz,CPMT: 19079-DDI00084,CPMT: 19079-DDI00084-14/10/2025,
14/10/2025,18777,18777-DDI00093,Ndevor Systems Ltd : Phorest Canada,11010 Accounts Receivable : Trade Debtors,CAD,1.0,758.86,10150 Bank : CIBC Current Account 9066314,Canada,CARDSUCCESS,DDCARD PAYMENT:MESDDD708MZ96K6JAWD54,2.0,,ch_3SI9T3GNUfzD46Hm038v30ai,CPMT: 18777-DDI00093,CPMT: 18777-DDI00093-14/10/2025,
14/10/2025,18016,18016-DDI00090,Ndevor Systems Ltd : Phorest Canada,11010 Accounts Receivable : Trade Debtors,CAD,1.0,445.76,10150 Bank : CIBC Current Account 9066314,Canada,CARDSUCCESS,DDCARD PAYMENT:MESDDD97U25ZJ847N5L6E,2.0,,ch_3SI9T1GNUfzD46Hm0JrX6aTV,CPMT: 18016-DDI00090,CPMT: 18016-DDI00090-14/10/2025,
14/10/2025,17526,17526-DDI00102,Ndevor Systems Ltd : Phorest Canada,11010 Accounts Receivable : Trade Debtors,CAD,1.0,368.48,10150 Bank : CIBC Current Account 9066314,Canada,CARDSUCCESS,DDCARD PAYMENT:MESDDDAGX7V05H3SYB7I3,2.0,,ch_3SI9SyGNUfzD46Hm1sxj1nmz,CPMT: 17526-DDI00102,CPMT: 17526-DDI00102-14/10/2025,
14/10/2025,17051,17051-DDI00101,Ndevor Systems Ltd : Phorest Canada,11010 Accounts Receivable : Trade Debtors,CAD,1.0,383.04,10150 Bank : CIBC Current Account 9066314,Canada,CARDSUCCESS,DDCARD PAYMENT:MESDDD0B1ML64C9SK4T7V,2.0,,ch_3SI9SwGNUfzD46Hm0VA89Uzu,CPMT: 17051-DDI00101,CPMT: 17051-DDI00101-14/10/2025,
14/10/2025,15489,15489-DDI00095,Ndevor Systems Ltd : Phorest Canada,11010 Accounts Receivable : Trade Debtors,CAD,1.0,174.38,10150 Bank : CIBC Current Account 9066314,Canada,CARDSUCCESS,DDCARD PAYMENT:MESDDDIC989R55X262506,2.0,,ch_3SI9SrGNUfzD46Hm1boY7tJY,CPMT: 15489-DDI00095,CPMT: 15489-DDI00095-14/10/2025,
14/10/2025,15440,15440-DDI00099,Ndevor Systems Ltd : Phorest Canada,11010 Accounts Receivable : Trade Debtors,CAD,1.0,247.47,10150 Bank : CIBC Current Account 9066314,Canada,CARDSUCCESS,DDCARD PAYMENT:MESDDDYF2IZ2TY2YP5RM9,2.0,,ch_3SI9SpGNUfzD46Hm0Hlpequ0,CPMT: 15440-DDI00099,CPMT: 15440-DDI00099-14/10/2025,
14/10/2025,10168,10168-DDI00125,Ndevor Systems Ltd : Phorest Canada,11010 Accounts Receivable : Trade Debtors,CAD,1.0,128.82,10150 Bank : CIBC Current Account 9066314,Canada,CARDSUCCESS,DDCARD PAYMENT:MESDDD6XO6ECD0HM92N8R,2.0,,ch_3SI9SmGNUfzD46Hm1xOaQgGK,CPMT: 10168-DDI00125,CPMT: 10168-DDI00125-14/10/2025,
14/10/2025,9828,9828-DDI00172,Ndevor Systems Ltd : Phorest Canada,11010 Accounts Receivable : Trade Debtors,CAD,1.0,409.92,10150 Bank : CIBC Current Account 9066314,Canada,CARDSUCCESS,DDCARD PAYMENT:MESDDDV398Y6IB0SKU4X2,2.0,,ch_3SI9SkGNUfzD46Hm1J6iCOeo,CPMT: 9828-DDI00172,CPMT: 9828-DDI00172-14/10/2025,
14/10/2025,9476,9476-DDI00139,Ndevor Systems Ltd : Phorest Canada,11010 Accounts Receivable : Trade Debtors,CAD,1.0,151.7,10150 Bank : CIBC Current Account 9066314,Canada,CARDSUCCESS,DDCARD PAYMENT:MESDDDBIL8FVEP87T7588,2.0,,ch_3SI9SiGNUfzD46Hm0myybt3v,CPMT: 9476-DDI00139,CPMT: 9476-DDI00139-14/10/2025,
14/10/2025,40741,40741-DDI00047,Ndevor Systems Ltd : Phorest Canada,11010 Accounts Receivable : Trade Debtors,CAD,1.0,232.96,10150 Bank : CIBC Current Account 9066314,Canada,CARDSUCCESS,DDCARD PAYMENT:MESDDDJ25EG92103DWHP4,2.0,,ch_3SI9SfGNUfzD46Hm09K6dTkl,CPMT: 40741-DDI00047,CPMT: 40741-DDI00047-14/10/2025,
14/10/2025,62177,62177-DDI00025,Ndevor Systems Ltd : Phorest Canada,11010 Accounts Receivable : Trade Debtors,CAD,1.0,370.64,10150 Bank : CIBC Current Account 9066314,Canada,CARDSUCCESS,DDCARD PAYMENT:MESDDD8YH0H3TQFK10U59,2.0,,ch_3SI9SaGNUfzD46Hm0DFdcmul,CPMT: 62177-DDI00025,CPMT: 62177-DDI00025-14/10/2025,
14/10/2025,50673,50673-DDI00059,Ndevor Systems Ltd : Phorest Canada,11010 Accounts Receivable : Trade Debtors,CAD,1.0,246.9,10150 Bank : CIBC Current Account 9066314,Canada,CARDSUCCESS,DDCARD PAYMENT:MESDDDC038GJ6685Q9K59,2.0,,ch_3SI9SWGNUfzD46Hm0QZlCs11,CPMT: 50673-DDI00059,CPMT: 50673-DDI00059-14/10/2025,
14/10/2025,31470,31470-DDI00097,Ndevor Systems Ltd : Phorest Canada,11010 Accounts Receivable : Trade Debtors,CAD,1.0,371.77,10150 Bank : CIBC Current Account 9066314,Canada,CARDSUCCESS,DDCARD PAYMENT:MESDDDN4P3IVWRH6NA723,2.0,,ch_3SI9SRGNUfzD46Hm0yuRl9kC,CPMT: 31470-DDI00097,CPMT: 31470-DDI00097-14/10/2025,
14/10/2025,81481,81481-DDI00008,Ndevor Systems Ltd : Phorest Canada,11010 Accounts Receivable : Trade Debtors,CAD,1.0,370.64000000000004,10150 Bank : CIBC Current Account 9066314,Canada,CARDSUCCESS,DDCARD PAYMENT:MESDDDNYE11HCS77FO764,2.0,,ch_3SI9SMGNUfzD46Hm1McgHM7E,CPMT: 81481-DDI00008,CPMT: 81481-DDI00008-14/10/2025,
14/10/2025,45184,45184-DDI00079,Ndevor Systems Ltd : Phorest Canada,11010 Accounts Receivable : Trade Debtors,CAD,1.0,215.19,10150 Bank : CIBC Current Account 9066314,Canada,CARDSUCCESS,DDCARD PAYMENT:MESDDD62ZL9156EN69E2L,2.0,,ch_3SI9SJGNUfzD46Hm1K28DgwQ,CPMT: 45184-DDI00079,CPMT: 45184-DDI00079-14/10/2025,
14/10/2025,87081,87081-DDI00005,Ndevor Systems Ltd : Phorest Canada,11010 Accounts Receivable : Trade Debtors,CAD,1.0,194.88,10150 Bank : CIBC Current Account 9066314,Canada,CARDSUCCESS,DDCARD PAYMENT:MESDDD4B4662K0255M889,2.0,,ch_3SI9myGNUfzD46Hm10GTCO38,CPMT: 87081-DDI00005,CPMT: 87081-DDI00005-14/10/2025,
14/10/2025,87507,87507-DDI00006,Ndevor Systems Ltd : Phorest Canada,11010 Accounts Receivable : Trade Debtors,CAD,1.0,292.67,10150 Bank : CIBC Current Account 9066314,Canada,CARDSUCCESS,DDCARD PAYMENT:MESDDD16SWVUEV606094A,2.0,,ch_3SI9n1GNUfzD46Hm0N5MkwJ4,CPMT: 87507-DDI00006,CPMT: 87507-DDI00006-14/10/2025,
14/10/2025,87867,87867-DDI00007,Ndevor Systems Ltd : Phorest Canada,11010 Accounts Receivable : Trade Debtors,CAD,1.0,148.12,10150 Bank : CIBC Current Account 9066314,Canada,CARDSUCCESS,DDCARD PAYMENT:MESDDD697D32K7I2V283V,2.0,,ch_3SI9n3GNUfzD46Hm0MiweTNg,CPMT: 87867-DDI00007,CPMT: 87867-DDI00007-14/10/2025,
14/10/2025,88018,88018-DDI00006,Ndevor Systems Ltd : Phorest Canada,11010 Accounts Receivable : Trade Debtors,CAD,1.0,561.77,10150 Bank : CIBC Current Account 9066314,Canada,CARDSUCCESS,DDCARD PAYMENT:MESDDDOSDOMQ90U2MBQUJ,2.0,,ch_3SI9n5GNUfzD46Hm0HjGvWRi,CPMT: 88018-DDI00006,CPMT: 88018-DDI00006-14/10/2025,
14/10/2025,88022,88022-DDI00008,Ndevor Systems Ltd : Phorest Canada,11010 Accounts Receivable : Trade Debtors,CAD,1.0,258.77,10150 Bank : CIBC Current Account 9066314,Canada,CARDSUCCESS,DDCARD PAYMENT:MESDDD58JQUBC12C552K1,2.0,,ch_3SI9n8GNUfzD46Hm0vZgBudf,CPMT: 88022-DDI00008,CPMT: 88022-DDI00008-14/10/2025,
14/10/2025,20377,20377-DDI00087,Ndevor Systems Ltd : Phorest Canada,11010 Accounts Receivable : Trade Debtors,CAD,1.0,127.68,10150 Bank : CIBC Current Account 9066314,Canada,CARDSUCCESS,DDCARD PAYMENT:MESDDDZ7J368UZ3U3F2D5,2.0,,ch_3SI9TIGNUfzD46Hm0hHDy7oD,CPMT: 20377-DDI00087,CPMT: 20377-DDI00087-14/10/2025,
14/10/2025,20542,20542-DDI00082,Ndevor Systems Ltd : Phorest Canada,11010 Accounts Receivable : Trade Debtors,CAD,1.0,167.67,10150 Bank : CIBC Current Account 9066314,Canada,CARDSUCCESS,DDCARD PAYMENT:MESDDDTS8639P6L01JI45,2.0,,ch_3SI9TLGNUfzD46Hm0YJAKjTR,CPMT: 20542-DDI00082,CPMT: 20542-DDI00082-14/10/2025,
14/10/2025,20770,20770-DDI00083,Ndevor Systems Ltd : Phorest Canada,11010 Accounts Receivable : Trade Debtors,CAD,1.0,128.82,10150 Bank : CIBC Current Account 9066314,Canada,CARDSUCCESS,DDCARD PAYMENT:MESDDDR8D02U98T4Z1E05,2.0,,ch_3SI9TNGNUfzD46Hm1XGpBfBM,CPMT: 20770-DDI00083,CPMT: 20770-DDI00083-14/10/2025,
14/10/2025,21161,21161-DDI00094,Ndevor Systems Ltd : Phorest Canada,11010 Accounts Receivable : Trade Debtors,CAD,1.0,329.34,10150 Bank : CIBC Current Account 9066314,Canada,CARDSUCCESS,DDCARD PAYMENT:MESDDD2TCVBYCJ6L3O733,2.0,,ch_3SI9TPGNUfzD46Hm1fu5qXXP,CPMT: 21161-DDI00094,CPMT: 21161-DDI00094-14/10/2025,
14/10/2025,24393,24393-DDI00079,Ndevor Systems Ltd : Phorest Canada,11010 Accounts Receivable : Trade Debtors,CAD,1.0,470.4,10150 Bank : CIBC Current Account 9066314,Canada,CARDSUCCESS,DDCARD PAYMENT:MESDDD4M6BG07J0442K6A,2.0,,ch_3SI9UTGNUfzD46Hm1gYCpfZ9,CPMT: 24393-DDI00079,CPMT: 24393-DDI00079-14/10/2025,
14/10/2025,24376,24376-DDI00098,Ndevor Systems Ltd : Phorest Canada,11010 Accounts Receivable : Trade Debtors,CAD,1.0,440.43,10150 Bank : CIBC Current Account 9066314,Canada,CARDSUCCESS,DDCARD PAYMENT:MESDDD599U94F1K568441,2.0,,ch_3SI9URGNUfzD46Hm0WhFWQoF,CPMT: 24376-DDI00098,CPMT: 24376-DDI00098-14/10/2025,
14/10/2025,23994,23994-DDI00093,Ndevor Systems Ltd : Phorest Canada,11010 Accounts Receivable : Trade Debtors,CAD,1.0,506.24,10150 Bank : CIBC Current Account 9066314,Canada,CARDSUCCESS,DDCARD PAYMENT:MESDDD160Z15K210275S0,2.0,,ch_3SI9UPGNUfzD46Hm03ypYiIc,CPMT: 23994-DDI00093,CPMT: 23994-DDI00093-14/10/2025,
14/10/2025,23723,23723-DDI00113,Ndevor Systems Ltd : Phorest Canada,11010 Accounts Receivable : Trade Debtors,CAD,1.0,221.76,10150 Bank : CIBC Current Account 9066314,Canada,CARDSUCCESS,DDCARD PAYMENT:MESDDD4759OVJ1A6434L4,2.0,,ch_3SI9UMGNUfzD46Hm02ih08I8,CPMT: 23723-DDI00113,CPMT: 23723-DDI00113-14/10/2025,
14/10/2025,23629,23629-DDI00080,Ndevor Systems Ltd : Phorest Canada,11010 Accounts Receivable : Trade Debtors,CAD,1.0,237.7,10150 Bank : CIBC Current Account 9066314,Canada,CARDSUCCESS,DDCARD PAYMENT:MESDDDP8A8HT561CDEL8A,2.0,,ch_3SI9UKGNUfzD46Hm0jczwB28,CPMT: 23629-DDI00080,CPMT: 23629-DDI00080-14/10/2025,
14/10/2025,23562,23562-DDI00107,Ndevor Systems Ltd : Phorest Canada,11010 Accounts Receivable : Trade Debtors,CAD,1.0,359.1,10150 Bank : CIBC Current Account 9066314,Canada,CARDSUCCESS,DDCARD PAYMENT:MESDDD11785A5300UHR7Z,2.0,,ch_3SI9UIGNUfzD46Hm0FfGS4yX,CPMT: 23562-DDI00107,CPMT: 23562-DDI00107-14/10/2025,
14/10/2025,23255,23255-DDI00080,Ndevor Systems Ltd : Phorest Canada,11010 Accounts Receivable : Trade Debtors,CAD,1.0,240.45,10150 Bank : CIBC Current Account 9066314,Canada,CARDSUCCESS,DDCARD PAYMENT:MESDDD662697KMD0FG373,2.0,,ch_3SI9UGGNUfzD46Hm1rgsO07n,CPMT: 23255-DDI00080,CPMT: 23255-DDI00080-14/10/2025,
14/10/2025,23090,23090-DDI00082,Ndevor Systems Ltd : Phorest Canada,11010 Accounts Receivable : Trade Debtors,CAD,1.0,386.46,10150 Bank : CIBC Current Account 9066314,Canada,CARDSUCCESS,DDCARD PAYMENT:MESDDD26K0RYSOPD7R30W,2.0,,ch_3SI9UCGNUfzD46Hm0uCj6ESA,CPMT: 23090-DDI00082,CPMT: 23090-DDI00082-14/10/2025,
14/10/2025,23069,23069-DDI00096,Ndevor Systems Ltd : Phorest Canada,11010 Accounts Receivable : Trade Debtors,CAD,1.0,379.62,10150 Bank : CIBC Current Account 9066314,Canada,CARDSUCCESS,DDCARD PAYMENT:MESDDDXV9Q34F77G24986,2.0,,ch_3SI9UAGNUfzD46Hm0wTOpIlP,CPMT: 23069-DDI00096,CPMT: 23069-DDI00096-14/10/2025,
14/10/2025,22636,22636-DDI00090,Ndevor Systems Ltd : Phorest Canada,11010 Accounts Receivable : Trade Debtors,CAD,1.0,367.72,10150 Bank : CIBC Current Account 9066314,Canada,CARDSUCCESS,DDCARD PAYMENT:MESDDDHRG367553643E70,2.0,,ch_3SI9U8GNUfzD46Hm0x5eiFPT,CPMT: 22636-DDI00090,CPMT: 22636-DDI00090-14/10/2025,
14/10/2025,14986,14986-DDI00094,Ndevor Systems Ltd : Phorest Canada,11010 Accounts Receivable : Trade Debtors,CAD,1.0,383.04,10150 Bank : CIBC Current Account 9066314,Canada,CARDSUCCESS,DDCARD PAYMENT:MESDDD3M32T51G1OPQE56,2.0,,ch_3SI9U3GNUfzD46Hm1Hu1rHU0,CPMT: 14986-DDI00094,CPMT: 14986-DDI00094-14/10/2025,
14/10/2025,14689,14689-DDI00102,Ndevor Systems Ltd : Phorest Canada,11010 Accounts Receivable : Trade Debtors,CAD,1.0,311.85,10150 Bank : CIBC Current Account 9066314,Canada,CARDSUCCESS,DDCARD PAYMENT:MESDDDA9O3X10OVA26I9P,2.0,,ch_3SI9U0GNUfzD46Hm0s0Uljm2,CPMT: 14689-DDI00102,CPMT: 14689-DDI00102-14/10/2025,
14/10/2025,37644,37644-DDI00071,Ndevor Systems Ltd : Phorest Canada,11010 Accounts Receivable : Trade Debtors,CAD,1.0,358.21,10150 Bank : CIBC Current Account 9066314,Canada,CARDSUCCESS,DDCARD PAYMENT:MESDDDZV1619HFR4V8FD7,2.0,,ch_3SI9X9GNUfzD46Hm0exxCh0l,CPMT: 37644-DDI00071,CPMT: 37644-DDI00071-14/10/2025,
14/10/2025,12531,12531-DDI00101,Ndevor Systems Ltd : Phorest Canada,11010 Accounts Receivable : Trade Debtors,CAD,1.0,262.42,10150 Bank : CIBC Current Account 9066314,Canada,CARDSUCCESS,DDCARD PAYMENT:MESDDDR379RY3J93JTF2R,2.0,,ch_3SI9TyGNUfzD46Hm1T5ySxid,CPMT: 12531-DDI00101,CPMT: 12531-DDI00101-14/10/2025,
14/10/2025,11655,11655-DDI00144,Ndevor Systems Ltd : Phorest Canada,11010 Accounts Receivable : Trade Debtors,CAD,1.0,370.64,10150 Bank : CIBC Current Account 9066314,Canada,CARDSUCCESS,DDCARD PAYMENT:MESDDDE55367G24W22ZVG,2.0,,ch_3SI9TtGNUfzD46Hm0aaVJTC0,CPMT: 11655-DDI00144,CPMT: 11655-DDI00144-14/10/2025,
14/10/2025,11628,11628-DDI00114,Ndevor Systems Ltd : Phorest Canada,11010 Accounts Receivable : Trade Debtors,CAD,1.0,463.05,10150 Bank : CIBC Current Account 9066314,Canada,CARDSUCCESS,DDCARD PAYMENT:MESDDDU7271HC2Y7FR84Q,2.0,,ch_3SI9TrGNUfzD46Hm1UfzNKGr,CPMT: 11628-DDI00114,CPMT: 11628-DDI00114-14/10/2025,
14/10/2025,11510,11510-DDI00133,Ndevor Systems Ltd : Phorest Canada,11010 Accounts Receivable : Trade Debtors,CAD,1.0,144.89,10150 Bank : CIBC Current Account 9066314,Canada,CARDSUCCESS,DDCARD PAYMENT:MESDDDEVI46583A623PP4,2.0,,ch_3SI9TpGNUfzD46Hm1O6ZeZ85,CPMT: 11510-DDI00133,CPMT: 11510-DDI00133-14/10/2025,
14/10/2025,11495,11495-DDI00110,Ndevor Systems Ltd : Phorest Canada,11010 Accounts Receivable : Trade Debtors,CAD,1.0,179.55,10150 Bank : CIBC Current Account 9066314,Canada,CARDSUCCESS,DDCARD PAYMENT:MESDDDD985XNQX5RG36F9,2.0,,ch_3SI9TnGNUfzD46Hm0xy8hdJx,CPMT: 11495-DDI00110,CPMT: 11495-DDI00110-14/10/2025,
14/10/2025,11494,11494-DDI00110,Ndevor Systems Ltd : Phorest Canada,11010 Accounts Receivable : Trade Debtors,CAD,1.0,208.47,10150 Bank : CIBC Current Account 9066314,Canada,CARDSUCCESS,DDCARD PAYMENT:MESDDDTKE1387856AX82O,2.0,,ch_3SI9TkGNUfzD46Hm1Oic92Bo,CPMT: 11494-DDI00110,CPMT: 11494-DDI00110-14/10/2025,
14/10/2025,11490,11490-DDI00111,Ndevor Systems Ltd : Phorest Canada,11010 Accounts Receivable : Trade Debtors,CAD,1.0,213.0,10150 Bank : CIBC Current Account 9066314,Canada,CARDSUCCESS,DDCARD PAYMENT:MESDDD7913AW73F488XV1,2.0,,ch_3SI9TiGNUfzD46Hm07Y077r7,CPMT: 11490-DDI00111,CPMT: 11490-DDI00111-14/10/2025,
14/10/2025,11173,11173-DDI00113,Ndevor Systems Ltd : Phorest Canada,11010 Accounts Receivable : Trade Debtors,CAD,1.0,131.07,10150 Bank : CIBC Current Account 9066314,Canada,CARDSUCCESS,DDCARD PAYMENT:MESDDD7D637XB2G93X23P,2.0,,ch_3SI9TgGNUfzD46Hm0AxSP2qi,CPMT: 11173-DDI00113,CPMT: 11173-DDI00113-14/10/2025,
14/10/2025,10491,10491-DDI00128,Ndevor Systems Ltd : Phorest Canada,11010 Accounts Receivable : Trade Debtors,CAD,1.0,266.7,10150 Bank : CIBC Current Account 9066314,Canada,CARDSUCCESS,DDCARD PAYMENT:MESDDD3I787P59ZC64ZOV,2.0,,ch_3SI9TdGNUfzD46Hm1SrWzlVB,CPMT: 10491-DDI00128,CPMT: 10491-DDI00128-14/10/2025,
14/10/2025,10375,10375-DDI00121,Ndevor Systems Ltd : Phorest Canada,11010 Accounts Receivable : Trade Debtors,CAD,1.0,172.08,10150 Bank : CIBC Current Account 9066314,Canada,CARDSUCCESS,DDCARD PAYMENT:MESDDD3R534R6YT05X37R,2.0,,ch_3SI9TYGNUfzD46Hm1whJkJCF,CPMT: 10375-DDI00121,CPMT: 10375-DDI00121-14/10/2025,
14/10/2025,10337,10337-DDI00123,Ndevor Systems Ltd : Phorest Canada,11010 Accounts Receivable : Trade Debtors,CAD,1.0,83.62,10150 Bank : CIBC Current Account 9066314,Canada,CARDSUCCESS,DDCARD PAYMENT:MESDDDJT2DM82N9VIEHLJ,2.0,,ch_3SI9TWGNUfzD46Hm06eUsK0m,CPMT: 10337-DDI00123,CPMT: 10337-DDI00123-14/10/2025,
14/10/2025,21988,21988-DDI00083,Ndevor Systems Ltd : Phorest Canada,11010 Accounts Receivable : Trade Debtors,CAD,1.0,359.1,10150 Bank : CIBC Current Account 9066314,Canada,CARDSUCCESS,DDCARD PAYMENT:MESDDDNQ7D7KO20DTJ1PU,2.0,,ch_3SI9TUGNUfzD46Hm1WOgfYo2,CPMT: 21988-DDI00083,CPMT: 21988-DDI00083-14/10/2025,
14/10/2025,21501,21501-DDI00084,Ndevor Systems Ltd : Phorest Canada,11010 Accounts Receivable : Trade Debtors,CAD,1.0,332.64,10150 Bank : CIBC Current Account 9066314,Canada,CARDSUCCESS,DDCARD PAYMENT:MESDDD09N7J5QY61QFUP4,2.0,,ch_3SI9TRGNUfzD46Hm1wxPkSgk,CPMT: 21501-DDI00084,CPMT: 21501-DDI00084-14/10/2025,
14/10/2025,11869,11869-DDI00135,Ndevor Systems Ltd : Phorest Canada,11010 Accounts Receivable : Trade Debtors,CAD,1.0,173.23,10150 Bank : CIBC Current Account 9066314,Canada,CARDSUCCESS,DDCARD PAYMENT:MESDDDQY2A796DTFT3Y40,2.0,,ch_3SI9TwGNUfzD46Hm1kbAQ7Xt,CPMT: 11869-DDI00135,CPMT: 11869-DDI00135-14/10/2025,
14/10/2025,37738,37738-DDI00080,Ndevor Systems Ltd : Phorest Canada,11010 Accounts Receivable : Trade Debtors,CAD,1.0,502.74,10150 Bank : CIBC Current Account 9066314,Canada,CARDSUCCESS,DDCARD PAYMENT:MESDDDEYP2G4FRUP78BT6,2.0,,ch_3SI9XBGNUfzD46Hm0GUCA65g,CPMT: 37738-DDI00080,CPMT: 37738-DDI00080-14/10/2025,
14/10/2025,35090,35090-DDI00084,Ndevor Systems Ltd : Phorest Canada,11010 Accounts Receivable : Trade Debtors,CAD,1.0,359.1,10150 Bank : CIBC Current Account 9066314,Canada,CARDSUCCESS,DDCARD PAYMENT:MESDDD1U473RBO80W3HM0,2.0,,ch_3SI9WfGNUfzD46Hm0urdv2O0,CPMT: 35090-DDI00084,CPMT: 35090-DDI00084-14/10/2025,
14/10/2025,38062,38062-DDI00083,Ndevor Systems Ltd : Phorest Canada,11010 Accounts Receivable : Trade Debtors,CAD,1.0,309.58,10150 Bank : CIBC Current Account 9066314,Canada,CARDSUCCESS,DDCARD PAYMENT:MESDDD0H820O3ZH72TY1J,2.0,,ch_3SI9XGGNUfzD46Hm0kGPcJei,CPMT: 38062-DDI00083,CPMT: 38062-DDI00083-14/10/2025,
14/10/2025,46340,46340-DDI00056,Ndevor Systems Ltd : Phorest Canada,11010 Accounts Receivable : Trade Debtors,CAD,1.0,435.68,10150 Bank : CIBC Current Account 9066314,Canada,CARDSUCCESS,DDCARD PAYMENT:MESDDDG93ZYE2KU9L9OQ8,2.0,,ch_3SI9anGNUfzD46Hm0khzhnIj,CPMT: 46340-DDI00056,CPMT: 46340-DDI00056-14/10/2025,
14/10/2025,46298,46298-DDI00072,Ndevor Systems Ltd : Phorest Canada,11010 Accounts Receivable : Trade Debtors,CAD,1.0,390.88,10150 Bank : CIBC Current Account 9066314,Canada,CARDSUCCESS,DDCARD PAYMENT:MESDDDR48MY410X9W5R8V,2.0,,ch_3SI9alGNUfzD46Hm0TzHLWCX,CPMT: 46298-DDI00072,CPMT: 46298-DDI00072-14/10/2025,
14/10/2025,46019,46019-DDI00038,Ndevor Systems Ltd : Phorest Canada,11010 Accounts Receivable : Trade Debtors,CAD,1.0,117.52,10150 Bank : CIBC Current Account 9066314,Canada,CARDSUCCESS,DDCARD PAYMENT:MESDDDQR4ME85Z5634TP3,2.0,,ch_3SI9agGNUfzD46Hm06JJd2Rw,CPMT: 46019-DDI00038,CPMT: 46019-DDI00038-14/10/2025,
14/10/2025,45962,45962-DDI00039,Ndevor Systems Ltd : Phorest Canada,11010 Accounts Receivable : Trade Debtors,CAD,1.0,121.86,10150 Bank : CIBC Current Account 9066314,Canada,CARDSUCCESS,DDCARD PAYMENT:MESDDD1UF6B16BUU43Y71,2.0,,ch_3SI9aeGNUfzD46Hm19aPnM3h,CPMT: 45962-DDI00039,CPMT: 45962-DDI00039-14/10/2025,
14/10/2025,45961,45961-DDI00073,Ndevor Systems Ltd : Phorest Canada,11010 Accounts Receivable : Trade Debtors,CAD,1.0,333.35,10150 Bank : CIBC Current Account 9066314,Canada,CARDSUCCESS,DDCARD PAYMENT:MESDDD8N6GYDC807ZWM7Q,2.0,,ch_3SI9abGNUfzD46Hm0cv4QS9o,CPMT: 45961-DDI00073,CPMT: 45961-DDI00073-14/10/2025,
14/10/2025,45813,45813-DDI00040,Ndevor Systems Ltd : Phorest Canada,11010 Accounts Receivable : Trade Debtors,CAD,1.0,325.5,10150 Bank : CIBC Current Account 9066314,Canada,CARDSUCCESS,DDCARD PAYMENT:MESDDDA58BE1CZ29PMDL2,2.0,,ch_3SI9aZGNUfzD46Hm0gKm11jC,CPMT: 45813-DDI00040,CPMT: 45813-DDI00040-14/10/2025,
14/10/2025,45678,45678-DDI00074,Ndevor Systems Ltd : Phorest Canada,11010 Accounts Receivable : Trade Debtors,CAD,1.0,336.3,10150 Bank : CIBC Current Account 9066314,Canada,CARDSUCCESS,DDCARD PAYMENT:MESDDD50SMC5F302S644A,2.0,,ch_3SI9aUGNUfzD46Hm1wXnh498,CPMT: 45678-DDI00074,CPMT: 45678-DDI00074-14/10/2025,
14/10/2025,45674,45674-DDI00040,Ndevor Systems Ltd : Phorest Canada,11010 Accounts Receivable : Trade Debtors,CAD,1.0,901.6,10150 Bank : CIBC Current Account 9066314,Canada,CARDSUCCESS,DDCARD PAYMENT:MESDDDRRP59YBM01W4DOX,2.0,,ch_3SI9aSGNUfzD46Hm1jNCdqJU,CPMT: 45674-DDI00040,CPMT: 45674-DDI00040-14/10/2025,
14/10/2025,45627,45627-DDI00039,Ndevor Systems Ltd : Phorest Canada,11010 Accounts Receivable : Trade Debtors,CAD,1.0,146.72,10150 Bank : CIBC Current Account 9066314,Canada,CARDSUCCESS,DDCARD PAYMENT:MESDDD40P1Y3708210PVM,2.0,,ch_3SI9aQGNUfzD46Hm11UpAmwC,CPMT: 45627-DDI00039,CPMT: 45627-DDI00039-14/10/2025,
14/10/2025,45626,45626-DDI00039,Ndevor Systems Ltd : Phorest Canada,11010 Accounts Receivable : Trade Debtors,CAD,1.0,349.48,10150 Bank : CIBC Current Account 9066314,Canada,CARDSUCCESS,DDCARD PAYMENT:MESDDDBAYK0B4L1W55MPX,2.0,,ch_3SI9aOGNUfzD46Hm0xVfz8xB,CPMT: 45626-DDI00039,CPMT: 45626-DDI00039-14/10/2025,
14/10/2025,45625,45625-DDI00039,Ndevor Systems Ltd : Phorest Canada,11010 Accounts Receivable : Trade Debtors,CAD,1.0,347.2,10150 Bank : CIBC Current Account 9066314,Canada,CARDSUCCESS,DDCARD PAYMENT:MESDDDB71BG0T44Y84NZ5,2.0,,ch_3SI9aMGNUfzD46Hm1y4Fxu77,CPMT: 45625-DDI00039,CPMT: 45625-DDI00039-14/10/2025,
14/10/2025,45624,45624-DDI00043,Ndevor Systems Ltd : Phorest Canada,11010 Accounts Receivable : Trade Debtors,CAD,1.0,347.2,10150 Bank : CIBC Current Account 9066314,Canada,CARDSUCCESS,DDCARD PAYMENT:MESDDD3HI0NDT3PCCB359,2.0,,ch_3SI9aKGNUfzD46Hm1GG63aFl,CPMT: 45624-DDI00043,CPMT: 45624-DDI00043-14/10/2025,
14/10/2025,45541,45541-DDI00038,Ndevor Systems Ltd : Phorest Canada,11010 Accounts Receivable : Trade Debtors,CAD,1.0,126.26,10150 Bank : CIBC Current Account 9066314,Canada,CARDSUCCESS,DDCARD PAYMENT:MESDDDE7C5M4B6XLA9OO3,2.0,,ch_3SI9aHGNUfzD46Hm0PxKOGRC,CPMT: 45541-DDI00038,CPMT: 45541-DDI00038-14/10/2025,
14/10/2025,45402,45402-DDI00072,Ndevor Systems Ltd : Phorest Canada,11010 Accounts Receivable : Trade Debtors,CAD,1.0,116.48,10150 Bank : CIBC Current Account 9066314,Canada,CARDSUCCESS,DDCARD PAYMENT:MESDDD0112PQ23CH8P331,2.0,,ch_3SI9aFGNUfzD46Hm0Jr4fHbz,CPMT: 45402-DDI00072,CPMT: 45402-DDI00072-14/10/2025,
14/10/2025,38033,38033-DDI00089,Ndevor Systems Ltd : Phorest Canada,11010 Accounts Receivable : Trade Debtors,CAD,1.0,350.3,10150 Bank : CIBC Current Account 9066314,Canada,CARDSUCCESS,DDCARD PAYMENT:MESDDDP9WZTSZ5Z6S86SQ,2.0,,ch_3SI9XDGNUfzD46Hm1NHdoCPb,CPMT: 38033-DDI00089,CPMT: 38033-DDI00089-14/10/2025,
14/10/2025,45318,45318-DDI00039,Ndevor Systems Ltd : Phorest Canada,11010 Accounts Receivable : Trade Debtors,CAD,1.0,229.39,10150 Bank : CIBC Current Account 9066314,Canada,CARDSUCCESS,DDCARD PAYMENT:MESDDD7807A3MDSD3CWR8,2.0,,ch_3SI9aAGNUfzD46Hm0YZgBjVe,CPMT: 45318-DDI00039,CPMT: 45318-DDI00039-14/10/2025,
14/10/2025,44925,44925-DDI00033,Ndevor Systems Ltd : Phorest Canada,11010 Accounts Receivable : Trade Debtors,CAD,1.0,117.52,10150 Bank : CIBC Current Account 9066314,Canada,CARDSUCCESS,DDCARD PAYMENT:MESDDD0QEN6KK465RSW4Q,2.0,,ch_3SI9a6GNUfzD46Hm0giGU9yv,CPMT: 44925-DDI00033,CPMT: 44925-DDI00033-14/10/2025,
14/10/2025,44636,44636-DDI00069,Ndevor Systems Ltd : Phorest Canada,11010 Accounts Receivable : Trade Debtors,CAD,1.0,240.69,10150 Bank : CIBC Current Account 9066314,Canada,CARDSUCCESS,DDCARD PAYMENT:MESDDD04B6FH9T548879E,2.0,,ch_3SI9a3GNUfzD46Hm1FP8MRjA,CPMT: 44636-DDI00069,CPMT: 44636-DDI00069-14/10/2025,
14/10/2025,44344,44344-DDI00076,Ndevor Systems Ltd : Phorest Canada,11010 Accounts Receivable : Trade Debtors,CAD,1.0,376.97,10150 Bank : CIBC Current Account 9066314,Canada,CARDSUCCESS,DDCARD PAYMENT:MESDDD1VM7824L7LM1SHX,2.0,,ch_3SI9a0GNUfzD46Hm0Nk9TCIN,CPMT: 44344-DDI00076,CPMT: 44344-DDI00076-14/10/2025,
14/10/2025,44241,44241-DDI00041,Ndevor Systems Ltd : Phorest Canada,11010 Accounts Receivable : Trade Debtors,CAD,1.0,386.46,10150 Bank : CIBC Current Account 9066314,Canada,CARDSUCCESS,DDCARD PAYMENT:MESDDDS05E9J7VPNMBMO3,2.0,,ch_3SI9ZvGNUfzD46Hm0VnWedvz,CPMT: 44241-DDI00041,CPMT: 44241-DDI00041-14/10/2025,
14/10/2025,44082,44082-DDI00059,Ndevor Systems Ltd : Phorest Canada,11010 Accounts Receivable : Trade Debtors,CAD,1.0,140.63,10150 Bank : CIBC Current Account 9066314,Canada,CARDSUCCESS,DDCARD PAYMENT:MESDDDW4D49N22R49YZ16,2.0,,ch_3SI9ZtGNUfzD46Hm1BeYgoBB,CPMT: 44082-DDI00059,CPMT: 44082-DDI00059-14/10/2025,
14/10/2025,43991,43991-DDI00041,Ndevor Systems Ltd : Phorest Canada,11010 Accounts Receivable : Trade Debtors,CAD,1.0,141.51,10150 Bank : CIBC Current Account 9066314,Canada,CARDSUCCESS,DDCARD PAYMENT:MESDDDJ9ZP4GVJI0WHR88,2.0,,ch_3SI9ZqGNUfzD46Hm1mzsTrHM,CPMT: 43991-DDI00041,CPMT: 43991-DDI00041-14/10/2025,
14/10/2025,43865,43865-DDI00063,Ndevor Systems Ltd : Phorest Canada,11010 Accounts Receivable : Trade Debtors,CAD,1.0,445.22,10150 Bank : CIBC Current Account 9066314,Canada,CARDSUCCESS,DDCARD PAYMENT:MESDDD6710N54VOIN14A8,2.0,,ch_3SI9ZoGNUfzD46Hm1LvMOIas,CPMT: 43865-DDI00063,CPMT: 43865-DDI00063-14/10/2025,
14/10/2025,43861,43861-DDI00049,Ndevor Systems Ltd : Phorest Canada,11010 Accounts Receivable : Trade Debtors,CAD,1.0,401.35,10150 Bank : CIBC Current Account 9066314,Canada,CARDSUCCESS,DDCARD PAYMENT:MESDDDLZ5ZJB72539PTU4,2.0,,ch_3SI9ZmGNUfzD46Hm1FUWdTeb,CPMT: 43861-DDI00049,CPMT: 43861-DDI00049-14/10/2025,
14/10/2025,43833,43833-DDI00074,Ndevor Systems Ltd : Phorest Canada,11010 Accounts Receivable : Trade Debtors,CAD,1.0,166.71,10150 Bank : CIBC Current Account 9066314,Canada,CARDSUCCESS,DDCARD PAYMENT:MESDDD4CUVDUXF01134F0,2.0,,ch_3SI9ZkGNUfzD46Hm1UeNk5j6,CPMT: 43833-DDI00074,CPMT: 43833-DDI00074-14/10/2025,
14/10/2025,46367,46367-DDI00036,Ndevor Systems Ltd : Phorest Canada,11010 Accounts Receivable : Trade Debtors,CAD,1.0,109.2,10150 Bank : CIBC Current Account 9066314,Canada,CARDSUCCESS,DDCARD PAYMENT:MESDDD2K8Z9UXR40RDZXB,2.0,,ch_3SI9aqGNUfzD46Hm1ONUxuRv,CPMT: 46367-DDI00036,CPMT: 46367-DDI00036-14/10/2025,
14/10/2025,43805,43805-DDI00069,Ndevor Systems Ltd : Phorest Canada,11010 Accounts Receivable : Trade Debtors,CAD,1.0,223.65,10150 Bank : CIBC Current Account 9066314,Canada,CARDSUCCESS,DDCARD PAYMENT:MESDDD0497G2WNKNV13K6,2.0,,ch_3SI9ZhGNUfzD46Hm0zmUohPK,CPMT: 43805-DDI00069,CPMT: 43805-DDI00069-14/10/2025,
14/10/2025,46475,46475-DDI00070,Ndevor Systems Ltd : Phorest Canada,11010 Accounts Receivable : Trade Debtors,CAD,1.0,823.51,10150 Bank : CIBC Current Account 9066314,Canada,CARDSUCCESS,DDCARD PAYMENT:MESDDDF6YYK6VY816KGFZ,2.0,,ch_3SI9asGNUfzD46Hm0SPc90YR,CPMT: 46475-DDI00070,CPMT: 46475-DDI00070-14/10/2025,
14/10/2025,46728,46728-DDI00035,Ndevor Systems Ltd : Phorest Canada,11010 Accounts Receivable : Trade Debtors,CAD,1.0,581.95,10150 Bank : CIBC Current Account 9066314,Canada,CARDSUCCESS,DDCARD PAYMENT:MESDDDV5R5I0HP0X8HD0S,2.0,,ch_3SI9azGNUfzD46Hm0v77HvD5,CPMT: 46728-DDI00035,CPMT: 46728-DDI00035-14/10/2025,
14/10/2025,48847,48847-DDI00062,Ndevor Systems Ltd : Phorest Canada,11010 Accounts Receivable : Trade Debtors,CAD,1.0,445.22,10150 Bank : CIBC Current Account 9066314,Canada,CARDSUCCESS,DDCARD PAYMENT:MESDDD286N88L2M4TDJ6C,2.0,,ch_3SI9c6GNUfzD46Hm1RrAmhdC,CPMT: 48847-DDI00062,CPMT: 48847-DDI00062-14/10/2025,
14/10/2025,48846,48846-DDI00066,Ndevor Systems Ltd : Phorest Canada,11010 Accounts Receivable : Trade Debtors,CAD,1.0,557.09,10150 Bank : CIBC Current Account 9066314,Canada,CARDSUCCESS,DDCARD PAYMENT:MESDDDX959MQ8TF72JRD7,2.0,,ch_3SI9c4GNUfzD46Hm18pUJIcM,CPMT: 48846-DDI00066,CPMT: 48846-DDI00066-14/10/2025,
14/10/2025,48633,48633-DDI00032,Ndevor Systems Ltd : Phorest Canada,11010 Accounts Receivable : Trade Debtors,CAD,1.0,186.85,10150 Bank : CIBC Current Account 9066314,Canada,CARDSUCCESS,DDCARD PAYMENT:MESDDD0T3B3AWF1BP9BNQ,2.0,,ch_3SI9c2GNUfzD46Hm1qt9lvhO,CPMT: 48633-DDI00032,CPMT: 48633-DDI00032-14/10/2025,
14/10/2025,48508,48508-DDI00064,Ndevor Systems Ltd : Phorest Canada,11010 Accounts Receivable : Trade Debtors,CAD,1.0,331.49,10150 Bank : CIBC Current Account 9066314,Canada,CARDSUCCESS,DDCARD PAYMENT:MESDDD65QSFU94JEN2HW3,2.0,,ch_3SI9bwGNUfzD46Hm1pqkZGHL,CPMT: 48508-DDI00064,CPMT: 48508-DDI00064-14/10/2025,
14/10/2025,48476,48476-DDI00044,Ndevor Systems Ltd : Phorest Canada,11010 Accounts Receivable : Trade Debtors,CAD,1.0,330.4,10150 Bank : CIBC Current Account 9066314,Canada,CARDSUCCESS,DDCARD PAYMENT:MESDDD72J5X0KXS32D2DV,2.0,,ch_3SI9buGNUfzD46Hm16RDeF5e,CPMT: 48476-DDI00044,CPMT: 48476-DDI00044-14/10/2025,
14/10/2025,48304,48304-DDI00063,Ndevor Systems Ltd : Phorest Canada,11010 Accounts Receivable : Trade Debtors,CAD,1.0,350.3,10150 Bank : CIBC Current Account 9066314,Canada,CARDSUCCESS,DDCARD PAYMENT:MESDDD6360494T95PLL99,2.0,,ch_3SI9bpGNUfzD46Hm0kDdOzBj,CPMT: 48304-DDI00063,CPMT: 48304-DDI00063-14/10/2025,
14/10/2025,48272,48272-DDI00067,Ndevor Systems Ltd : Phorest Canada,11010 Accounts Receivable : Trade Debtors,CAD,1.0,429.45,10150 Bank : CIBC Current Account 9066314,Canada,CARDSUCCESS,DDCARD PAYMENT:MESDDD8G7CPQM4MD218G1,2.0,,ch_3SI9bmGNUfzD46Hm1bNWuTPJ,CPMT: 48272-DDI00067,CPMT: 48272-DDI00067-14/10/2025,
14/10/2025,48193,48193-DDI00064,Ndevor Systems Ltd : Phorest Canada,11010 Accounts Receivable : Trade Debtors,CAD,1.0,325.5,10150 Bank : CIBC Current Account 9066314,Canada,CARDSUCCESS,DDCARD PAYMENT:MESDDD5Y1371N543Z85A5,2.0,,ch_3SI9bkGNUfzD46Hm0jwQkiIg,CPMT: 48193-DDI00064,CPMT: 48193-DDI00064-14/10/2025,
14/10/2025,48038,48038-DDI00048,Ndevor Systems Ltd : Phorest Canada,11010 Accounts Receivable : Trade Debtors,CAD,1.0,350.3,10150 Bank : CIBC Current Account 9066314,Canada,CARDSUCCESS,DDCARD PAYMENT:MESDDD9Z833LLE68F4WH5,2.0,,ch_3SI9biGNUfzD46Hm1wfP7pc3,CPMT: 48038-DDI00048,CPMT: 48038-DDI00048-14/10/2025,
14/10/2025,47979,47979-DDI00067,Ndevor Systems Ltd : Phorest Canada,11010 Accounts Receivable : Trade Debtors,CAD,1.0,562.63,10150 Bank : CIBC Current Account 9066314,Canada,CARDSUCCESS,DDCARD PAYMENT:MESDDDZ6CYFB9131JBC3X,2.0,,ch_3SI9bfGNUfzD46Hm0gcRbjOx,CPMT: 47979-DDI00067,CPMT: 47979-DDI00067-14/10/2025,
14/10/2025,47945,47945-DDI00070,Ndevor Systems Ltd : Phorest Canada,11010 Accounts Receivable : Trade Debtors,CAD,1.0,114.81,10150 Bank : CIBC Current Account 9066314,Canada,CARDSUCCESS,DDCARD PAYMENT:MESDDDFJF897N579I8SH5,2.0,,ch_3SI9bdGNUfzD46Hm0p4ICuko,CPMT: 47945-DDI00070,CPMT: 47945-DDI00070-14/10/2025,
14/10/2025,47917,47917-DDI00066,Ndevor Systems Ltd : Phorest Canada,11010 Accounts Receivable : Trade Debtors,CAD,1.0,418.1,10150 Bank : CIBC Current Account 9066314,Canada,CARDSUCCESS,DDCARD PAYMENT:MESDDDX53CG972DTWAIL9,2.0,,ch_3SI9bbGNUfzD46Hm1AM5Qglc,CPMT: 47917-DDI00066,CPMT: 47917-DDI00066-14/10/2025,
14/10/2025,47747,47747-DDI00066,Ndevor Systems Ltd : Phorest Canada,11010 Accounts Receivable : Trade Debtors,CAD,1.0,325.5,10150 Bank : CIBC Current Account 9066314,Canada,CARDSUCCESS,DDCARD PAYMENT:MESDDDF323RKYM3618HC9,2.0,,ch_3SI9bZGNUfzD46Hm0x132uJU,CPMT: 47747-DDI00066,CPMT: 47747-DDI00066-14/10/2025,
14/10/2025,47745,47745-DDI00062,Ndevor Systems Ltd : Phorest Canada,11010 Accounts Receivable : Trade Debtors,CAD,1.0,353.4,10150 Bank : CIBC Current Account 9066314,Canada,CARDSUCCESS,DDCARD PAYMENT:MESDDDKG8755E87TZFT12,2.0,,ch_3SI9bWGNUfzD46Hm1fEZlf1o,CPMT: 47745-DDI00062,CPMT: 47745-DDI00062-14/10/2025,
14/10/2025,47641,47641-DDI00066,Ndevor Systems Ltd : Phorest Canada,11010 Accounts Receivable : Trade Debtors,CAD,1.0,350.3,10150 Bank : CIBC Current Account 9066314,Canada,CARDSUCCESS,DDCARD PAYMENT:MESDDD3R25C458533W9V7,2.0,,ch_3SI9bRGNUfzD46Hm0eSq6mLy,CPMT: 47641-DDI00066,CPMT: 47641-DDI00066-14/10/2025,
14/10/2025,47639,47639-DDI00035,Ndevor Systems Ltd : Phorest Canada,11010 Accounts Receivable : Trade Debtors,CAD,1.0,120.51,10150 Bank : CIBC Current Account 9066314,Canada,CARDSUCCESS,DDCARD PAYMENT:MESDDDHDSV8W81YY7Z625,2.0,,ch_3SI9bPGNUfzD46Hm1E008xTm,CPMT: 47639-DDI00035,CPMT: 47639-DDI00035-14/10/2025,
14/10/2025,47625,47625-DDI00066,Ndevor Systems Ltd : Phorest Canada,11010 Accounts Receivable : Trade Debtors,CAD,1.0,350.3,10150 Bank : CIBC Current Account 9066314,Canada,CARDSUCCESS,DDCARD PAYMENT:MESDDD4CKZTYXSH63502W,2.0,,ch_3SI9bNGNUfzD46Hm04c2axxx,CPMT: 47625-DDI00066,CPMT: 47625-DDI00066-14/10/2025,
14/10/2025,47522,47522-DDI00073,Ndevor Systems Ltd : Phorest Canada,11010 Accounts Receivable : Trade Debtors,CAD,1.0,394.37,10150 Bank : CIBC Current Account 9066314,Canada,CARDSUCCESS,DDCARD PAYMENT:MESDDDFPNDW16E9VP0O84,2.0,,ch_3SI9bKGNUfzD46Hm0Tg3C1BH,CPMT: 47522-DDI00073,CPMT: 47522-DDI00073-14/10/2025,
14/10/2025,47320,47320-DDI00068,Ndevor Systems Ltd : Phorest Canada,11010 Accounts Receivable : Trade Debtors,CAD,1.0,350.3,10150 Bank : CIBC Current Account 9066314,Canada,CARDSUCCESS,DDCARD PAYMENT:MESDDD8B861V6S82W455K,2.0,,ch_3SI9bFGNUfzD46Hm00oDBbE9,CPMT: 47320-DDI00068,CPMT: 47320-DDI00068-14/10/2025,
14/10/2025,47245,47245-DDI00066,Ndevor Systems Ltd : Phorest Canada,11010 Accounts Receivable : Trade Debtors,CAD,1.0,113.98,10150 Bank : CIBC Current Account 9066314,Canada,CARDSUCCESS,DDCARD PAYMENT:MESDDDQMIA7ZRP88BVXMD,2.0,,ch_3SI9bDGNUfzD46Hm1y8yKqdU,CPMT: 47245-DDI00066,CPMT: 47245-DDI00066-14/10/2025,
14/10/2025,47218,47218-DDI00048,Ndevor Systems Ltd : Phorest Canada,11010 Accounts Receivable : Trade Debtors,CAD,1.0,149.31,10150 Bank : CIBC Current Account 9066314,Canada,CARDSUCCESS,DDCARD PAYMENT:MESDDD9281926W7HY2YM5,2.0,,ch_3SI9bBGNUfzD46Hm0kPa6Uss,CPMT: 47218-DDI00048,CPMT: 47218-DDI00048-14/10/2025,
14/10/2025,47079,47079-DDI00069,Ndevor Systems Ltd : Phorest Canada,11010 Accounts Receivable : Trade Debtors,CAD,1.0,343.07,10150 Bank : CIBC Current Account 9066314,Canada,CARDSUCCESS,DDCARD PAYMENT:MESDDD1WRD76G8J87DR6I,2.0,,ch_3SI9b9GNUfzD46Hm0MdJmlnF,CPMT: 47079-DDI00069,CPMT: 47079-DDI00069-14/10/2025,
14/10/2025,46999,46999-DDI00074,Ndevor Systems Ltd : Phorest Canada,11010 Accounts Receivable : Trade Debtors,CAD,1.0,309.75,10150 Bank : CIBC Current Account 9066314,Canada,CARDSUCCESS,DDCARD PAYMENT:MESDDDOCJ1VWIEZZ454RU,2.0,,ch_3SI9b6GNUfzD46Hm0a2A08Da,CPMT: 46999-DDI00074,CPMT: 46999-DDI00074-14/10/2025,
14/10/2025,46981,46981-DDI00070,Ndevor Systems Ltd : Phorest Canada,11010 Accounts Receivable : Trade Debtors,CAD,1.0,445.22,10150 Bank : CIBC Current Account 9066314,Canada,CARDSUCCESS,DDCARD PAYMENT:MESDDDMK0186UWJ6PGF8G,2.0,,ch_3SI9b4GNUfzD46Hm15xeWSb3,CPMT: 46981-DDI00070,CPMT: 46981-DDI00070-14/10/2025,
14/10/2025,46954,46954-DDI00056,Ndevor Systems Ltd : Phorest Canada,11010 Accounts Receivable : Trade Debtors,CAD,1.0,134.47,10150 Bank : CIBC Current Account 9066314,Canada,CARDSUCCESS,DDCARD PAYMENT:MESDDDZR286481387X53Y,2.0,,ch_3SI9b2GNUfzD46Hm1Po8sI2b,CPMT: 46954-DDI00056,CPMT: 46954-DDI00056-14/10/2025,
14/10/2025,46503,46503-DDI00035,Ndevor Systems Ltd : Phorest Canada,11010 Accounts Receivable : Trade Debtors,CAD,1.0,231.42,10150 Bank : CIBC Current Account 9066314,Canada,CARDSUCCESS,DDCARD PAYMENT:MESDDD79QGV264P999799,2.0,,ch_3SI9axGNUfzD46Hm01JEU1Fv,CPMT: 46503-DDI00035,CPMT: 46503-DDI00035-14/10/2025,
14/10/2025,43801,43801-DDI00073,Ndevor Systems Ltd : Phorest Canada,11010 Accounts Receivable : Trade Debtors,CAD,1.0,498.33,10150 Bank : CIBC Current Account 9066314,Canada,CARDSUCCESS,DDCARD PAYMENT:MESDDDN6GLBA16LQ2A11U,2.0,,ch_3SI9ZfGNUfzD46Hm0E1bSL7t,CPMT: 43801-DDI00073,CPMT: 43801-DDI00073-14/10/2025,
14/10/2025,45365,45365-DDI00073,Ndevor Systems Ltd : Phorest Canada,11010 Accounts Receivable : Trade Debtors,CAD,1.0,350.3,10150 Bank : CIBC Current Account 9066314,Canada,CARDSUCCESS,DDCARD PAYMENT:MESDDD03L3CA4S450S387,2.0,,ch_3SI9aDGNUfzD46Hm1HieSyeb,CPMT: 45365-DDI00073,CPMT: 45365-DDI00073-14/10/2025,
14/10/2025,43636,43636-DDI00041,Ndevor Systems Ltd : Phorest Canada,11010 Accounts Receivable : Trade Debtors,CAD,1.0,366.45,10150 Bank : CIBC Current Account 9066314,Canada,CARDSUCCESS,DDCARD PAYMENT:MESDDDTMENRJ8Q158V453,2.0,,ch_3SI9ZaGNUfzD46Hm1OWxeyr7,CPMT: 43636-DDI00041,CPMT: 43636-DDI00041-14/10/2025,
14/10/2025,40207,40207-DDI00083,Ndevor Systems Ltd : Phorest Canada,11010 Accounts Receivable : Trade Debtors,CAD,1.0,359.1,10150 Bank : CIBC Current Account 9066314,Canada,CARDSUCCESS,DDCARD PAYMENT:MESDDD035WW34S9P0ZF28,2.0,,ch_3SI9YFGNUfzD46Hm0AhFjqEu,CPMT: 40207-DDI00083,CPMT: 40207-DDI00083-14/10/2025,
14/10/2025,40009,40009-DDI00049,Ndevor Systems Ltd : Phorest Canada,11010 Accounts Receivable : Trade Debtors,CAD,1.0,124.77,10150 Bank : CIBC Current Account 9066314,Canada,CARDSUCCESS,DDCARD PAYMENT:MESDDDF5XVX77P97M32E5,2.0,,ch_3SI9YCGNUfzD46Hm0w2BzHaO,CPMT: 40009-DDI00049,CPMT: 40009-DDI00049-14/10/2025,
14/10/2025,39993,39993-DDI00048,Ndevor Systems Ltd : Phorest Canada,11010 Accounts Receivable : Trade Debtors,CAD,1.0,139.76,10150 Bank : CIBC Current Account 9066314,Canada,CARDSUCCESS,DDCARD PAYMENT:MESDDD276MKD9TA3J84HZ,2.0,,ch_3SI9YAGNUfzD46Hm12HnQHXO,CPMT: 39993-DDI00048,CPMT: 39993-DDI00048-14/10/2025,
14/10/2025,39921,39921-DDI00090,Ndevor Systems Ltd : Phorest Canada,11010 Accounts Receivable : Trade Debtors,CAD,1.0,345.45,10150 Bank : CIBC Current Account 9066314,Canada,CARDSUCCESS,DDCARD PAYMENT:MESDDDG45VL9JEM134320,2.0,,ch_3SI9Y8GNUfzD46Hm1pyJvWB0,CPMT: 39921-DDI00090,CPMT: 39921-DDI00090-14/10/2025,
14/10/2025,39918,39918-DDI00048,Ndevor Systems Ltd : Phorest Canada,11010 Accounts Receivable : Trade Debtors,CAD,1.0,122.85,10150 Bank : CIBC Current Account 9066314,Canada,CARDSUCCESS,DDCARD PAYMENT:MESDDDV2AR2PS445MG9I9,2.0,,ch_3SI9Y5GNUfzD46Hm05H2Cw8i,CPMT: 39918-DDI00048,CPMT: 39918-DDI00048-14/10/2025,
14/10/2025,39767,39767-DDI00048,Ndevor Systems Ltd : Phorest Canada,11010 Accounts Receivable : Trade Debtors,CAD,1.0,498.33,10150 Bank : CIBC Current Account 9066314,Canada,CARDSUCCESS,DDCARD PAYMENT:MESDDD60VZ3742619039M,2.0,,ch_3SI9Y2GNUfzD46Hm1lOfSk5k,CPMT: 39767-DDI00048,CPMT: 39767-DDI00048-14/10/2025,
14/10/2025,39654,39654-DDI00047,Ndevor Systems Ltd : Phorest Canada,11010 Accounts Receivable : Trade Debtors,CAD,1.0,122.08,10150 Bank : CIBC Current Account 9066314,Canada,CARDSUCCESS,DDCARD PAYMENT:MESDDD41I0IM0SIQ5V5G8,2.0,,ch_3SI9Y0GNUfzD46Hm0y5FaGVy,CPMT: 39654-DDI00047,CPMT: 39654-DDI00047-14/10/2025,
14/10/2025,39533,39533-DDI00060,Ndevor Systems Ltd : Phorest Canada,11010 Accounts Receivable : Trade Debtors,CAD,1.0,312.9,10150 Bank : CIBC Current Account 9066314,Canada,CARDSUCCESS,DDCARD PAYMENT:MESDDDM5B01ZBWJXPZ9D9,2.0,,ch_3SI9XyGNUfzD46Hm0J0VFrc6,CPMT: 39533-DDI00060,CPMT: 39533-DDI00060-14/10/2025,
14/10/2025,39353,39353-DDI00050,Ndevor Systems Ltd : Phorest Canada,11010 Accounts Receivable : Trade Debtors,CAD,1.0,127.68,10150 Bank : CIBC Current Account 9066314,Canada,CARDSUCCESS,DDCARD PAYMENT:MESDDD87PBGYNFU52T667,2.0,,ch_3SI9XvGNUfzD46Hm05SPdgJm,CPMT: 39353-DDI00050,CPMT: 39353-DDI00050-14/10/2025,
14/10/2025,39281,39281-DDI00049,Ndevor Systems Ltd : Phorest Canada,11010 Accounts Receivable : Trade Debtors,CAD,1.0,350.3,10150 Bank : CIBC Current Account 9066314,Canada,CARDSUCCESS,DDCARD PAYMENT:MESDDD98H380R7RS11SF6,2.0,,ch_3SI9XtGNUfzD46Hm1tXG19YL,CPMT: 39281-DDI00049,CPMT: 39281-DDI00049-14/10/2025,
14/10/2025,43764,43764-DDI00041,Ndevor Systems Ltd : Phorest Canada,11010 Accounts Receivable : Trade Debtors,CAD,1.0,240.69,10150 Bank : CIBC Current Account 9066314,Canada,CARDSUCCESS,DDCARD PAYMENT:MESDDD675ATB615WF913U,2.0,,ch_3SI9ZdGNUfzD46Hm1EztFM39,CPMT: 43764-DDI00041,CPMT: 43764-DDI00041-14/10/2025,
14/10/2025,38929,38929-DDI00086,Ndevor Systems Ltd : Phorest Canada,11010 Accounts Receivable : Trade Debtors,CAD,1.0,383.04,10150 Bank : CIBC Current Account 9066314,Canada,CARDSUCCESS,DDCARD PAYMENT:MESDDD4J8FYKUZY1JST30,2.0,,ch_3SI9XpGNUfzD46Hm1Wv6OxIV,CPMT: 38929-DDI00086,CPMT: 38929-DDI00086-14/10/2025,
14/10/2025,38922,38922-DDI00083,Ndevor Systems Ltd : Phorest Canada,11010 Accounts Receivable : Trade Debtors,CAD,1.0,252.26,10150 Bank : CIBC Current Account 9066314,Canada,CARDSUCCESS,DDCARD PAYMENT:MESDDDVLQ747DQ9O6P972,2.0,,ch_3SI9XmGNUfzD46Hm0MCCoC7S,CPMT: 38922-DDI00083,CPMT: 38922-DDI00083-14/10/2025,
14/10/2025,38621,38621-DDI00051,Ndevor Systems Ltd : Phorest Canada,11010 Accounts Receivable : Trade Debtors,CAD,1.0,393.21,10150 Bank : CIBC Current Account 9066314,Canada,CARDSUCCESS,DDCARD PAYMENT:MESDDDFFP3WB6V76X35J6,2.0,,ch_3SI9XhGNUfzD46Hm00UHKwxw,CPMT: 38621-DDI00051,CPMT: 38621-DDI00051-14/10/2025,
14/10/2025,38615,38615-DDI00073,Ndevor Systems Ltd : Phorest Canada,11010 Accounts Receivable : Trade Debtors,CAD,1.0,324.45,10150 Bank : CIBC Current Account 9066314,Canada,CARDSUCCESS,DDCARD PAYMENT:MESDDDCT4IT2S6N6O1G48,2.0,,ch_3SI9XfGNUfzD46Hm0sRiXYjE,CPMT: 38615-DDI00073,CPMT: 38615-DDI00073-14/10/2025,
14/10/2025,38614,38614-DDI00084,Ndevor Systems Ltd : Phorest Canada,11010 Accounts Receivable : Trade Debtors,CAD,1.0,359.1,10150 Bank : CIBC Current Account 9066314,Canada,CARDSUCCESS,DDCARD PAYMENT:MESDDD9SQ6V4HWK8GKEOC,2.0,,ch_3SI9XdGNUfzD46Hm1FSbfiXS,CPMT: 38614-DDI00084,CPMT: 38614-DDI00084-14/10/2025,
14/10/2025,38613,38613-DDI00079,Ndevor Systems Ltd : Phorest Canada,11010 Accounts Receivable : Trade Debtors,CAD,1.0,359.1,10150 Bank : CIBC Current Account 9066314,Canada,CARDSUCCESS,DDCARD PAYMENT:MESDDD6980CN5M867XZJF,2.0,,ch_3SI9XaGNUfzD46Hm16WGAZdK,CPMT: 38613-DDI00079,CPMT: 38613-DDI00079-14/10/2025,
14/10/2025,38602,38602-DDI00051,Ndevor Systems Ltd : Phorest Canada,11010 Accounts Receivable : Trade Debtors,CAD,1.0,144.03,10150 Bank : CIBC Current Account 9066314,Canada,CARDSUCCESS,DDCARD PAYMENT:MESDDDOHRPSC211719324,2.0,,ch_3SI9XYGNUfzD46Hm0g8TJORz,CPMT: 38602-DDI00051,CPMT: 38602-DDI00051-14/10/2025,
14/10/2025,38319,38319-DDI00050,Ndevor Systems Ltd : Phorest Canada,11010 Accounts Receivable : Trade Debtors,CAD,1.0,175.77,10150 Bank : CIBC Current Account 9066314,Canada,CARDSUCCESS,DDCARD PAYMENT:MESDDDD7Q9Y4VKY2JIA23,2.0,,ch_3SI9XWGNUfzD46Hm0iIaAFYr,CPMT: 38319-DDI00050,CPMT: 38319-DDI00050-14/10/2025,
14/10/2025,38252,38252-DDI00051,Ndevor Systems Ltd : Phorest Canada,11010 Accounts Receivable : Trade Debtors,CAD,1.0,143.18,10150 Bank : CIBC Current Account 9066314,Canada,CARDSUCCESS,DDCARD PAYMENT:MESDDDZD767TAZ7821IQW,2.0,,ch_3SI9XTGNUfzD46Hm0Nm3Pf2d,CPMT: 38252-DDI00051,CPMT: 38252-DDI00051-14/10/2025,
14/10/2025,38243,38243-DDI00063,Ndevor Systems Ltd : Phorest Canada,11010 Accounts Receivable : Trade Debtors,CAD,1.0,493.92,10150 Bank : CIBC Current Account 9066314,Canada,CARDSUCCESS,DDCARD PAYMENT:MESDDDMC744F3XI34Q4MV,2.0,,ch_3SI9XRGNUfzD46Hm1vrxuaIc,CPMT: 38243-DDI00063,CPMT: 38243-DDI00063-14/10/2025,
14/10/2025,38238,38238-DDI00051,Ndevor Systems Ltd : Phorest Canada,11010 Accounts Receivable : Trade Debtors,CAD,1.0,149.33,10150 Bank : CIBC Current Account 9066314,Canada,CARDSUCCESS,DDCARD PAYMENT:MESDDD0QWTB7V172VBIBR,2.0,,ch_3SI9XPGNUfzD46Hm1YDcFbry,CPMT: 38238-DDI00051,CPMT: 38238-DDI00051-14/10/2025,
14/10/2025,38141,38141-DDI00068,Ndevor Systems Ltd : Phorest Canada,11010 Accounts Receivable : Trade Debtors,CAD,1.0,127.68,10150 Bank : CIBC Current Account 9066314,Canada,CARDSUCCESS,DDCARD PAYMENT:MESDDD94YN61J9077434M,2.0,,ch_3SI9XMGNUfzD46Hm0qMhzc2i,CPMT: 38141-DDI00068,CPMT: 38141-DDI00068-14/10/2025,
14/10/2025,38131,38131-DDI00053,Ndevor Systems Ltd : Phorest Canada,11010 Accounts Receivable : Trade Debtors,CAD,1.0,284.53,10150 Bank : CIBC Current Account 9066314,Canada,CARDSUCCESS,DDCARD PAYMENT:MESDDD4UL3TOISP3Y018V,2.0,,ch_3SI9XKGNUfzD46Hm14p0Izam,CPMT: 38131-DDI00053,CPMT: 38131-DDI00053-14/10/2025,
14/10/2025,38127,38127-DDI00051,Ndevor Systems Ltd : Phorest Canada,11010 Accounts Receivable : Trade Debtors,CAD,1.0,223.65,10150 Bank : CIBC Current Account 9066314,Canada,CARDSUCCESS,DDCARD PAYMENT:MESDDDEMU83M63YSH83OY,2.0,,ch_3SI9XIGNUfzD46Hm1nhiCBQA,CPMT: 38127-DDI00051,CPMT: 38127-DDI00051-14/10/2025,
14/10/2025,40262,40262-DDI00083,Ndevor Systems Ltd : Phorest Canada,11010 Accounts Receivable : Trade Debtors,CAD,1.0,498.01,10150 Bank : CIBC Current Account 9066314,Canada,CARDSUCCESS,DDCARD PAYMENT:MESDDD1977NY2654QY03K,2.0,,ch_3SI9YHGNUfzD46Hm1hIr7OSE,CPMT: 40262-DDI00083,CPMT: 40262-DDI00083-14/10/2025,
14/10/2025,40737,40737-DDI00068,Ndevor Systems Ltd : Phorest Canada,11010 Accounts Receivable : Trade Debtors,CAD,1.0,336.74,10150 Bank : CIBC Current Account 9066314,Canada,CARDSUCCESS,DDCARD PAYMENT:MESDDDX2FCPEW196EW59U,2.0,,ch_3SI9YJGNUfzD46Hm1vtQbEcU,CPMT: 40737-DDI00068,CPMT: 40737-DDI00068-14/10/2025,
14/10/2025,39067,39067-DDI00050,Ndevor Systems Ltd : Phorest Canada,11010 Accounts Receivable : Trade Debtors,CAD,1.0,261.82,10150 Bank : CIBC Current Account 9066314,Canada,CARDSUCCESS,DDCARD PAYMENT:MESDDD658UHS7O6VGPSJ0,2.0,,ch_3SI9XrGNUfzD46Hm0AW5zFuz,CPMT: 39067-DDI00050,CPMT: 39067-DDI00050-14/10/2025,
14/10/2025,40742,40742-DDI00047,Ndevor Systems Ltd : Phorest Canada,11010 Accounts Receivable : Trade Debtors,CAD,1.0,232.96,10150 Bank : CIBC Current Account 9066314,Canada,CARDSUCCESS,DDCARD PAYMENT:MESDDD69I79993587BDA5,2.0,,ch_3SI9YTGNUfzD46Hm0RaYYib2,CPMT: 40742-DDI00047,CPMT: 40742-DDI00047-14/10/2025,
14/10/2025,40739,40739-DDI00047,Ndevor Systems Ltd : Phorest Canada,11010 Accounts Receivable : Trade Debtors,CAD,1.0,176.46,10150 Bank : CIBC Current Account 9066314,Canada,CARDSUCCESS,DDCARD PAYMENT:MESDDD521DFH54R30L89I,2.0,,ch_3SI9YOGNUfzD46Hm1qkgx3eN,CPMT: 40739-DDI00047,CPMT: 40739-DDI00047-14/10/2025,
14/10/2025,43458,43458-DDI00042,Ndevor Systems Ltd : Phorest Canada,11010 Accounts Receivable : Trade Debtors,CAD,1.0,133.23,10150 Bank : CIBC Current Account 9066314,Canada,CARDSUCCESS,DDCARD PAYMENT:MESDDD431P57A6O60J7PX,2.0,,ch_3SI9ZWGNUfzD46Hm0sZlnvKt,CPMT: 43458-DDI00042,CPMT: 43458-DDI00042-14/10/2025,
14/10/2025,43409,43409-DDI00074,Ndevor Systems Ltd : Phorest Canada,11010 Accounts Receivable : Trade Debtors,CAD,1.0,133.35,10150 Bank : CIBC Current Account 9066314,Canada,CARDSUCCESS,DDCARD PAYMENT:MESDDD3ZXO28O3EL24746,2.0,,ch_3SI9ZTGNUfzD46Hm06Fwb7ws,CPMT: 43409-DDI00074,CPMT: 43409-DDI00074-14/10/2025,
14/10/2025,43362,43362-DDI00042,Ndevor Systems Ltd : Phorest Canada,11010 Accounts Receivable : Trade Debtors,CAD,1.0,253.21,10150 Bank : CIBC Current Account 9066314,Canada,CARDSUCCESS,DDCARD PAYMENT:MESDDDA4PRQIP78G4UBCN,2.0,,ch_3SI9ZRGNUfzD46Hm0nTZmiPW,CPMT: 43362-DDI00042,CPMT: 43362-DDI00042-14/10/2025,
14/10/2025,43145,43145-DDI00077,Ndevor Systems Ltd : Phorest Canada,11010 Accounts Receivable : Trade Debtors,CAD,1.0,344.35,10150 Bank : CIBC Current Account 9066314,Canada,CARDSUCCESS,DDCARD PAYMENT:MESDDD8820S9ZZ47FDOK5,2.0,,ch_3SI9ZPGNUfzD46Hm07ukUD6D,CPMT: 43145-DDI00077,CPMT: 43145-DDI00077-14/10/2025,
14/10/2025,42915,42915-DDI00081,Ndevor Systems Ltd : Phorest Canada,11010 Accounts Receivable : Trade Debtors,CAD,1.0,308.86,10150 Bank : CIBC Current Account 9066314,Canada,CARDSUCCESS,DDCARD PAYMENT:MESDDD57659715RG8I5NG,2.0,,ch_3SI9ZMGNUfzD46Hm0XxCOLhg,CPMT: 42915-DDI00081,CPMT: 42915-DDI00081-14/10/2025,
14/10/2025,42846,42846-DDI00078,Ndevor Systems Ltd : Phorest Canada,11010 Accounts Receivable : Trade Debtors,CAD,1.0,148.6,10150 Bank : CIBC Current Account 9066314,Canada,CARDSUCCESS,DDCARD PAYMENT:MESDDDR241FQL8D441NR0,2.0,,ch_3SI9ZKGNUfzD46Hm1IorATk2,CPMT: 42846-DDI00078,CPMT: 42846-DDI00078-14/10/2025,
14/10/2025,42727,42727-DDI00043,Ndevor Systems Ltd : Phorest Canada,11010 Accounts Receivable : Trade Debtors,CAD,1.0,128.82,10150 Bank : CIBC Current Account 9066314,Canada,CARDSUCCESS,DDCARD PAYMENT:MESDDD6G033153MT3K12E,2.0,,ch_3SI9ZIGNUfzD46Hm0jgGHBC8,CPMT: 42727-DDI00043,CPMT: 42727-DDI00043-14/10/2025,
14/10/2025,42634,42634-DDI00043,Ndevor Systems Ltd : Phorest Canada,11010 Accounts Receivable : Trade Debtors,CAD,1.0,149.15,10150 Bank : CIBC Current Account 9066314,Canada,CARDSUCCESS,DDCARD PAYMENT:MESDDD0DD27K3E5ZLCT1O,2.0,,ch_3SI9ZGGNUfzD46Hm0yVnLGAe,CPMT: 42634-DDI00043,CPMT: 42634-DDI00043-14/10/2025,
14/10/2025,42632,42632-DDI00062,Ndevor Systems Ltd : Phorest Canada,11010 Accounts Receivable : Trade Debtors,CAD,1.0,157.97,10150 Bank : CIBC Current Account 9066314,Canada,CARDSUCCESS,DDCARD PAYMENT:MESDDDJW96E162TXL8F24,2.0,,ch_3SI9ZDGNUfzD46Hm0o76H7BS,CPMT: 42632-DDI00062,CPMT: 42632-DDI00062-14/10/2025,
14/10/2025,42601,42601-DDI00059,Ndevor Systems Ltd : Phorest Canada,11010 Accounts Receivable : Trade Debtors,CAD,1.0,289.94,10150 Bank : CIBC Current Account 9066314,Canada,CARDSUCCESS,DDCARD PAYMENT:MESDDDTOU4406TXU9J04B,2.0,,ch_3SI9ZBGNUfzD46Hm0BwqIYY4,CPMT: 42601-DDI00059,CPMT: 42601-DDI00059-14/10/2025,
14/10/2025,42528,42528-DDI00064,Ndevor Systems Ltd : Phorest Canada,11010 Accounts Receivable : Trade Debtors,CAD,1.0,359.1,10150 Bank : CIBC Current Account 9066314,Canada,CARDSUCCESS,DDCARD PAYMENT:MESDDDDK47ZJ9841HO35T,2.0,,ch_3SI9Z9GNUfzD46Hm1IULSvnw,CPMT: 42528-DDI00064,CPMT: 42528-DDI00064-14/10/2025,
14/10/2025,42165,42165-DDI00078,Ndevor Systems Ltd : Phorest Canada,11010 Accounts Receivable : Trade Debtors,CAD,1.0,386.46,10150 Bank : CIBC Current Account 9066314,Canada,CARDSUCCESS,DDCARD PAYMENT:MESDDDP342H141G7Y6K39,2.0,,ch_3SI9Z7GNUfzD46Hm07ERUYQo,CPMT: 42165-DDI00078,CPMT: 42165-DDI00078-14/10/2025,
14/10/2025,43552,43552-DDI00077,Ndevor Systems Ltd : Phorest Canada,11010 Accounts Receivable : Trade Debtors,CAD,1.0,371.77,10150 Bank : CIBC Current Account 9066314,Canada,CARDSUCCESS,DDCARD PAYMENT:MESDDD0S8SV1455K879IC,2.0,,ch_3SI9ZYGNUfzD46Hm1rEHpWvK,CPMT: 43552-DDI00077,CPMT: 43552-DDI00077-14/10/2025,
14/10/2025,42095,42095-DDI00041,Ndevor Systems Ltd : Phorest Canada,11010 Accounts Receivable : Trade Debtors,CAD,1.0,345.45,10150 Bank : CIBC Current Account 9066314,Canada,CARDSUCCESS,DDCARD PAYMENT:MESDDD8VWNT9NSL2Z04PV,2.0,,ch_3SI9Z5GNUfzD46Hm0zjn5E55,CPMT: 42095-DDI00041,CPMT: 42095-DDI00041-14/10/2025,
14/10/2025,40745,40745-DDI00047,Ndevor Systems Ltd : Phorest Canada,11010 Accounts Receivable : Trade Debtors,CAD,1.0,232.96,10150 Bank : CIBC Current Account 9066314,Canada,CARDSUCCESS,DDCARD PAYMENT:MESDDD2Y7M4228N5TG62A,2.0,,ch_3SI9YaGNUfzD46Hm0RhJEuB9,CPMT: 40745-DDI00047,CPMT: 40745-DDI00047-14/10/2025,
14/10/2025,40748,40748-DDI00048,Ndevor Systems Ltd : Phorest Canada,11010 Accounts Receivable : Trade Debtors,CAD,1.0,238.56,10150 Bank : CIBC Current Account 9066314,Canada,CARDSUCCESS,DDCARD PAYMENT:MESDDDH4FTMR0WZS0E27Y,2.0,,ch_3SI9YcGNUfzD46Hm0Bx5MoMq,CPMT: 40748-DDI00048,CPMT: 40748-DDI00048-14/10/2025,
14/10/2025,41005,41005-DDI00082,Ndevor Systems Ltd : Phorest Canada,11010 Accounts Receivable : Trade Debtors,CAD,1.0,463.05,10150 Bank : CIBC Current Account 9066314,Canada,CARDSUCCESS,DDCARD PAYMENT:MESDDDLHZUH2949D28FR4,2.0,,ch_3SI9YeGNUfzD46Hm0h8fsAYh,CPMT: 41005-DDI00082,CPMT: 41005-DDI00082-14/10/2025,
14/10/2025,41122,41122-DDI00047,Ndevor Systems Ltd : Phorest Canada,11010 Accounts Receivable : Trade Debtors,CAD,1.0,335.61,10150 Bank : CIBC Current Account 9066314,Canada,CARDSUCCESS,DDCARD PAYMENT:MESDDDWX7C6V1275M5U4E,2.0,,ch_3SI9YhGNUfzD46Hm1JyEaatA,CPMT: 41122-DDI00047,CPMT: 41122-DDI00047-14/10/2025,
14/10/2025,41168,41168-DDI00045,Ndevor Systems Ltd : Phorest Canada,11010 Accounts Receivable : Trade Debtors,CAD,1.0,244.95,10150 Bank : CIBC Current Account 9066314,Canada,CARDSUCCESS,DDCARD PAYMENT:MESDDDVXEDSNWKWD46SVQ,2.0,,ch_3SI9YjGNUfzD46Hm0twdjeYf,CPMT: 41168-DDI00045,CPMT: 41168-DDI00045-14/10/2025,
14/10/2025,41472,41472-DDI00045,Ndevor Systems Ltd : Phorest Canada,11010 Accounts Receivable : Trade Debtors,CAD,1.0,127.68,10150 Bank : CIBC Current Account 9066314,Canada,CARDSUCCESS,DDCARD PAYMENT:MESDDDZN84931068A8PK8,2.0,,ch_3SI9YlGNUfzD46Hm11OTEOXS,CPMT: 41472-DDI00045,CPMT: 41472-DDI00045-14/10/2025,
14/10/2025,86959,86959-DDI00006,Ndevor Systems Ltd : Phorest Canada,11010 Accounts Receivable : Trade Debtors,CAD,1.0,148.34,10150 Bank : CIBC Current Account 9066314,Canada,CARDSUCCESS,DDCARD PAYMENT:MESDDDT7EGV2IOGQ2JD46,2.0,,ch_3SI9mwGNUfzD46Hm0cIsyN1Q,CPMT: 86959-DDI00006,CPMT: 86959-DDI00006-14/10/2025,
14/10/2025,41550,41550-DDI00076,Ndevor Systems Ltd : Phorest Canada,11010 Accounts Receivable : Trade Debtors,CAD,1.0,102.44,10150 Bank : CIBC Current Account 9066314,Canada,CARDSUCCESS,DDCARD PAYMENT:MESDDD387BS76K3VB7HE4,2.0,,ch_3SI9YqGNUfzD46Hm1OD5t7Hn,CPMT: 41550-DDI00076,CPMT: 41550-DDI00076-14/10/2025,
14/10/2025,41699,41699-DDI00079,Ndevor Systems Ltd : Phorest Canada,11010 Accounts Receivable : Trade Debtors,CAD,1.0,359.1,10150 Bank : CIBC Current Account 9066314,Canada,CARDSUCCESS,DDCARD PAYMENT:MESDDD779483787M2Y3W4,2.0,,ch_3SI9YvGNUfzD46Hm0qPNYn6u,CPMT: 41699-DDI00079,CPMT: 41699-DDI00079-14/10/2025,
14/10/2025,41782,41782-DDI00045,Ndevor Systems Ltd : Phorest Canada,11010 Accounts Receivable : Trade Debtors,CAD,1.0,162.62,10150 Bank : CIBC Current Account 9066314,Canada,CARDSUCCESS,DDCARD PAYMENT:MESDDD6XI6X6C0Q28J48R,2.0,,ch_3SI9YxGNUfzD46Hm19ZQEDLF,CPMT: 41782-DDI00045,CPMT: 41782-DDI00045-14/10/2025,
14/10/2025,41915,41915-DDI00046,Ndevor Systems Ltd : Phorest Canada,11010 Accounts Receivable : Trade Debtors,CAD,1.0,134.3,10150 Bank : CIBC Current Account 9066314,Canada,CARDSUCCESS,DDCARD PAYMENT:MESDDD957200J3N9A05B1,2.0,,ch_3SI9YzGNUfzD46Hm0SFrOZIA,CPMT: 41915-DDI00046,CPMT: 41915-DDI00046-14/10/2025,
14/10/2025,41933,41933-DDI00045,Ndevor Systems Ltd : Phorest Canada,11010 Accounts Receivable : Trade Debtors,CAD,1.0,386.46,10150 Bank : CIBC Current Account 9066314,Canada,CARDSUCCESS,DDCARD PAYMENT:MESDDDQ211VSTO6CU62DD,2.0,,ch_3SI9Z2GNUfzD46Hm1XESBv7q,CPMT: 41933-DDI00045,CPMT: 41933-DDI00045-14/10/2025,
14/10/2025,41521,41521-DDI00057,Ndevor Systems Ltd : Phorest Canada,11010 Accounts Receivable : Trade Debtors,CAD,1.0,245.28,10150 Bank : CIBC Current Account 9066314,Canada,CARDSUCCESS,DDCARD PAYMENT:MESDDD734509IX24Z7E2U,2.0,,ch_3SI9YoGNUfzD46Hm0eo5SHgu,CPMT: 41521-DDI00057,CPMT: 41521-DDI00057-14/10/2025,
15/10/2025,32788,32788-DDI00097,Ndevor Systems Ltd : Phorest Canada,11010 Accounts Receivable : Trade Debtors,CAD,1.0,682.08,10150 Bank : CIBC Current Account 9066314,Canada,CARDSUCCESS,CARD PAYMENT : Arrears,2.0,,ch_3SIbJdGNUfzD46Hm1sLWzMx8,CPMT: 32788-DDI00097,CPMT: 32788-DDI00097-15/10/2025,
15/10/2025,59574,59574-DDI00036,Ndevor Systems Ltd : Phorest Canada,11010 Accounts Receivable : Trade Debtors,CAD,1.0,312.48,10150 Bank : CIBC Current Account 9066314,Canada,CARDSUCCESS,DDCARD PAYMENT:MES626133220012088235,2.0,,ch_3SIQkmGNUfzD46Hm1F53Gy5G,CPMT: 59574-DDI00036,CPMT: 59574-DDI00036-15/10/2025,
15/10/2025,51116,51116-DDI00057,Ndevor Systems Ltd : Phorest Canada,11010 Accounts Receivable : Trade Debtors,CAD,1.0,325.71,10150 Bank : CIBC Current Account 9066314,Canada,CARDSUCCESS,DDCARD PAYMENT:MES709530665605036301,2.0,,ch_3SIQkcGNUfzD46Hm04SlnWyw,CPMT: 51116-DDI00057,CPMT: 51116-DDI00057-15/10/2025,
15/10/2025,48424,48424-DDI00064,Ndevor Systems Ltd : Phorest Canada,11010 Accounts Receivable : Trade Debtors,CAD,1.0,401.15,10150 Bank : CIBC Current Account 9066314,Canada,CARDSUCCESS,DDCARD PAYMENT:MES014069772698440342,2.0,,ch_3SIQkWGNUfzD46Hm0K6mMMPX,CPMT: 48424-DDI00064,CPMT: 48424-DDI00064-15/10/2025,
15/10/2025,73041,73041-DDI00020,Ndevor Systems Ltd : Phorest Canada,11010 Accounts Receivable : Trade Debtors,CAD,1.0,256.48,10150 Bank : CIBC Current Account 9066314,Canada,CARDSUCCESS,DDCARD PAYMENT:MES471379710871088892,2.0,,ch_3SIQksGNUfzD46Hm0NHGlOtI,CPMT: 73041-DDI00020,CPMT: 73041-DDI00020-15/10/2025,
15/10/2025,45811,45811-DDI00038,Ndevor Systems Ltd : Phorest Canada,11010 Accounts Receivable : Trade Debtors,CAD,1.0,350.3,10150 Bank : CIBC Current Account 9066314,Canada,CARDSUCCESS,DDCARD PAYMENT:MES917787916035769527,2.0,,ch_3SIQkMGNUfzD46Hm107EAOhd,CPMT: 45811-DDI00038,CPMT: 45811-DDI00038-15/10/2025,
15/10/2025,82701,82701-DDI00003,Ndevor Systems Ltd : Phorest Canada,11010 Accounts Receivable : Trade Debtors,CAD,1.0,210.45,10150 Bank : CIBC Current Account 9066314,Canada,CARDSUCCESS,DDCARD PAYMENT:MES636307763374094277,2.0,,ch_3SIQdsGNUfzD46Hm02omzpuD,CPMT: 82701-DDI00003,CPMT: 82701-DDI00003-15/10/2025,
15/10/2025,33105,33105-DDI00085,Ndevor Systems Ltd : Phorest Canada,11010 Accounts Receivable : Trade Debtors,CAD,1.0,431.55,10150 Bank : CIBC Current Account 9066314,Canada,CARDSUCCESS,DDCARD PAYMENT:MES610299363292873018,2.0,,ch_3SIQjxGNUfzD46Hm0gpG0PiG,CPMT: 33105-DDI00085,CPMT: 33105-DDI00085-15/10/2025,
15/10/2025,46168,46168-DDI00037,Ndevor Systems Ltd : Phorest Canada,11010 Accounts Receivable : Trade Debtors,CAD,1.0,344.96,10150 Bank : CIBC Current Account 9066314,Canada,CARDSUCCESS,DDCARD PAYMENT:MES814875983026077143,2.0,,ch_3SIQkOGNUfzD46Hm0jtlLrIb,CPMT: 46168-DDI00037,CPMT: 46168-DDI00037-15/10/2025,
15/10/2025,40740,40740-DDI00048,Ndevor Systems Ltd : Phorest Canada,11010 Accounts Receivable : Trade Debtors,CAD,1.0,188.16,10150 Bank : CIBC Current Account 9066314,Canada,CARDSUCCESS,DDCARD PAYMENT:MES693190571461655746,2.0,,ch_3SIQkAGNUfzD46Hm0OrxI7Za,CPMT: 40740-DDI00048,CPMT: 40740-DDI00048-15/10/2025,
15/10/2025,41636,41636-DDI00081,Ndevor Systems Ltd : Phorest Canada,11010 Accounts Receivable : Trade Debtors,CAD,1.0,336.15,10150 Bank : CIBC Current Account 9066314,Canada,CARDSUCCESS,DDCARD PAYMENT:MES256861905833999704,2.0,,ch_3SIQkFGNUfzD46Hm0FhLlKGn,CPMT: 41636-DDI00081,CPMT: 41636-DDI00081-15/10/2025,
15/10/2025,40738,40738-DDI00057,Ndevor Systems Ltd : Phorest Canada,11010 Accounts Receivable : Trade Debtors,CAD,1.0,199.36,10150 Bank : CIBC Current Account 9066314,Canada,CARDSUCCESS,DDCARD PAYMENT:MES837327489769259769,2.0,,ch_3SIQk8GNUfzD46Hm0pKWg3mO,CPMT: 40738-DDI00057,CPMT: 40738-DDI00057-15/10/2025,
16/10/2025,78368,78368-DDI00006,Ndevor Systems Ltd : Phorest Canada,11010 Accounts Receivable : Trade Debtors,CAD,1.0,1272.49,10150 Bank : CIBC Current Account 9066314,Canada,CARDSUCCESS,DDCARD PAYMENT:MES204083875440970090,2.0,,ch_3SInLvGNUfzD46Hm0p4eEVpc,CPMT: 78368-DDI00006,CPMT: 78368-DDI00006-16/10/2025,
16/10/2025,33802,33802-DDI00060,Ndevor Systems Ltd : Phorest Canada,11010 Accounts Receivable : Trade Debtors,CAD,1.0,386.46,10150 Bank : CIBC Current Account 9066314,Canada,CARDSUCCESS,DDCARD PAYMENT:MES796361092598465752,2.0,,ch_3SInMEGNUfzD46Hm13BlfXrG,CPMT: 33802-DDI00060,CPMT: 33802-DDI00060-16/10/2025,
16/10/2025,35866,35866-DDI00052,Ndevor Systems Ltd : Phorest Canada,11010 Accounts Receivable : Trade Debtors,CAD,1.0,135.27,10150 Bank : CIBC Current Account 9066314,Canada,CARDSUCCESS,DDCARD PAYMENT:MES446001181895504938,2.0,,ch_3SInMHGNUfzD46Hm0MOSnJXD,CPMT: 35866-DDI00052,CPMT: 35866-DDI00052-16/10/2025,
16/10/2025,46476,46476-DDI00070,Ndevor Systems Ltd : Phorest Canada,11010 Accounts Receivable : Trade Debtors,CAD,1.0,347.2,10150 Bank : CIBC Current Account 9066314,Canada,CARDSUCCESS,DDCARD PAYMENT:MES023279960210043131,2.0,,ch_3SInMTGNUfzD46Hm0Cc6Lf9d,CPMT: 46476-DDI00070,CPMT: 46476-DDI00070-16/10/2025,
16/10/2025,58196,58196-DDI00019,Ndevor Systems Ltd : Phorest Canada,11010 Accounts Receivable : Trade Debtors,CAD,1.0,262.4,10150 Bank : CIBC Current Account 9066314,Canada,CARDSUCCESS,DDCARD PAYMENT:MES740103979945822497,2.0,,ch_3SInMgGNUfzD46Hm0pMm6uMv,CPMT: 58196-DDI00019,CPMT: 58196-DDI00019-16/10/2025,
16/10/2025,78367,78367-DDI00010,Ndevor Systems Ltd : Phorest Canada,11010 Accounts Receivable : Trade Debtors,CAD,1.0,543.48,10150 Bank : CIBC Current Account 9066314,Canada,CARDSUCCESS,DDCARD PAYMENT:MES202255375830748507,2.0,,ch_3SInMqGNUfzD46Hm1UYVXMAy,CPMT: 78367-DDI00010,CPMT: 78367-DDI00010-16/10/2025,
16/10/2025,78371,78371-DDI00005,Ndevor Systems Ltd : Phorest Canada,11010 Accounts Receivable : Trade Debtors,CAD,1.0,480.48,10150 Bank : CIBC Current Account 9066314,Canada,CARDSUCCESS,DDCARD PAYMENT:MES473914190538267929,2.0,,ch_3SInMrGNUfzD46Hm1zy1s2KD,CPMT: 78371-DDI00005,CPMT: 78371-DDI00005-16/10/2025,
16/10/2025,78293,78293-DDI00013,Ndevor Systems Ltd : Phorest Canada,11010 Accounts Receivable : Trade Debtors,CAD,1.0,581.28,10150 Bank : CIBC Current Account 9066314,Canada,CARDSUCCESS,CARD PAYMENT : Arrears,2.0,,ch_3SIx6DGNUfzD46Hm1Xq0E9Tz,CPMT: 78293-DDI00013,CPMT: 78293-DDI00013-16/10/2025,
16/10/2025,44333,44333-DDI00078,Ndevor Systems Ltd : Phorest Canada,11010 Accounts Receivable : Trade Debtors,CAD,1.0,579.04,10150 Bank : CIBC Current Account 9066314,Canada,CARDSUCCESS,DDCARD PAYMENT:MES462095344068779364,2.0,,ch_3SInMOGNUfzD46Hm1IiiNadc,CPMT: 44333-DDI00078,CPMT: 44333-DDI00078-16/10/2025,
18/09/2025,48272,48272-DDI00065,Ndevor Systems Ltd : Phorest Canada,11010 Accounts Receivable : Trade Debtors,CAD,1.0,486.44,10150 Bank : CIBC Current Account 9066314,Canada,CARDSUCCESS,DDCARD PAYMENT:MES013847296268603347,,2.0,nan,CPMT: 48272-DDI00065,CPMT: 48272-DDI00065-18/09/2025,
18/09/2025,48424,48424-DDI00062,Ndevor Systems Ltd : Phorest Canada,11010 Accounts Receivable : Trade Debtors,CAD,1.0,401.15,10150 Bank : CIBC Current Account 9066314,Canada,CARDSUCCESS,DDCARD PAYMENT:MES258280841819961276,,2.0,nan,CPMT: 48424-DDI00062,CPMT: 48424-DDI00062-18/09/2025,
18/09/2025,58291,58291-DDI00037,Ndevor Systems Ltd : Phorest Canada,11010 Accounts Receivable : Trade Debtors,CAD,1.0,229.95,10150 Bank : CIBC Current Account 9066314,Canada,CARDSUCCESS,DDCARD PAYMENT:MES166887800541838185,,2.0,nan,CPMT: 58291-DDI00037,CPMT: 58291-DDI00037-18/09/2025,
18/09/2025,61730,61730-DDI00028,Ndevor Systems Ltd : Phorest Canada,11010 Accounts Receivable : Trade Debtors,CAD,1.0,252.53,10150 Bank : CIBC Current Account 9066314,Canada,CARDSUCCESS,DDCARD PAYMENT:MES464722918721514491,,2.0,nan,CPMT: 61730-DDI00028,CPMT: 61730-DDI00028-18/09/2025,
18/09/2025,98441,98441-TBN00002,Ndevor Systems Ltd : Phorest Canada,11010 Accounts Receivable : Trade Debtors,CAD,1.0,105.0,10150 Bank : CIBC Current Account 9066314,Canada,CARDSUCCESS,CARD PAYMENT : paysignupbycard,,2.0,nan,CPMT: 98441-TBN00002,CPMT: 98441-TBN00002-18/09/2025,
19/09/2025,98455,98455-TBN00001,Ndevor Systems Ltd : Phorest Canada,11010 Accounts Receivable : Trade Debtors,CAD,1.0,282.5,10150 Bank : CIBC Current Account 9066314,Canada,CARDSUCCESS,CARD PAYMENT : paysignupbycard,,2.0,nan,CPMT: 98455-TBN00001,CPMT: 98455-TBN00001-19/09/2025,
19/09/2025,32054,32054-DDI00084,Ndevor Systems Ltd : Phorest Canada,11010 Accounts Receivable : Trade Debtors,CAD,1.0,258.77,10150 Bank : CIBC Current Account 9066314,Canada,CARDSUCCESS,DDCARD PAYMENT:MES868432278505849219,,2.0,nan,CPMT: 32054-DDI00084,CPMT: 32054-DDI00084-19/09/2025,
19/09/2025,33807,33807-DDI00055,Ndevor Systems Ltd : Phorest Canada,11010 Accounts Receivable : Trade Debtors,CAD,1.0,125.03,10150 Bank : CIBC Current Account 9066314,Canada,CARDSUCCESS,DDCARD PAYMENT:MES542378631090567974,,2.0,nan,CPMT: 33807-DDI00055,CPMT: 33807-DDI00055-19/09/2025,
19/09/2025,50367,50367-DDI00027,Ndevor Systems Ltd : Phorest Canada,11010 Accounts Receivable : Trade Debtors,CAD,1.0,122.21,10150 Bank : CIBC Current Account 9066314,Canada,CARDSUCCESS,DDCARD PAYMENT:MES897968775840322408,,2.0,nan,CPMT: 50367-DDI00027,CPMT: 50367-DDI00027-19/09/2025,
19/09/2025,87081,87081-DDI00004,Ndevor Systems Ltd : Phorest Canada,11010 Accounts Receivable : Trade Debtors,CAD,1.0,257.75,10150 Bank : CIBC Current Account 9066314,Canada,CARDSUCCESS,DDCARD PAYMENT:MES752052908527522394,,2.0,nan,CPMT: 87081-DDI00004,CPMT: 87081-DDI00004-19/09/2025,
19/09/2025,61502,61502-DDI00029,Ndevor Systems Ltd : Phorest Canada,11010 Accounts Receivable : Trade Debtors,CAD,1.0,544.95,10150 Bank : CIBC Current Account 9066314,Canada,MANUAL,CASHBOOK,,2.0,nan,CPMT: 61502-DDI00029,CPMT: 61502-DDI00029-19/09/2025,
23/09/2025,98786,98786-TBN00001,Ndevor Systems Ltd : Phorest Canada,11010 Accounts Receivable : Trade Debtors,CAD,1.0,282.5,10150 Bank : CIBC Current Account 9066314,Canada,CARDSUCCESS,CARD PAYMENT : paysignupbycard,,2.0,nan,CPMT: 98786-TBN00001,CPMT: 98786-TBN00001-23/09/2025,
29/09/2025,99270,99270-TBN00001,Ndevor Systems Ltd : Phorest Canada,11010 Accounts Receivable : Trade Debtors,CAD,1.0,262.5,10150 Bank : CIBC Current Account 9066314,Canada,CARDSUCCESS,CARD PAYMENT : paysignupbycard,2.0,,ch_3SCjNBGNUfzD46Hm1LYIyCRi,CPMT: 99270-TBN00001,CPMT: 99270-TBN00001-29/09/2025,
29/09/2025,99291,99291-TBN00001,Ndevor Systems Ltd : Phorest Canada,11010 Accounts Receivable : Trade Debtors,CAD,1.0,113.0,10150 Bank : CIBC Current Account 9066314,Canada,CARDSUCCESS,CARD PAYMENT : paysignupbycard,2.0,,ch_3SCkoYGNUfzD46Hm1uYzqPry,CPMT: 99291-TBN00001,CPMT: 99291-TBN00001-29/09/2025,
29/09/2025,99289,99289-TBN00001,Ndevor Systems Ltd : Phorest Canada,11010 Accounts Receivable : Trade Debtors,CAD,1.0,282.5,10150 Bank : CIBC Current Account 9066314,Canada,CARDSUCCESS,CARD PAYMENT : paysignupbycard,2.0,,ch_3SCka7GNUfzD46Hm1HCcl57v,CPMT: 99289-TBN00001,CPMT: 99289-TBN00001-29/09/2025,
